# timestamp(s) tx ty tz qx qy qz qw Pr11 Pr12 Pr13 Pr22 Pr23 Pr33 Pt11 Pt12 Pt13 Pt22 Pt23 Pt33
1700030415.39969 0.057070 0.005994 0.021187 0.005830 0.007467 -0.999950 0.003289 0.0005675037 0.0000000192 -0.0000011145 0.0005675025 -0.0000013680 0.0006626113 0.8273148922 -0.0000001585 -0.0008893878 0.8273169239 -0.0000808483 0.2956200802
1700030415.46705 0.049035 0.014979 0.064101 0.009483 0.010154 -0.999894 0.004272 0.0002198870 -0.0000163360 -0.0000061361 0.0002382268 -0.0000064067 0.0006748530 0.1141221434 0.0391787729 0.0317390319 0.0910250675 0.0235275910 0.0758829888
1700030415.53442 -0.005640 -0.024291 0.051041 0.006166 0.008543 -0.999937 0.003795 0.0001926127 0.0000032694 0.0000052579 0.0002004837 -0.0000160278 0.0006298550 0.0643392410 0.0020235642 0.0021499073 0.0619733785 0.0012666144 0.0576240605
1700030415.60180 -0.047844 -0.070648 0.037827 0.009386 0.004198 -0.999940 0.003791 0.0001669964 -0.0000002430 0.0000220160 0.0001942948 -0.0000051162 0.0006020511 0.0614387625 0.0006018354 0.0009134270 0.0597677188 0.0003895516 0.0570038564
1700030415.66918 -0.072691 -0.077260 0.033964 0.012696 0.001298 -0.999902 0.005806 0.0001674816 0.0000004138 0.0000173938 0.0001917672 -0.0000038508 0.0005955138 0.0609022551 0.0004920908 0.0007860117 0.0595507457 0.0003047577 0.0569411918
1700030415.73656 -0.089106 -0.079652 0.032181 0.015067 -0.002408 -0.999859 0.006996 0.0001710001 0.0000008513 0.0000173826 0.0001975863 -0.0000011860 0.0006037345 0.0607819033 0.0004875151 0.0007739342 0.0594696473 0.0002945925 0.0569486727
1700030415.80396 -0.106918 -0.070416 0.033880 0.017340 -0.007787 -0.999781 0.008709 0.0001753699 0.0000012067 0.0000170339 0.0002037606 0.0000038120 0.0006127300 0.0607369926 0.0004914678 0.0007882932 0.0594478344 0.0002816708 0.0570310413
1700030415.87136 -0.114144 -0.059804 0.036342 0.005016 -0.015591 -0.999820 0.009581 0.0001683230 0.0000003428 0.0000243505 0.0001998146 0.0000065198 0.0006149178 0.0606718314 0.0004779134 0.0008256622 0.0593831683 0.0002848148 0.0569972873
1700030415.93877 -0.140321 -0.011720 0.021817 -0.003520 -0.021324 -0.999750 0.005677 0.0001663676 -0.0000002217 0.0000335421 0.0001876301 0.0000082809 0.0006112031 0.0604128339 0.0005392427 0.0007576377 0.0592140270 0.0003256738 0.0569271485
1700030416.00619 -0.180259 -0.026859 0.040631 -0.012169 -0.028497 -0.999519 0.001030 0.0001624185 0.0000035012 0.0000388135 0.0001865538 0.0000113113 0.0006130897 0.0603196576 0.0004841980 0.0007348587 0.0590392983 0.0003065326 0.0569218904
1700030416.07354 -0.260928 0.020594 0.061231 0.023689 0.031904 0.999196 0.005411 0.0001459998 -0.0000009483 0.0000329069 0.0001756078 0.0000138082 0.0005849690 0.0600008849 0.0005278919 0.0007207759 0.0586151602 0.0002936961 0.0569213735
1700030416.14036 -0.278776 0.021320 0.081738 0.008198 0.039139 0.999175 0.007079 0.0001451030 -0.0000023180 0.0000274471 0.0001759367 0.0000216660 0.0005763810 0.0599183773 0.0005497232 0.0007161422 0.0585525640 0.0002812246 0.0569483203
1700030416.20682 -0.293820 0.011402 0.108075 0.008681 0.036808 0.999246 0.008813 0.0001462440 -0.0000040720 0.0000270844 0.0001792819 0.0000201442 0.0005827317 0.0598539574 0.0005645008 0.0006911783 0.0585204693 0.0003151600 0.0569582477
1700030416.27327 -0.321939 0.008085 0.125062 0.006787 0.036173 0.999311 0.004847 0.0001490277 -0.0000041705 0.0000268190 0.0001840668 0.0000181025 0.0005900019 0.0598698132 0.0005552735 0.0006925248 0.0585459876 0.0003395299 0.0570441061
1700030416.33973 -0.352265 0.005222 0.143585 0.003104 0.035052 0.999378 0.002245 0.0001516980 -0.0000044475 0.0000244003 0.0001890144 0.0000166396 0.0005975809 0.0599735079 0.0005484937 0.0006859419 0.0586582222 0.0003784842 0.0572006686
1700030416.40617 -0.384628 0.001561 0.162838 0.004025 0.034625 0.999391 0.001693 0.0001549597 -0.0000046667 0.0000260801 0.0001941210 0.0000158680 0.0006047637 0.0601861974 0.0005404417 0.0006767366 0.0588789855 0.0004302296 0.0574532837
1700030416.47261 -0.515742 -0.016824 0.111820 -0.002463 0.025159 0.999673 0.003875 0.0001448922 -0.0000058611 0.0000257551 0.0001845307 0.0000125910 0.0006097084 0.0599195320 0.0005920161 0.0005000127 0.0584409619 0.0002467376 0.0572559257
1700030416.53905 -0.583125 -0.033875 0.104908 -0.009941 0.006042 0.999902 0.007838 0.0001439176 -0.0000070166 0.0000130734 0.0001864383 -0.0000031685 0.0006175467 0.0600402810 0.0006129413 0.0003628187 0.0585027732 0.0002067984 0.0573104825
1700030416.60548 -0.618265 -0.042689 0.088928 -0.003770 0.005731 0.999934 0.009266 0.0001456287 -0.0000081549 0.0000172388 0.0001903258 -0.0000077282 0.0006195724 0.0598726295 0.0006283845 0.0004838922 0.0585511875 0.0001694983 0.0572916207
1700030416.67191 -0.685470 -0.051240 0.080490 -0.011563 0.005360 0.999835 0.012920 0.0001484326 -0.0000088078 0.0000103972 0.0001953892 -0.0000081471 0.0006274931 0.0600854534 0.0006402699 0.0004192803 0.0586436280 0.0001291468 0.0574749185
1700030416.73833 -0.769076 -0.086246 0.099872 -0.019004 -0.001392 0.999589 0.021404 0.0001455824 -0.0000127104 0.0000024666 0.0001839441 -0.0000113054 0.0006329844 0.0601032137 0.0006528606 0.0006867440 0.0586756817 0.0001718569 0.0572998594
1700030416.80475 -0.839667 -0.101587 0.104277 -0.015306 -0.000119 0.999574 0.024848 0.0001490184 -0.0000136899 0.0000054159 0.0001886733 -0.0000123603 0.0006405711 0.0603044684 0.0006831069 0.0008231200 0.0588128142 0.0001469412 0.0574714080
1700030416.87116 -0.908109 -0.116234 0.112571 -0.010899 0.017196 0.999501 0.024149 0.0001522984 -0.0000138920 0.0000104952 0.0001934884 0.0000031025 0.0006485610 0.0606348565 0.0007439422 0.0010197880 0.0590315741 0.0001281223 0.0577400655
1700030416.93757 -0.980255 -0.135622 0.112505 -0.020661 0.027737 0.999018 0.027673 0.0001555476 -0.0000147385 0.0000015000 0.0001987865 0.0000119105 0.0006564158 0.0611149482 0.0008241922 0.0012728252 0.0593689128 0.0001095597 0.0581317522
1700030417.00398 -1.050914 -0.160350 0.112457 -0.017122 0.026854 0.999148 0.026241 0.0001588643 -0.0000150515 0.0000057483 0.0002041490 0.0000108604 0.0006644590 0.0617766562 0.0009251229 0.0015871948 0.0598494248 0.0000921130 0.0586708461
1700030417.07038 -1.127849 -0.186162 0.109659 -0.023372 0.025465 0.999139 0.022939 0.0001620345 -0.0000154253 0.0000000582 0.0002097138 0.0000087533 0.0006727748 0.0626593393 0.0010503608 0.0019648111 0.0605148508 0.0000771675 0.0593843967
1700030417.13671 -1.209149 -0.215382 0.105586 -0.029880 0.017994 0.999192 0.019979 0.0001654421 -0.0000157195 -0.0000060527 0.0002152946 0.0000009915 0.0006811472 0.0638023960 0.0012006470 0.0024099839 0.0613982618 0.0000655798 0.0602973500
1700030417.20390 -1.328744 -0.159423 0.067077 -0.024777 0.010487 0.999379 0.022751 0.0001547731 -0.0000223514 -0.0000006946 0.0002165239 -0.0000091193 0.0006892174 0.0647697190 0.0023806764 0.0023214975 0.0602198405 0.0013228825 0.0606756151
1700030417.27109 -1.406628 -0.165993 0.070523 -0.012838 0.012287 0.999476 0.027036 0.0001588073 -0.0000236329 0.0000113531 0.0002218343 -0.0000047923 0.0006977625 0.0663596508 0.0030474779 0.0027009928 0.0607438075 0.0017954377 0.0618571734
1700030417.33828 -1.491188 -0.175033 0.064813 -0.017720 0.009337 0.999295 0.031769 0.0001626389 -0.0000249519 0.0000068734 0.0002273693 -0.0000083211 0.0007066178 0.0683302061 0.0037898808 0.0031476754 0.0613448125 0.0023420704 0.0633014902
1700030417.40548 -1.578740 -0.182636 0.057947 -0.019990 0.002168 0.999108 0.037128 0.0001667704 -0.0000264469 0.0000052003 0.0002331930 -0.0000157447 0.0007152114 0.0707151101 0.0046571730 0.0036492633 0.0621193276 0.0029758336 0.0650270116
1700030417.47269 -1.633798 -0.139164 0.145240 -0.020714 0.008883 0.998933 0.040321 0.0001615530 -0.0000243214 0.0000012875 0.0002371360 -0.0000108123 0.0007240235 0.0725147355 0.0043116314 0.0015875175 0.0613491076 0.0002108096 0.0598461280
1700030417.53990 -1.670349 -0.106125 0.162357 -0.013502 0.019995 0.998859 0.041222 0.0001618506 -0.0000228970 0.0000093621 0.0002412744 0.0000004915 0.0007330666 0.0754256484 0.0049132436 0.0015991680 0.0616266752 -0.0001133707 0.0602761899
1700030417.60711 -1.697432 -0.079920 0.176057 -0.022634 0.029886 0.998478 0.040450 0.0001545979 -0.0000034605 -0.0000035151 0.0001998286 0.0000176160 0.0007405409 0.0651083140 0.0011626802 0.0022838168 0.0604904715 0.0000456021 0.0600815037
1700030417.67433 -1.798879 -0.081071 0.105895 -0.026945 0.032612 0.998410 0.037247 0.0001514316 -0.0000084132 -0.0000038425 0.0001797263 0.0000198438 0.0006666075 0.0630801650 0.0009013032 0.0014323233 0.0599408603 0.0001523821 0.0582960900
1700030417.74155 -1.872018 -0.083063 0.100323 -0.034855 0.024576 0.998498 0.034380 0.0001507239 -0.0000074661 -0.0000137454 0.0001683474 0.0000148736 0.0006305551 0.0624093671 0.0009226657 0.0012920619 0.0600792603 0.0001948461 0.0581899010
1700030417.80878 -1.946178 -0.095438 0.072920 -0.027435 0.018519 0.998829 0.035286 0.0001522283 -0.0000073635 -0.0000132404 0.0001638338 0.0000047888 0.0006214678 0.0621998593 0.0008891086 0.0012797542 0.0601883086 0.0001660475 0.0581800657
1700030417.87601 -2.019162 -0.097609 0.080571 -0.022130 0.006808 0.998860 0.041734 0.0001555573 -0.0000076906 -0.0000038154 0.0001675267 -0.0000068011 0.0006277095 0.0623071680 0.0008461027 0.0013271239 0.0603349448 0.0001383615 0.0582786034
1700030417.94325 -2.088054 -0.101591 0.081190 -0.015503 0.010173 0.998737 0.046687 0.0001581147 -0.0000086552 0.0000023871 0.0001701308 -0.0000029678 0.0006336872 0.0624546488 0.0008048227 0.0013898466 0.0605409616 0.0000907009 0.0583146576
1700030418.01049 -2.164502 -0.104553 0.075638 -0.019867 0.005654 0.998497 0.050756 0.0001617583 -0.0000090502 -0.0000008221 0.0001741570 -0.0000082235 0.0006396850 0.0627046867 0.0007443852 0.0014967548 0.0608488119 0.0000313464 0.0584607974
1700030418.07774 -2.236610 -0.118358 0.082784 -0.022411 0.007019 0.998200 0.055183 0.0001619684 -0.0000099263 -0.0000045735 0.0001780223 -0.0000067730 0.0006450820 0.0630069932 0.0008078076 0.0015245525 0.0610521074 0.0001787040 0.0584899483
1700030418.14499 -2.314762 -0.116908 0.084884 -0.017026 0.016151 0.997955 0.059451 0.0001560986 -0.0000098746 -0.0000017686 0.0001819218 0.0000010460 0.0006506927 0.0634908530 0.0007134978 0.0016252861 0.0610731009 0.0000823569 0.0586320598
1700030418.21192 -2.393194 -0.122495 0.090003 -0.024526 0.024444 0.997519 0.061293 0.0001597551 -0.0000104340 -0.0000091364 0.0001862583 0.0000079584 0.0006566612 0.0641707862 0.0006601394 0.0017646695 0.0613439191 0.0000516421 0.0588921163
1700030418.27902 -2.468509 -0.133818 0.096723 -0.023412 0.020868 0.997919 0.056346 0.0001629931 -0.0000104010 -0.0000075570 0.0001907335 0.0000042805 0.0006631687 0.0650813821 0.0005926996 0.0019326619 0.0616930065 0.0000120367 0.0592653144
1700030418.34611 -2.546780 -0.144435 0.096151 -0.026760 0.019036 0.997973 0.054518 0.0001665886 -0.0000105997 -0.0000104943 0.0001952314 0.0000019106 0.0006695294 0.0662612725 0.0005189307 0.0021292095 0.0621665562 -0.0000358198 0.0597781502
1700030418.41322 -2.616712 -0.169891 0.133645 -0.030322 0.010274 0.998075 0.053109 0.0001580739 -0.0000149559 -0.0000161209 0.0001983492 -0.0000075501 0.0006752859 0.0674718570 0.0008964101 0.0019813116 0.0618904362 0.0001267556 0.0588598631
1700030418.48032 -2.675912 -0.179070 0.146240 -0.024425 0.007889 0.998245 0.053373 0.0001589302 -0.0000161748 -0.0000106319 0.0002004073 -0.0000124848 0.0006807914 0.0690634390 0.0010694264 0.0021978932 0.0619997348 0.0001550310 0.0588439690
1700030418.54743 -2.926519 -0.204741 0.123999 -0.022483 0.006947 0.998113 0.056723 0.0001573827 -0.0000106744 -0.0000016427 0.0001855433 -0.0000051934 0.0006869813 0.0658829555 0.0007925214 0.0015603546 0.0620818972 0.0000906852 0.0587754609
1700030418.61454 -3.022955 -0.216871 0.121468 -0.024363 0.004625 0.997720 0.062763 0.0001612883 -0.0000112415 -0.0000094050 0.0001896759 -0.0000110299 0.0006933462 0.0668202150 0.0007342430 0.0014880079 0.0629178831 0.0000588695 0.0589268711
1700030418.68165 -3.123141 -0.227203 0.113548 -0.027127 0.001138 0.997414 0.066546 0.0001650362 -0.0000116540 -0.0000117366 0.0001940549 -0.0000151510 0.0006998334 0.0679564188 0.0007506422 0.0014310327 0.0633084512 0.0000308574 0.0591096896
1700030418.74877 -3.226662 -0.230532 0.106007 -0.029920 0.009381 0.997014 0.070566 0.0001689186 -0.0000123518 -0.0000146948 0.0001979460 -0.0000074575 0.0007068858 0.0693449952 0.0007809570 0.0013680870 0.0638107844 -0.0000034274 0.0593979643
1700030418.81589 -3.327887 -0.238155 0.107544 -0.029838 0.017361 0.996769 0.072527 0.0001726161 -0.0000130224 -0.0000146484 0.0002022514 0.0000002937 0.0007139221 0.0710360589 0.0008088900 0.0013017991 0.0644373156 -0.0000450953 0.0598163687
1700030418.88301 -3.428177 -0.249059 0.111080 -0.033327 0.024013 0.996505 0.072731 0.0001765266 -0.0000136041 -0.0000184347 0.0002069116 0.0000063633 0.0007205972 0.0730759866 0.0008361324 0.0012319036 0.0652281557 -0.0000941100 0.0603913475
1700030418.95013 -3.529967 -0.261983 0.107913 -0.033642 0.026165 0.996563 0.071037 0.0001801727 -0.0000139183 -0.0000185743 0.0002117222 0.0000081690 0.0007276066 0.0755082387 0.0008647220 0.0011581997 0.0662281543 -0.0001505223 0.0611502407
1700030419.01726 -3.636744 -0.278471 0.097774 -0.038312 0.019562 0.996541 0.071097 0.0001843087 -0.0000140364 -0.0000230290 0.0002163150 0.0000005098 0.0007345647 0.0783805421 0.0008910492 0.0010833799 0.0674869167 -0.0002140780 0.0621216448
1700030419.08440 -3.760037 -0.235012 0.090758 -0.037457 0.020622 0.996548 0.071157 0.0001673881 -0.0000205360 -0.0000253603 0.0002188649 -0.0000025007 0.0007410114 0.0814118746 0.0016339182 0.0011485051 0.0662403487 0.0002157141 0.0627970933
1700030419.15153 -3.857557 -0.233006 0.096908 -0.028033 0.015662 0.996582 0.076120 0.0001705093 -0.0000214627 -0.0000147500 0.0002233760 -0.0000044577 0.0007490333 0.0852071048 0.0021058071 0.0011143718 0.0668862425 0.0003407380 0.0640598045
1700030419.21899 -3.930210 -0.227934 0.066804 -0.025248 0.014094 0.996288 0.081080 0.0001653591 -0.0000056572 -0.0000138504 0.0001961593 -0.0000023777 0.0007560439 0.0760933650 0.0001045895 0.0007131103 0.0671021448 0.0000993681 0.0622080279
1700030419.28521 -4.030271 -0.222537 0.054237 -0.026386 0.011287 0.996102 0.083408 0.0001688257 -0.0000058980 -0.0000138941 0.0002004071 -0.0000057103 0.0007633537 0.0778585370 -0.0002484099 0.0006281253 0.0675663402 0.0001422411 0.0628841106
1700030419.35142 -4.134601 -0.210027 0.039300 -0.032003 0.018820 0.995510 0.087071 0.0001727954 -0.0000065210 -0.0000209086 0.0002045857 0.0000017997 0.0007704199 0.0799000138 -0.0006757371 0.0005550202 0.0682706490 0.0001920980 0.0637201752
1700030419.41763 -4.257598 -0.160769 -0.001697 -0.030872 0.027976 0.995088 0.089801 0.0001651945 -0.0000115840 -0.0000227245 0.0001948047 0.0000096589 0.0007765585 0.0763376897 0.0002236415 0.0024496446 0.0683794766 0.0000183017 0.0620002188
1700030419.48383 -4.455058 -0.123759 -0.046366 -0.036900 0.035822 0.994638 0.089727 0.0001666429 -0.0000124755 -0.0000292849 0.0001957649 0.0000218903 0.0007822500 0.0761774064 0.0005016124 0.0025814658 0.0689465353 0.0000647976 0.0620133289
1700030419.55002 -4.609633 -0.077055 -0.053515 -0.038091 0.039896 0.994671 0.087103 0.0001662826 -0.0000082989 -0.0000321202 0.0001894872 0.0000282914 0.0007884724 0.0747342629 0.0005964058 0.0021563631 0.0699402457 -0.0000051364 0.0619567465
1700030419.61620 -4.712636 -0.061406 -0.074226 -0.040450 0.035687 0.994669 0.087881 0.0001677768 -0.0000083520 -0.0000382136 0.0001923955 0.0000242231 0.0007956201 0.0754148429 0.0005603698 0.0024221376 0.0708358865 -0.0000661288 0.0622374304
1700030419.68237 -4.825475 -0.043634 -0.089947 -0.038773 0.029897 0.994935 0.087796 0.0001682828 -0.0000073897 -0.0000361273 0.0001950770 0.0000176752 0.0008037290 0.0760710430 0.0003700482 0.0026507714 0.0714237913 -0.0001883549 0.0624667273
1700030419.74853 -4.958354 -0.012189 -0.131371 -0.036628 0.020317 0.995025 0.090391 0.0001709248 -0.0000070522 -0.0000319245 0.0001985473 0.0000043813 0.0008124808 0.0770413492 0.0001865315 0.0028660481 0.0720708693 -0.0002285831 0.0626012480
1700030419.81469 -5.068567 0.016888 -0.148963 -0.026614 0.018671 0.994819 0.096325 0.0001734355 -0.0000074642 -0.0000189227 0.0002025205 0.0000040024 0.0008214038 0.0783266572 -0.0000048200 0.0032299191 0.0729834489 -0.0003121851 0.0629846069
1700030419.88084 -5.183842 0.046838 -0.175842 -0.027157 0.014424 0.994522 0.099906 0.0001769658 -0.0000076991 -0.0000188942 0.0002065848 -0.0000016104 0.0008293988 0.0798627616 -0.0002739116 0.0036610970 0.0739135948 -0.0004050089 0.0634622774
1700030419.94698 -5.303641 0.082956 -0.208138 -0.030437 0.017185 0.994167 0.102033 0.0001807903 -0.0000081074 -0.0000232679 0.0002107705 0.0000010536 0.0008371608 0.0816903436 -0.0005724243 0.0041499197 0.0750192272 -0.0005079338 0.0640788002
1700030420.01311 -5.448982 0.145237 -0.181034 -0.035558 0.024186 0.993461 0.105765 0.0001704466 -0.0000060393 -0.0000327088 0.0002115977 0.0000093088 0.0008434156 0.0835369340 -0.0010641285 0.0050905998 0.0756823141 -0.0008721824 0.0640493014
1700030420.07924 -5.579684 0.194952 -0.212800 -0.044598 0.038711 0.992673 0.105419 0.0001751934 -0.0000075609 -0.0000492158 0.0002167512 0.0000268761 0.0008485054 0.0859422474 -0.0015330141 0.0059872371 0.0768951921 -0.0010880882 0.0645047284
1700030420.14535 -5.700015 0.233528 -0.228190 -0.042013 0.040322 0.993160 0.101205 0.0001779033 -0.0000072884 -0.0000455108 0.0002213804 0.0000290313 0.0008570662 0.0887202069 -0.0021279438 0.0069454274 0.0781045278 -0.0013378673 0.0650629667
1700030420.21142 -5.824344 0.271320 -0.252110 -0.046207 0.037481 0.993118 0.100879 0.0001820146 -0.0000072708 -0.0000508228 0.0002254260 0.0000246149 0.0008649862 0.0919372741 -0.0028638623 0.0080381756 0.0794385678 -0.0016187082 0.0657289957
1700030420.27764 -5.952805 0.307897 -0.279708 -0.050654 0.032895 0.993165 0.099879 0.0001862661 -0.0000069362 -0.0000563062 0.0002294841 0.0000179132 0.0008729725 0.0956444913 -0.0037147598 0.0092666494 0.0809796557 -0.0019318187 0.0665399696
1700030420.34385 -6.072665 0.350060 -0.295044 -0.046681 0.026231 0.993154 0.103812 0.0001888352 -0.0000066245 -0.0000499315 0.0002335786 0.0000094860 0.0008827948 0.0999073018 -0.0046691174 0.0106414056 0.0826625310 -0.0022763589 0.0675025357
1700030420.41005 -6.187570 0.395991 -0.305955 -0.033313 0.027440 0.993077 0.109249 0.0001903278 -0.0000071327 -0.0000313580 0.0002381596 0.0000127128 0.0008933986 0.1047778925 -0.0057352920 0.0121625439 0.0845495254 -0.0026545143 0.0686462940
1700030420.47625 -6.308717 0.441738 -0.326720 -0.034359 0.023836 0.992713 0.113012 0.0001940784 -0.0000074123 -0.0000321582 0.0002425499 0.0000075102 0.0009021156 0.1102907057 -0.0069233389 0.0138308348 0.0867658683 -0.0030698618 0.0700150764
1700030420.54243 -6.433538 0.492896 -0.353573 -0.035974 0.024325 0.992348 0.115587 0.0001979843 -0.0000078406 -0.0000343683 0.0002471887 0.0000075668 0.0009106080 0.1165092705 -0.0082175448 0.0156559254 0.0893309647 -0.0035249599 0.0716343618
1700030420.60861 -6.539928 0.543998 -0.285453 -0.037265 0.027224 0.991697 0.120028 0.0001764123 0.0000004207 -0.0000435955 0.0002462561 0.0000151004 0.0009168988 0.1210583704 -0.0119339113 0.0168810468 0.0896247003 -0.0052919308 0.0698391584
1700030420.67478 -6.693326 0.621507 -0.327641 -0.042261 0.040659 0.990930 0.120908 0.0001792549 -0.0000004188 -0.0000539648 0.0002515251 0.0000304326 0.0009228993 0.1282336673 -0.0146067005 0.0192038818 0.0914473451 -0.0060337771 0.0705037175
1700030420.74094 -6.853346 0.657932 -0.343713 -0.039609 0.040250 0.991390 0.118142 0.0001777360 -0.0000042448 -0.0000469730 0.0002446350 0.0000346930 0.0009314868 0.1246627750 -0.0124711964 0.0176589710 0.0919220533 -0.0053001273 0.0701459480
1700030420.80710 -6.980960 0.702445 -0.364299 -0.041538 0.036858 0.991485 0.117788 0.0001813642 -0.0000037841 -0.0000501531 0.0002486074 0.0000276652 0.0009406646 0.1317037030 -0.0147200041 0.0197467193 0.0943789968 -0.0060318669 0.0711125565
1700030420.87324 -7.113527 0.745426 -0.389493 -0.045048 0.029124 0.991499 0.118544 0.0001851839 -0.0000032085 -0.0000541470 0.0002525362 0.0000161574 0.0009498735 0.1395304560 -0.0171772265 0.0219873532 0.0967171112 -0.0067988017 0.0721539748
1700030420.93938 -7.214162 0.750166 -0.427602 -0.042221 0.021262 0.991526 0.121000 0.0001814731 -0.0000043158 -0.0000520407 0.0002562901 0.0000086325 0.0009587050 0.1480230927 -0.0195909665 0.0246400997 0.0987961582 -0.0079036217 0.0730568136
1700030421.00551 -7.510847 0.808630 -0.490234 -0.033739 0.011097 0.991143 0.127958 0.0001743727 0.0000002154 -0.0000336080 0.0002543371 -0.0000000671 0.0009686621 0.1531101215 -0.0216632613 0.0257022212 0.1004600746 -0.0084148708 0.0733508386
1700030421.07163 -7.653032 0.836845 -0.516208 -0.032690 0.007952 0.990662 0.132122 0.0001778213 -0.0000001993 -0.0000370768 0.0002591694 -0.0000105830 0.0009774198 0.1626476422 -0.0246597172 0.0286174462 0.1051470969 -0.0096595191 0.0749655818
1700030421.13774 -7.798278 0.867755 -0.548415 -0.032156 0.006988 0.990551 0.133142 0.0001808995 -0.0000002747 -0.0000360016 0.0002639489 -0.0000121275 0.0009867660 0.1732279591 -0.0282424932 0.0315061519 0.1082451613 -0.0108901568 0.0762892224
1700030421.20381 -8.009233 0.941112 -0.615271 -0.038340 0.018134 0.989897 0.135294 0.0001797036 -0.0000051659 -0.0000482818 0.0002643300 0.0000004709 0.0009948310 0.1793848099 -0.0292544102 0.0322236639 0.1100207873 -0.0107072829 0.0762333612
1700030421.27003 -8.289404 1.032311 -0.648411 -0.039191 0.018901 0.989232 0.139737 0.0001741071 -0.0000100590 -0.0000484643 0.0002582839 0.0000011854 0.0010035728 0.1812687563 -0.0283583909 0.0338131967 0.1119481988 -0.0108654959 0.0770597056
1700030421.33624 -8.940618 1.250728 -0.815742 -0.049104 0.029998 0.988614 0.139038 0.0001782194 -0.0000080353 -0.0000614878 0.0002368283 0.0000227184 0.0010095360 0.1585667788 -0.0191267893 0.0269449404 0.1123654681 -0.0083012751 0.0755193918
1700030421.40244 -9.577855 1.450747 -0.983053 -0.051740 0.034873 0.988596 0.137057 0.0001802878 -0.0000078884 -0.0000704780 0.0002216783 0.0000361097 0.0010084652 0.1384951666 -0.0088000369 0.0197339369 0.1178706019 -0.0055135659 0.0743485832
1700030421.46863 -9.805331 1.508163 -1.024215 -0.058866 0.028034 0.988484 0.136560 0.0001866454 -0.0000073876 -0.0000879986 0.0002246866 0.0000234672 0.0010156092 0.1441620277 -0.0078251002 0.0215519103 0.1279365712 -0.0060432607 0.0766494123
1700030421.53482 -10.034654 1.567900 -1.063921 -0.059455 0.026236 0.988861 0.133909 0.0001897980 -0.0000069030 -0.0000887953 0.0002286023 0.0000207072 0.0010252069 0.1500757368 -0.0087389821 0.0234170209 0.1319235420 -0.0065348901 0.0778683451
1700030421.60099 -10.258037 1.631789 -1.091768 -0.059596 0.015271 0.988397 0.138875 0.0001925598 -0.0000055093 -0.0000868798 0.0002320345 0.0000028052 0.0010358377 0.1565955323 -0.0097625831 0.0254642909 0.1360463169 -0.0070629938 0.0792237926
1700030421.66716 -10.481403 1.700299 -1.122413 -0.054673 0.016210 0.987767 0.145136 0.0001942807 -0.0000063627 -0.0000789977 0.0002360305 0.0000049897 0.0010471061 0.1637585891 -0.0108751119 0.0276847043 0.1404314181 -0.0076258993 0.0807583148
1700030421.73332 -10.711829 1.769761 -1.163957 -0.060412 0.012523 0.987104 0.147710 0.0001992628 -0.0000059607 -0.0000880316 0.0002400907 -0.0000026740 0.0010551935 0.1715890746 -0.0120896032 0.0300782964 0.1452323581 -0.0082254268 0.0825175239
1700030421.79948 -10.948679 1.876046 -1.180572 -0.069288 0.019252 0.986103 0.149762 0.0002031147 -0.0000079334 -0.0001051584 0.0002439763 0.0000036927 0.0010612107 0.1801745394 -0.0133450575 0.0326875423 0.1499019606 -0.0094149056 0.0839783654
1700030421.86562 -11.121151 2.009405 -1.229551 -0.062336 0.022942 0.985891 0.153647 0.0001873500 -0.0000052200 -0.0001043468 0.0002451913 0.0000079923 0.0010700357 0.1889321845 -0.0150341315 0.0361398624 0.1543819662 -0.0104743826 0.0853732862
1700030421.93176 -11.457005 2.145442 -1.315060 -0.068341 0.034090 0.985408 0.152116 0.0001920455 -0.0000080170 -0.0001133718 0.0002495630 0.0000320567 0.0010765648 0.1974314081 -0.0157432527 0.0385135712 0.1579657092 -0.0111129985 0.0865701915
1700030421.99789 -11.689550 2.240390 -1.354980 -0.065577 0.036317 0.986047 0.148632 0.0001944829 -0.0000080471 -0.0001117459 0.0002542455 0.0000367342 0.0010867025 0.2082347824 -0.0168558953 0.0420440261 0.1653774009 -0.0121799919 0.0889716355
1700030422.06401 -11.951949 2.356501 -1.386785 -0.069124 0.031517 0.986157 0.147388 0.0001968907 -0.0000079390 -0.0001169820 0.0002567452 0.0000255831 0.0010959410 0.2196347137 -0.0186630891 0.0459103913 0.1708867131 -0.0134539079 0.0909844153
1700030422.13012 -12.207032 2.460803 -1.431142 -0.062032 0.025534 0.986993 0.146101 0.0001963721 -0.0000057357 -0.0001042726 0.0002574501 0.0000193985 0.0011095888 0.2290267929 -0.0195503139 0.0488011179 0.1770198449 -0.0144798729 0.0927138731
1700030422.19619 -12.444318 2.567546 -1.461196 -0.059569 0.016404 0.986790 0.149761 0.0001960654 -0.0000037154 -0.0000981416 0.0002610192 0.0000041570 0.0011217046 0.2422203619 -0.0218320230 0.0531947247 0.1833355397 -0.0158188411 0.0950358175
1700030422.26240 -12.862788 2.703972 -1.594715 -0.052885 0.016156 0.986279 0.155552 0.0001948286 -0.0000027289 -0.0000814365 0.0002601521 0.0000051385 0.0011346334 0.2496199863 -0.0232183946 0.0540880873 0.1895799014 -0.0167180354 0.0951949840
1700030422.32861 -13.115894 2.816171 -1.644502 -0.053031 0.013955 0.985766 0.158930 0.0001986712 -0.0000025829 -0.0000857835 0.0002644210 -0.0000003195 0.0011443492 0.2639241685 -0.0248412943 0.0586731765 0.2008085931 -0.0183758674 0.0983857244
1700030422.39481 -13.460079 2.968726 -1.723032 -0.053462 0.018461 0.985253 0.161488 0.0002011631 -0.0000057245 -0.0000861651 0.0002615101 0.0000049268 0.0011545167 0.2718961181 -0.0246688366 0.0611019440 0.2074259483 -0.0191939078 0.1002593957
1700030422.46101 -13.837369 3.127516 -1.788716 -0.055413 0.023117 0.984269 0.166162 0.0001910462 -0.0000026409 -0.0000957405 0.0002438079 0.0000146714 0.0011620557 0.2568954030 -0.0178131703 0.0547706518 0.2142638532 -0.0177619234 0.0990087958
1700030422.52719 -14.297781 3.236377 -1.861436 -0.064981 0.033183 0.983156 0.167574 0.0001932390 -0.0000032918 -0.0001179274 0.0002428411 0.0000374643 0.0011659362 0.2579596230 -0.0154866530 0.0547673356 0.2235801663 -0.0179380409 0.1001017823
1700030422.59337 -14.065322 3.105799 -1.664678 -0.054045 0.039379 0.984545 0.161862 0.0001918086 -0.0000020890 -0.0001141501 0.0002419134 0.0000474264 0.0011746918 0.2593981394 -0.0123126877 0.0543463949 0.2349334945 -0.0175227025 0.1010926936
1700030422.65954 -14.247930 3.181011 -1.644132 -0.057924 0.034642 0.984395 0.162517 0.0001925088 -0.0000004765 -0.0001148171 0.0002424675 0.0000405652 0.0011852695 0.2645010247 -0.0179171225 0.0550802084 0.2291686689 -0.0179106616 0.0992571752
1700030422.72570 -14.524495 3.278850 -1.670351 -0.067048 0.028743 0.984303 0.160704 0.0001987803 0.0000012790 -0.0001290639 0.0002452398 0.0000250567 0.0011937176 0.2771409186 -0.0211354979 0.0588575340 0.2354268348 -0.0193484941 0.1009476946
1700030422.79185 -15.100643 3.438278 -1.830876 -0.066781 0.019662 0.983994 0.164040 0.0001900975 0.0000012259 -0.0001221293 0.0002157961 0.0000120935 0.0012061161 0.2273567844 -0.0025008728 0.0369287462 0.2366760724 -0.0122039937 0.0923690616
1700030422.85800 -15.399712 3.538054 -1.856144 -0.053106 0.017795 0.983965 0.169339 0.0001878721 0.0000013647 -0.0001010613 0.0002185936 0.0000053185 0.0012217885 0.2333141648 -0.0001165051 0.0377641460 0.2535403993 -0.0126743805 0.0947007289
1700030422.92414 -15.696072 3.636629 -1.886236 -0.053973 0.017283 0.983111 0.174016 0.0001910034 0.0000012157 -0.0001032682 0.0002220887 0.0000035039 0.0012324178 0.2409782759 -0.0004278058 0.0395088109 0.2631832698 -0.0134326042 0.0963644245
1700030422.99027 -15.998130 3.738959 -1.923154 -0.056600 0.015877 0.982462 0.176952 0.0001948193 0.0000014378 -0.0001086064 0.0002256057 -0.0000005821 0.0012424687 0.2492051401 -0.0008976269 0.0413796082 0.2730628388 -0.0142366515 0.0981744270
1700030423.05639 -16.335492 3.876929 -1.964609 -0.057060 0.020452 0.981616 0.180987 0.0001957686 -0.0000011452 -0.0001119898 0.0002275835 0.0000052794 0.0012526960 0.2562652266 -0.0001292009 0.0436198932 0.2825053435 -0.0152221178 0.1001087812
1700030423.12250 -16.609993 4.034915 -2.057249 -0.058870 0.034233 0.980529 0.184186 0.0001948830 -0.0000049408 -0.0001234751 0.0002314122 0.0000297390 0.0012598556 0.2653768715 0.0007464332 0.0462625176 0.2926969158 -0.0161295470 0.1021101390
1700030423.18857 -16.911771 4.150103 -2.098237 -0.058468 0.034508 0.980973 0.181886 0.0001970688 -0.0000053069 -0.0001213812 0.0002353510 0.0000353348 0.0012713119 0.2758375220 0.0010340217 0.0487653429 0.3020509964 -0.0171833658 0.1042226158
1700030423.25479 -17.218689 4.266325 -2.147100 -0.058259 0.033549 0.981230 0.180745 0.0001997101 -0.0000049134 -0.0001211050 0.0002388674 0.0000336237 0.0012829247 0.2867395266 0.0005158526 0.0515928030 0.3130023589 -0.0184245728 0.1065994278
1700030423.32100 -17.533430 4.381360 -2.202177 -0.062052 0.024665 0.981307 0.180492 0.0002036303 -0.0000026655 -0.0001263580 0.0002416348 0.0000137744 0.0012941482 0.2984233955 -0.0001535257 0.0546119486 0.3246525982 -0.0197716035 0.1092201089
1700030423.38720 -17.845571 4.501363 -2.248613 -0.061316 0.019925 0.981333 0.181189 0.0002057371 -0.0000015461 -0.0001234516 0.0002451731 0.0000040391 0.0013065573 0.3110482700 -0.0009560212 0.0578611266 0.3366960160 -0.0212375021 0.1120750689
1700030423.45340 -18.151215 4.624538 -2.286654 -0.050245 0.016328 0.981383 0.184649 0.0002035351 -0.0000014478 -0.0000982101 0.0002488804 0.0000004819 0.0013232457 0.3246678138 -0.0019537458 0.0613415865 0.3490298789 -0.0228239912 0.1151666017
1700030423.51958 -18.431657 4.759525 -2.365181 -0.043903 0.014300 0.980666 0.190163 0.0002025302 -0.0000006635 -0.0000861660 0.0002519731 -0.0000032005 0.0013362815 0.3388763098 -0.0032410925 0.0655093925 0.3620312368 -0.0243662796 0.1180386659
1700030423.58576 -18.744242 4.891875 -2.422868 -0.043506 0.012172 0.980191 0.192834 0.0002050044 -0.0000006786 -0.0000833596 0.0002557728 -0.0000056297 0.0013484294 0.3544864353 -0.0044191897 0.0694409608 0.3745786543 -0.0260034308 0.1214261112
1700030423.63992 -19.029427 5.026338 -2.465109 -0.043660 0.018414 0.979600 0.195292 0.0002061939 -0.0000033373 -0.0000867842 0.0002575094 0.0000055581 0.0013570999 0.3669313454 -0.0045612007 0.0732924002 0.3856715629 -0.0277152955 0.1244941201
1700030423.70605 -19.304210 5.178818 -2.517462 -0.041405 0.023465 0.978446 0.200946 0.0001943103 0.0000023046 -0.0000971059 0.0002567134 0.0000198572 0.0013613020 0.3794037436 -0.0053412473 0.0794853629 0.4014425183 -0.0299598142 0.1283071943
1700030423.77218 -19.557937 5.377680 -2.393509 -0.045391 0.028459 0.975454 0.213589 0.0001919476 -0.0000009222 -0.0001110054 0.0002567348 0.0000242748 0.0013683491 0.3860884139 -0.0036158102 0.0808939503 0.4124893212 -0.0315556148 0.1286666769
1700030423.83829 -19.783998 5.489601 -2.350250 -0.038557 0.032578 0.974293 0.219555 0.0001861095 -0.0000005560 -0.0001033562 0.0002566447 0.0000438931 0.0013800094 0.3932054855 -0.0023295355 0.0820068827 0.4238071798 -0.0330554608 0.1297235972
1700030423.90440 -19.890168 5.544283 -2.271960 -0.043835 0.023730 0.974481 0.218865 0.0001900039 0.0000029413 -0.0001148829 0.0002251806 0.0000233902 0.0013909981 0.3369646169 0.0229361590 0.0554016719 0.4244452260 -0.0229655868 0.1186092794
1700030423.97050 -20.131163 5.354113 -2.038713 -0.037911 0.008749 0.976154 0.213562 0.0001625609 0.0000145054 -0.0001031817 0.0001748865 0.0000019681 0.0013123164 0.2925638822 0.0327009236 0.0371737219 0.4067254413 -0.0166552198 0.1065489157
1700030424.03660 -20.115007 5.452846 -1.917857 -0.034113 0.000191 0.974126 0.223417 0.0001532808 0.0000113164 -0.0000783132 0.0001611225 -0.0000115632 0.0012190367 0.2622226564 0.0411139088 0.0270147218 0.3882661669 -0.0089699196 0.1021847168
1700030424.10268 -20.304011 5.566213 -1.794122 -0.021095 0.009410 0.972832 0.230357 0.0001446536 0.0000066723 -0.0000595436 0.0001518329 -0.0000037361 0.0010785321 0.2453340319 0.0385627800 0.0231865999 0.3648531246 -0.0078254246 0.1004772471
1700030424.16876 -20.453740 5.738167 -1.753565 -0.023830 0.010435 0.970911 0.238023 0.0001440782 0.0000076759 -0.0000629168 0.0001503971 0.0000028642 0.0010387729 0.2445526090 0.0384299434 0.0229943468 0.3640420590 -0.0079480339 0.1009279159
1700030424.23489 -20.554325 5.812886 -1.708663 -0.024566 0.016922 0.970183 0.240529 0.0001416098 0.0000072749 -0.0000698707 0.0001459608 0.0000109539 0.0009876272 0.2428026400 0.0398068466 0.0223941784 0.3602818383 -0.0080004213 0.1011197650
1700030424.30107 -20.808002 5.777323 -1.726900 -0.015406 0.019032 0.970676 0.239142 0.0001369386 0.0000092658 -0.0000528510 0.0001439485 0.0000247186 0.0009331499 0.2415043434 0.0376561633 0.0228805339 0.3536723438 -0.0074132409 0.1012594409
1700030424.36725 -21.098738 5.776418 -1.709797 -0.024221 0.031281 0.971327 0.234431 0.0001390910 0.0000090003 -0.0000691135 0.0001452337 0.0000436663 0.0009162119 0.2407692727 0.0374492891 0.0230231144 0.3584666234 -0.0072262537 0.1019994587
1700030424.43341 -21.228020 5.849110 -1.616716 -0.019498 0.027892 0.971630 0.234044 0.0001355079 0.0000094124 -0.0000617132 0.0001423084 0.0000452293 0.0008885518 0.2391042107 0.0373014952 0.0232332303 0.3620080889 -0.0074567900 0.1024843988
1700030424.49957 -21.495358 5.905020 -1.630976 -0.023892 0.020019 0.972296 0.231664 0.0001345535 0.0000116815 -0.0000594236 0.0001400977 0.0000297461 0.0008768831 0.2392681875 0.0374147829 0.0234444659 0.3628186809 -0.0074365748 0.1026997867
1700030424.56572 -21.771384 5.997250 -1.656741 -0.024853 0.011808 0.972844 0.229819 0.0001336927 0.0000138498 -0.0000583093 0.0001380478 0.0000153756 0.0008652250 0.2394935915 0.0382895888 0.0235025729 0.3680843392 -0.0073605001 0.1034340295
1700030424.63187 -21.971819 6.264453 -1.622704 -0.021096 0.004034 0.969853 0.242743 0.0001290718 0.0000145564 -0.0000549425 0.0001364861 0.0000041025 0.0008486043 0.2394572763 0.0396631547 0.0232250081 0.3731830364 -0.0075686361 0.1040217236
1700030424.69800 -22.168540 6.437851 -1.559211 -0.009040 0.004052 0.967792 0.251557 0.0001236492 0.0000146715 -0.0000343665 0.0001355809 0.0000056462 0.0008488209 0.2415166901 0.0439414626 0.0233477594 0.3780852639 -0.0077733081 0.1048210329
1700030424.76413 -22.377302 6.568871 -1.567830 -0.013334 -0.000585 0.965947 0.258397 0.0001236576 0.0000159311 -0.0000379502 0.0001361128 -0.0000009908 0.0008507087 0.2432153794 0.0473589004 0.0235948741 0.3838155576 -0.0077923262 0.1057629451
1700030424.83025 -22.578612 6.731807 -1.584027 -0.013731 -0.001096 0.962808 0.269836 0.0001227085 0.0000168677 -0.0000384268 0.0001369529 -0.0000034309 0.0008528476 0.2445924854 0.0500117086 0.0236035234 0.3898306615 -0.0078390575 0.1066005233
1700030424.89636 -22.793623 6.890045 -1.599940 -0.017990 0.007926 0.959602 0.280674 0.0001238674 0.0000164087 -0.0000482053 0.0001383769 0.0000091747 0.0008555361 0.2467047445 0.0534346563 0.0237040364 0.3958945588 -0.0078831807 0.1075684848
1700030424.96246 -23.029595 7.027464 -1.625834 -0.022668 0.012927 0.957999 0.285580 0.0001255063 0.0000164093 -0.0000585353 0.0001389939 0.0000137897 0.0008581283 0.2486923806 0.0565988298 0.0238231653 0.4025187977 -0.0080135465 0.1083828910
1700030425.02856 -23.211809 7.271352 -1.547012 -0.014006 0.019166 0.956504 0.290753 0.0001219909 0.0000161310 -0.0000523969 0.0001359618 0.0000181656 0.0008499288 0.2498487589 0.0586528606 0.0235065602 0.4075241226 -0.0088410479 0.1087083287
1700030425.09465 -23.412059 7.396715 -1.557972 -0.018511 0.021136 0.955805 0.292656 0.0001208035 0.0000159758 -0.0000545500 0.0001345108 0.0000202951 0.0008500673 0.2527433676 0.0630205815 0.0236493154 0.4128770035 -0.0092936150 0.1095245256
1700030425.16073 -23.647361 7.469326 -1.605545 -0.029721 0.013235 0.955785 0.292261 0.0001228386 0.0000177422 -0.0000688036 0.0001343871 0.0000023655 0.0008507908 0.2544655760 0.0655624024 0.0236046268 0.4194126468 -0.0097240172 0.1102482557
1700030425.22703 -23.874141 7.567616 -1.624876 -0.027052 0.009072 0.955885 0.292351 0.0001217412 0.0000181854 -0.0000631466 0.0001343281 0.0000005866 0.0008550988 0.2557382743 0.0675279528 0.0235955877 0.4266283213 -0.0099371735 0.1109636611
1700030425.30825 -24.206627 7.866174 -1.688951 -0.025096 0.005310 0.953039 0.301760 0.0001174807 0.0000160506 -0.0000602338 0.0001319508 -0.0000073250 0.0008536280 0.2569153344 0.0711268330 0.0234273828 0.4332217874 -0.0093581568 0.1117220222
1700030425.37566 -24.432889 8.097787 -1.701925 -0.024385 0.008486 0.950213 0.310530 0.0001161451 0.0000161794 -0.0000583935 0.0001332389 -0.0000077147 0.0008543385 0.2605098200 0.0769251729 0.0233716753 0.4421544155 -0.0095073375 0.1132946922
1700030425.44308 -24.662775 8.287593 -1.707833 -0.027775 0.012621 0.948576 0.315077 0.0001170410 0.0000165172 -0.0000638856 0.0001345555 -0.0000028696 0.0008550659 0.2640071257 0.0818787111 0.0235180558 0.4493131737 -0.0098995385 0.1147080401
1700030425.51051 -24.890308 8.439608 -1.720591 -0.029258 0.015217 0.947262 0.318758 0.0001171898 0.0000170891 -0.0000653159 0.0001358500 -0.0000006138 0.0008573743 0.2669484997 0.0860159127 0.0236718868 0.4569828790 -0.0104023106 0.1160532328
1700030425.57796 -25.071567 8.606059 -1.662647 -0.029750 0.032410 0.945940 0.321344 0.0001187558 0.0000156248 -0.0000748971 0.0001375705 0.0000211850 0.0008581134 0.2692770234 0.0894027503 0.0235376648 0.4648444803 -0.0109510724 0.1169664063
1700030425.64542 -25.229835 8.832735 -1.678221 -0.021273 0.034845 0.946316 0.320654 0.0001156713 0.0000161866 -0.0000644839 0.0001384013 0.0000260494 0.0008643486 0.2716383690 0.0924043692 0.0240738265 0.4707921520 -0.0112076436 0.1178753881
1700030425.71289 -25.432957 8.991932 -1.647401 -0.024810 0.027936 0.946706 0.319924 0.0001153862 0.0000159704 -0.0000660547 0.0001369746 0.0000189290 0.0008676553 0.2748616241 0.0972973607 0.0235524020 0.4758018000 -0.0108755940 0.1178258065
1700030425.76708 -25.662889 9.164102 -1.699190 -0.032432 0.021281 0.946868 0.319274 0.0001174840 0.0000173222 -0.0000719937 0.0001365352 0.0000051404 0.0008709707 0.2766965117 0.1002724035 0.0235142759 0.4819957981 -0.0109731628 0.1184617210
1700030425.83454 -25.924685 9.334279 -1.679213 -0.028251 0.014859 0.946168 0.322097 0.0001158881 0.0000170163 -0.0000638479 0.0001369669 -0.0000019248 0.0008769320 0.2799486984 0.1056081938 0.0234339645 0.4915264761 -0.0108141633 0.1197830390
1700030425.90202 -26.186637 9.491033 -1.701297 -0.013439 0.012648 0.944812 0.327094 0.0001122458 0.0000161697 -0.0000413628 0.0001373982 0.0000025738 0.0008838648 0.2826981322 0.1100339961 0.0236211788 0.5006573468 -0.0110667184 0.1209143545
1700030425.96950 -26.433009 9.708865 -1.680637 -0.013351 0.008382 0.943313 0.331530 0.0001078045 0.0000184998 -0.0000300935 0.0001381069 -0.0000077863 0.0008709463 0.2849927787 0.1124281613 0.0238666864 0.5069337578 -0.0113728880 0.1223936094
1700030426.03700 -26.678719 9.875790 -1.676159 -0.013559 0.006286 0.942740 0.333193 0.0001073558 0.0000190582 -0.0000279551 0.0001396720 -0.0000114478 0.0008722109 0.2890135299 0.1172465720 0.0242273489 0.5158123375 -0.0118853241 0.1240907854
1700030426.10452 -26.950721 10.058969 -1.747750 -0.014314 0.016739 0.941622 0.335952 0.0001066291 0.0000190977 -0.0000320412 0.0001408670 0.0000017240 0.0008729613 0.2922739307 0.1210197939 0.0243828296 0.5246160914 -0.0123091695 0.1252133111
1700030426.17204 -27.231986 10.395830 -1.814485 -0.015318 0.021603 0.939969 0.340230 0.0001048611 0.0000182444 -0.0000323396 0.0001407134 0.0000040781 0.0008711767 0.2955902080 0.1251955650 0.0242795552 0.5334060717 -0.0122698158 0.1260193455
1700030426.23882 -27.649063 10.734276 -1.889643 -0.017855 0.028428 0.940131 0.339155 0.0001036778 0.0000165259 -0.0000355500 0.0001387235 0.0000152739 0.0008678985 0.3012268790 0.1332808348 0.0240832872 0.5418823194 -0.0121739818 0.1275625430
1700030426.30523 -28.065705 11.148950 -1.949494 -0.019580 0.031984 0.939898 0.339390 0.0001038748 0.0000168871 -0.0000395806 0.0001384149 0.0000188263 0.0008629594 0.3062733529 0.1428056127 0.0235568822 0.5562488323 -0.0120277376 0.1298345166
1700030426.37142 -28.479196 11.357077 -1.969761 -0.029132 0.024142 0.940521 0.337622 0.0001046779 0.0000178326 -0.0000497195 0.0001388326 0.0000060242 0.0008555501 0.3127909954 0.1529996973 0.0235400886 0.5704512956 -0.0122203759 0.1327533702
1700030426.43760 -28.965301 11.532818 -2.024152 -0.026859 0.019677 0.942485 0.332585 0.0001032966 0.0000184790 -0.0000417954 0.0001389693 0.0000019457 0.0008495627 0.3157487124 0.1585929776 0.0238151318 0.5840543466 -0.0124769827 0.1350330407
1700030426.50378 -29.348720 11.650394 -2.099968 -0.030012 0.006082 0.941868 0.334585 0.0001011675 0.0000178938 -0.0000373793 0.0001374279 -0.0000163807 0.0008419214 0.3180099317 0.1643244605 0.0238042403 0.5997863885 -0.0123376880 0.1369818435
1700030426.56995 -29.734224 11.952853 -2.126899 -0.024641 0.011191 0.940095 0.339837 0.0001002831 0.0000161481 -0.0000306593 0.0001361176 -0.0000110236 0.0008437618 0.3199239216 0.1694194282 0.0235697839 0.6140902476 -0.0117864419 0.1383952327
1700030426.63611 -30.075827 12.211311 -2.147211 -0.029297 0.011810 0.938394 0.344119 0.0001010368 0.0000154936 -0.0000395769 0.0001361993 -0.0000105047 0.0008431753 0.3260992520 0.1785804931 0.0236894947 0.6284837240 -0.0114497872 0.1408398894
1700030426.70226 -30.309208 12.434825 -2.047031 -0.029497 0.020394 0.937162 0.347046 0.0001008188 0.0000123359 -0.0000492240 0.0001306645 0.0000003404 0.0008364191 0.3309188410 0.1851908967 0.0239437545 0.6391117482 -0.0112281091 0.1418172867
1700030426.76841 -30.643673 12.632437 -2.037874 -0.024470 0.021689 0.936934 0.347973 0.0000990664 0.0000113561 -0.0000401884 0.0001293426 0.0000044044 0.0008390980 0.3352699588 0.1911861070 0.0238580345 0.6465917879 -0.0112164609 0.1423117451
1700030426.83455 -30.955095 12.862193 -2.081444 -0.030319 0.031353 0.937015 0.346555 0.0001006230 0.0000102211 -0.0000514000 0.0001279110 0.0000177699 0.0008391792 0.3389975720 0.1982832826 0.0232288618 0.6593434765 -0.0108793857 0.1431245526
1700030426.90068 -31.285481 13.030473 -2.076504 -0.027204 0.034725 0.938269 0.343081 0.0000989110 0.0000124319 -0.0000532213 0.0001234015 0.0000237180 0.0008346776 0.3428291979 0.2047458586 0.0230117707 0.6711578546 -0.0107779227 0.1444323263
1700030426.96681 -31.597316 13.218092 -2.080488 -0.034949 0.024738 0.938387 0.342922 0.0000995364 0.0000130049 -0.0000592052 0.0001215217 0.0000087290 0.0008370091 0.3462561577 0.2109036568 0.0230529591 0.6856203179 -0.0109581357 0.1459888611
1700030427.03293 -31.900061 13.354644 -2.064393 -0.031639 0.015335 0.939814 0.339874 0.0000985931 0.0000137102 -0.0000526322 0.0001208042 -0.0000006459 0.0008408633 0.3499554903 0.2169756902 0.0231605641 0.6985554248 -0.0108794580 0.1474962812
1700030427.09904 -32.184285 13.561619 -2.094712 -0.034756 0.000560 0.938135 0.344521 0.0000977110 0.0000146204 -0.0000478355 0.0001222883 -0.0000225903 0.0008443182 0.3528365232 0.2216832078 0.0234364481 0.7115056142 -0.0110295483 0.1490535983
1700030427.16514 -32.413283 13.960049 -2.077846 -0.024251 0.004943 0.934687 0.354608 0.0000939031 0.0000139838 -0.0000254553 0.0001213297 -0.0000168143 0.0008101000 0.3541466404 0.2216036011 0.0236431290 0.7104932074 -0.0107906045 0.1506533067
1700030427.23124 -32.660250 14.163075 -1.975016 -0.023528 0.004239 0.933103 0.358814 0.0000935858 0.0000138370 -0.0000269224 0.0001213262 -0.0000177485 0.0008090082 0.3623933674 0.2312056969 0.0234653691 0.7192154156 -0.0113748129 0.1523936970
1700030427.29739 -32.966470 14.403031 -1.974303 -0.023464 0.007322 0.931832 0.362057 0.0000933008 0.0000141921 -0.0000240436 0.0001216353 -0.0000139452 0.0008113287 0.3664766044 0.2371682246 0.0235108226 0.7288462511 -0.0115946154 0.1537502956
1700030427.36359 -33.269654 14.658445 -1.960455 -0.021943 0.013535 0.930017 0.366611 0.0000930374 0.0000142531 -0.0000244530 0.0001221340 -0.0000055135 0.0008131468 0.3714152496 0.2446151449 0.0232821330 0.7418490375 -0.0117830461 0.1555377597
1700030427.42978 -33.617298 14.869422 -1.947864 -0.027181 0.024223 0.929453 0.367140 0.0000937412 0.0000140451 -0.0000353199 0.0001227787 0.0000074945 0.0008077717 0.3767045028 0.2509744012 0.0235789172 0.7527879446 -0.0119690538 0.1575805607
1700030427.49596 -33.951035 15.106363 -1.903092 -0.022989 0.027229 0.931122 0.362964 0.0000927743 0.0000142458 -0.0000298470 0.0001231761 0.0000120871 0.0008062149 0.3814611399 0.2572160400 0.0240131640 0.7669474017 -0.0121728240 0.1597794623
1700030427.56214 -34.249451 15.369667 -1.905424 -0.028751 0.024621 0.931027 0.362983 0.0000929052 0.0000147769 -0.0000358015 0.0001230779 0.0000090736 0.0008004130 0.3866758598 0.2634018582 0.0247552822 0.7790929732 -0.0120938233 0.1618478102
1700030427.62831 -34.574629 15.677670 -1.917784 -0.032214 0.018409 0.931605 0.361574 0.0000923312 0.0000157777 -0.0000383369 0.0001231226 -0.0000017844 0.0007981010 0.3928593310 0.2702781678 0.0252234841 0.7913908566 -0.0123495034 0.1636715360
1700030427.69448 -34.946629 16.026411 -2.037834 -0.034807 0.007237 0.930318 0.365028 0.0000911006 0.0000166783 -0.0000324237 0.0001232373 -0.0000166055 0.0007955298 0.4000509427 0.2783897515 0.0255895931 0.8039989914 -0.0125141713 0.1656998972
1700030427.76063 -35.284470 16.310783 -2.055445 -0.020099 0.008859 0.928807 0.369912 0.0000898354 0.0000160320 -0.0000142070 0.0001239103 -0.0000075965 0.0007951023 0.4090255997 0.2884201502 0.0257762457 0.8201230142 -0.0128143600 0.1687242155
1700030427.82678 -35.634955 16.551379 -2.071977 -0.021560 0.008503 0.927505 0.373092 0.0000900155 0.0000162176 -0.0000150237 0.0001250230 -0.0000084532 0.0007946929 0.4168633654 0.2966407523 0.0262768910 0.8358021776 -0.0134706745 0.1714915843
1700030427.89292 -35.964268 16.813380 -2.084957 -0.021157 0.009041 0.926655 0.375207 0.0000899968 0.0000164291 -0.0000137902 0.0001259626 -0.0000084216 0.0007943481 0.4238568718 0.3037460777 0.0268392252 0.8519604232 -0.0141913078 0.1741915631
1700030427.95906 -36.291492 17.105848 -2.125083 -0.020605 0.018317 0.925095 0.378734 0.0000898312 0.0000162063 -0.0000172017 0.0001263846 0.0000030186 0.0007929131 0.4315874240 0.3109215891 0.0275679920 0.8665894343 -0.0150136026 0.1768037036
1700030428.02519 -36.609742 17.415481 -2.087396 -0.021563 0.026097 0.924055 0.380758 0.0000899025 0.0000160798 -0.0000210439 0.0001272044 0.0000119271 0.0007916170 0.4402214914 0.3186872363 0.0283087693 0.8819959822 -0.0157843449 0.1791576874
1700030428.09131 -36.907888 17.738761 -2.068904 -0.022315 0.028244 0.924200 0.380209 0.0000904346 0.0000163893 -0.0000235114 0.0001275257 0.0000141108 0.0007940413 0.4497576737 0.3279085506 0.0290890300 0.8986518872 -0.0166427961 0.1818015585
1700030428.15742 -37.269590 18.035074 -2.063943 -0.025925 0.028241 0.924455 0.379359 0.0000903602 0.0000171900 -0.0000288407 0.0001273696 0.0000166531 0.0007918032 0.4592087566 0.3363475894 0.0296419812 0.9128479394 -0.0172775902 0.1843005055
1700030428.22353 -37.535222 18.417334 -2.095330 -0.034676 0.022255 0.923686 0.380929 0.0000913750 0.0000180187 -0.0000344775 0.0001278998 0.0000020675 0.0007894027 0.4679086797 0.3437166602 0.0307264813 0.9310597818 -0.0181412515 0.1875987337
1700030428.28983 -37.913917 18.652644 -2.123195 -0.033107 0.014313 0.924661 0.379080 0.0000908263 0.0000185893 -0.0000264803 0.0001290387 -0.0000057247 0.0007892226 0.4797154588 0.3522225102 0.0317335652 0.9445810228 -0.0192568705 0.1908583506
1700030428.35645 -38.024880 19.123915 -2.069136 -0.026546 0.008161 0.921993 0.386210 0.0000896631 0.0000190138 -0.0000144799 0.0001294560 -0.0000109214 0.0007791481 0.4858087754 0.3555665930 0.0328285914 0.9594053667 -0.0199558441 0.1939141203
1700030428.42295 -38.246226 19.397707 -2.020929 -0.022465 0.010907 0.919452 0.392408 0.0000887436 0.0000188847 -0.0000107105 0.0001298384 -0.0000058547 0.0007815655 0.4996369668 0.3658190855 0.0336914437 0.9662053718 -0.0210870244 0.1966990529
1700030428.48945 -38.515394 19.727600 -2.003314 -0.022676 0.011109 0.917278 0.397445 0.0000883228 0.0000191334 -0.0000093226 0.0001304771 -0.0000056132 0.0007836326 0.5094141619 0.3715266876 0.0347440744 0.9795717136 -0.0222132402 0.1992218053
1700030428.55594 -38.850949 20.193368 -2.131782 -0.025579 0.019890 0.911678 0.409625 0.0000880885 0.0000181255 -0.0000173051 0.0001321476 0.0000045596 0.0007786694 0.5194577047 0.3786227433 0.0355151643 0.9921300423 -0.0214361567 0.2011379348
1700030428.62243 -39.072233 20.621783 -2.119662 -0.022695 0.023725 0.903875 0.426535 0.0000865178 0.0000169031 -0.0000167374 0.0001344378 0.0000086690 0.0007784555 0.5340808836 0.3913415722 0.0350263839 1.0111067750 -0.0219667781 0.2043534647
1700030428.68892 -39.343636 21.046675 -2.112570 -0.024379 0.028197 0.898999 0.436361 0.0000863360 0.0000159436 -0.0000207392 0.0001363533 0.0000150579 0.0007798814 0.5491210714 0.4011736889 0.0358944039 1.0256526785 -0.0230547744 0.2076208017
1700030428.75540 -39.655493 21.494400 -2.154830 -0.020173 0.034280 0.894932 0.444427 0.0000862549 0.0000153287 -0.0000194090 0.0001381313 0.0000258872 0.0007815088 0.5643186280 0.4126525621 0.0369659851 1.0422290665 -0.0240700024 0.2115883612
1700030428.82188 -39.918648 21.853967 -2.164982 -0.027091 0.031415 0.890878 0.452345 0.0000867134 0.0000146854 -0.0000273955 0.0001392266 0.0000187559 0.0007841898 0.5807624939 0.4249493932 0.0377950085 1.0634832846 -0.0251392099 0.2157292884
1700030428.88836 -40.175307 22.119090 -2.252933 -0.027194 0.023269 0.890690 0.453200 0.0000867884 0.0000155012 -0.0000237499 0.0001397403 0.0000108064 0.0007873582 0.5941809015 0.4339539743 0.0384387138 1.0824505400 -0.0266580030 0.2185287971
1700030428.95483 -40.474287 22.468824 -2.315303 -0.030507 0.013484 0.888798 0.457083 0.0000869437 0.0000157021 -0.0000196669 0.0001406348 -0.0000038767 0.0007908318 0.6051742171 0.4397471284 0.0396074053 1.1017066048 -0.0284456304 0.2214346156
1700030429.02130 -40.763596 22.887610 -2.337018 -0.020734 0.014685 0.882713 0.469225 0.0000858661 0.0000145070 -0.0000078293 0.0001420970 0.0000031142 0.0007942164 0.6199263881 0.4485976720 0.0406945501 1.1229117440 -0.0300584396 0.2252804563
1700030429.08777 -41.056479 23.236236 -2.364916 -0.022358 0.010768 0.875086 0.483332 0.0000856593 0.0000129093 -0.0000073101 0.0001442223 -0.0000016432 0.0007975647 0.6377067269 0.4586744728 0.0422445340 1.1462510025 -0.0323515668 0.2301970125
1700030429.15423 -41.362936 23.788329 -2.342613 -0.020989 0.009873 0.867511 0.496877 0.0000847681 0.0000115735 -0.0000032645 0.0001455148 -0.0000042447 0.0007991652 0.6535772806 0.4669530943 0.0434884234 1.1672792495 -0.0349523756 0.2339049735
1700030429.22070 -41.699483 24.230325 -2.354033 -0.020570 0.021986 0.860400 0.508730 0.0000845739 0.0000094233 -0.0000118060 0.0001468750 0.0000112069 0.0008009638 0.6753273327 0.4814374006 0.0462257641 1.1898270110 -0.0372115019 0.2385862883
1700030429.28717 -41.978911 24.636143 -2.355251 -0.027385 0.022647 0.853916 0.519197 0.0000851124 0.0000082587 -0.0000210545 0.0001481635 0.0000087588 0.0008029076 0.6955025732 0.4928022878 0.0480488668 1.2147010916 -0.0396662351 0.2437665073
1700030429.35391 -42.240085 25.050747 -2.372661 -0.027386 0.025122 0.849826 0.525751 0.0000835977 0.0000073366 -0.0000247580 0.0001496640 0.0000093853 0.0008043114 0.7149941941 0.5013038135 0.0501635729 1.2395819334 -0.0423905876 0.2481680922
1700030429.42055 -42.512822 25.454569 -2.395202 -0.029819 0.027251 0.844276 0.534384 0.0000843584 0.0000063214 -0.0000294522 0.0001512124 0.0000125752 0.0008072164 0.7360719200 0.5096828588 0.0524670086 1.2636662026 -0.0454342899 0.2533521431
1700030429.48718 -42.787923 25.860228 -2.422918 -0.035114 0.017667 0.839324 0.542209 0.0000846747 0.0000059518 -0.0000282641 0.0001524259 -0.0000018908 0.0008109119 0.7569412564 0.5175093070 0.0549102856 1.2902432248 -0.0486529326 0.2587957973
1700030429.55382 -43.177003 26.266905 -2.550129 -0.038338 0.019561 0.834930 0.548671 0.0000838696 0.0000059896 -0.0000312834 0.0001531147 -0.0000006802 0.0008086274 0.7751177505 0.5232456975 0.0556287996 1.3149548967 -0.0525878539 0.2626309842
1700030429.62047 -43.437858 26.638768 -2.540423 -0.025990 0.028487 0.827101 0.560729 0.0000823337 0.0000044615 -0.0000242129 0.0001540366 0.0000149674 0.0008107791 0.7945746955 0.5327803825 0.0587349179 1.3483411042 -0.0566635854 0.2682940735
1700030429.68712 -43.716056 27.040886 -2.570969 -0.028659 0.027995 0.818062 0.573733 0.0000823884 0.0000025064 -0.0000265552 0.0001552773 0.0000130154 0.0008132252 0.8151432284 0.5379484872 0.0615818713 1.3759529191 -0.0610462793 0.2735213834
1700030429.75377 -43.955701 27.474281 -2.583838 -0.027917 0.026928 0.808893 0.586675 0.0000822102 0.0000005554 -0.0000245665 0.0001564451 0.0000119041 0.0008160868 0.8374547726 0.5438591058 0.0644883188 1.4054614201 -0.0656570551 0.2791871356
1700030429.82043 -44.220930 27.889111 -2.603059 -0.019565 0.028940 0.798025 0.601611 0.0000823205 -0.0000020485 -0.0000165066 0.0001580622 0.0000210432 0.0008194646 0.8620275839 0.5496091193 0.0680374203 1.4348334763 -0.0702630238 0.2852455745
1700030429.88709 -44.489172 28.304929 -2.621906 -0.020368 0.035771 0.787842 0.614501 0.0000834121 -0.0000046691 -0.0000238762 0.0001595541 0.0000276482 0.0008219647 0.8867428397 0.5550750109 0.0717457560 1.4672751296 -0.0750380513 0.2916635234
1700030429.95375 -44.754995 28.720482 -2.647855 -0.017522 0.038334 0.781248 0.622796 0.0000836876 -0.0000060511 -0.0000235017 0.0001609651 0.0000326007 0.0008246640 0.9122909476 0.5602554454 0.0757514492 1.5010702323 -0.0800593176 0.2984025234
1700030430.02042 -45.032139 29.144997 -2.681493 -0.033179 0.031619 0.775661 0.629484 0.0000853293 -0.0000066701 -0.0000356693 0.0001605839 0.0000125854 0.0008284879 0.9389233549 0.5650941359 0.0799735602 1.5363494387 -0.0852414416 0.3055305286
1700030430.08710 -45.251466 29.525324 -2.635311 -0.030462 0.025263 0.776088 0.629382 0.0000833290 -0.0000059045 -0.0000289052 0.0001614787 0.0000072609 0.0008296109 0.9650445310 0.5704428425 0.0833667135 1.5720260633 -0.0897749655 0.3116631192
1700030430.15377 -45.505634 29.951812 -2.653171 -0.024915 0.017642 0.775754 0.630296 0.0000829898 -0.0000053553 -0.0000150668 0.0001626484 0.0000054891 0.0008339002 0.9912845160 0.5714152615 0.0882021172 1.6064927034 -0.0957716627 0.3188537924
1700030430.22046 -45.758737 30.384222 -2.676620 -0.021196 0.016449 0.771631 0.635505 0.0000834442 -0.0000061095 -0.0000095269 0.0001637373 0.0000075312 0.0008375003 1.0204808842 0.5745368381 0.0932051086 1.6451743173 -0.1018679206 0.3271468032
1700030430.28700 -46.011390 30.822322 -2.707033 -0.020643 0.017904 0.769503 0.638058 0.0000840267 -0.0000063843 -0.0000101615 0.0001649097 0.0000095549 0.0008408986 1.0508346438 0.5772702838 0.0985086385 1.6853209290 -0.1081844261 0.3359255730
1700030430.35313 -46.190470 31.238079 -2.513714 -0.019054 0.027593 0.767754 0.639867 0.0000848245 -0.0000069849 -0.0000179319 0.0001665012 0.0000206308 0.0008429204 1.0816037851 0.5798538863 0.1016258010 1.7264587308 -0.1137008728 0.3367516013
1700030430.41941 -46.433474 31.686899 -2.519816 -0.020254 0.022830 0.763331 0.645286 0.0000853299 -0.0000074796 -0.0000145337 0.0001672531 0.0000151840 0.0008468341 1.1127983555 0.5780806437 0.1077816322 1.7664249347 -0.1215734600 0.3445322399
1700030430.48569 -46.674478 32.137804 -2.523040 -0.017671 0.037271 0.762225 0.645997 0.0000864272 -0.0000081911 -0.0000254470 0.0001696439 0.0000323274 0.0008485306 1.1464942562 0.5788927381 0.1136140934 1.8110862500 -0.1289254334 0.3534099105
1700030430.55197 -46.919321 32.589957 -2.531444 -0.016964 0.038311 0.763511 0.644434 0.0000868697 -0.0000076161 -0.0000254425 0.0001710840 0.0000340462 0.0008518670 1.1813281975 0.5791525199 0.1197283783 1.8578161836 -0.1365701224 0.3627783827
1700030430.61824 -47.170557 33.047887 -2.548841 -0.032475 0.030829 0.764047 0.643605 0.0000882335 -0.0000066252 -0.0000363465 0.0001708589 0.0000124508 0.0008559897 1.2175635414 0.5790704971 0.1261294947 1.9068301209 -0.1445169840 0.3727278760
1700030430.68450 -47.413924 33.503362 -2.557077 -0.029806 0.021945 0.766380 0.641321 0.0000877341 -0.0000053572 -0.0000242675 0.0001719919 0.0000055397 0.0008606652 1.2548448020 0.5779401917 0.1328585288 1.9574113270 -0.1528130546 0.3831224093
1700030430.75076 -47.650349 33.957828 -2.559354 -0.029755 0.015526 0.766210 0.641713 0.0000879268 -0.0000049302 -0.0000177176 0.0001731987 -0.0000011914 0.0008646195 1.2932847780 0.5758111705 0.1399132993 2.0096779143 -0.1614579873 0.3940132057
1700030430.81702 -48.023968 34.460987 -2.791324 -0.026024 0.014197 0.761641 0.647321 0.0000877104 -0.0000055931 -0.0000123485 0.0001743005 0.0000022156 0.0008673208 1.3285756674 0.5744416026 0.1397787500 2.0633969072 -0.1679438767 0.3928799045
1700030430.88327 -48.268849 34.921018 -2.814607 -0.025525 0.014223 0.759386 0.649984 0.0000883399 -0.0000060664 -0.0000119742 0.0001754616 0.0000015287 0.0008709155 1.3714051984 0.5774006943 0.1458433377 2.1279512384 -0.1765302514 0.4050909002
1700030430.94951 -48.978041 36.140336 -2.862945 -0.022688 0.024277 0.757510 0.651977 0.0000889849 -0.0000064321 -0.0000129222 0.0001675769 0.0000131702 0.0008738850 1.3745536326 0.6359647339 0.1508003466 2.0871216551 -0.1831879107 0.4165275038
1700030431.01575 -49.166628 36.658978 -2.540941 -0.019078 0.024017 0.753923 0.656246 0.0000896640 -0.0000068359 -0.0000145265 0.0001669169 0.0000158446 0.0008771613 1.4466270466 0.6910043770 0.1549673385 2.1519190275 -0.1938172774 0.4275330099
1700030431.08198 -48.374846 35.908337 -1.824257 -0.014553 0.031476 0.753647 0.656364 0.0000900273 -0.0000041354 -0.0000258086 0.0001539831 0.0000276531 0.0008792073 1.3801238352 0.8304702005 0.0992375282 2.0272593860 -0.1297259235 0.3938573508
1700030431.14821 -48.582081 36.374750 -1.788426 -0.008762 0.036562 0.755071 0.654564 0.0000899917 -0.0000033309 -0.0000146587 0.0001564005 0.0000408890 0.0008821616 1.3438142640 0.7657769520 0.1036272832 2.0008193809 -0.1385840209 0.3846755866
1700030431.21443 -48.794368 36.846693 -1.760172 -0.018762 0.034788 0.754931 0.654612 0.0000910800 -0.0000032780 -0.0000247648 0.0001564310 0.0000293726 0.0008864148 1.3781911153 0.7744104757 0.1079175919 2.0443362307 -0.1481954653 0.3938177050
1700030431.28084 -49.005982 37.321394 -1.728660 -0.020695 0.030324 0.756837 0.652572 0.0000915057 -0.0000023737 -0.0000222434 0.0001571293 0.0000225720 0.0008907203 1.4136841319 0.7828320733 0.1123753200 2.0895896354 -0.1583593896 0.4034321413
1700030431.34776 -49.321299 38.238546 -1.947878 -0.028095 0.018341 0.756914 0.652653 0.0000866884 -0.0000024147 -0.0000212787 0.0001563432 -0.0000007074 0.0008914117 1.4367520512 0.8008571301 0.1072090886 2.0938792108 -0.1441266050 0.3974862758
1700030431.41449 -49.592578 38.848244 -2.015624 -0.016076 0.016675 0.753579 0.656950 0.0000865378 -0.0000025178 -0.0000061932 0.0001571851 0.0000117695 0.0008952360 1.4919707430 0.8357354933 0.1048616252 2.1340637189 -0.1445896330 0.4045075033
1700030431.48122 -49.790856 39.353159 -2.007612 -0.017841 0.018106 0.750232 0.660686 0.0000872669 -0.0000030584 -0.0000104747 0.0001583105 0.0000115509 0.0008988648 1.5367803787 0.8506078757 0.1088678208 2.1840469011 -0.1525113964 0.4144989949
1700030431.54796 -49.990100 39.887718 -1.975446 -0.016010 0.019112 0.747693 0.663577 0.0000878020 -0.0000034436 -0.0000091154 0.0001594752 0.0000142736 0.0009024555 1.5758724038 0.8587010267 0.1133073153 2.2297670853 -0.1615861373 0.4224294751
1700030431.61471 -50.020623 40.328500 -1.756723 -0.010745 0.026557 0.743950 0.667621 0.0000880032 -0.0000040571 -0.0000119690 0.0001608529 0.0000265415 0.0009053092 1.6138730482 0.8707352980 0.1135456078 2.2731815583 -0.1676609370 0.4264618773
1700030431.68147 -50.200261 40.850543 -1.727051 -0.012621 0.037675 0.742048 0.669168 0.0000892456 -0.0000049061 -0.0000256096 0.0001630796 0.0000385496 0.0009073791 1.6497726936 0.8694825893 0.1182143889 2.3119235210 -0.1776341089 0.4335664107
1700030431.74822 -50.380669 41.370135 -1.694185 -0.006300 0.036924 0.744165 0.666944 0.0000893444 -0.0000038717 -0.0000167765 0.0001649343 0.0000440852 0.0009109972 1.6915694101 0.8759980002 0.1225841847 2.3625890548 -0.1872616920 0.4427174165
1700030431.81499 -50.197706 41.461110 -1.476729 -0.007578 0.036968 0.745549 0.665381 0.0000879256 -0.0000029972 -0.0000228045 0.0001563633 0.0000421740 0.0009134610 1.6843077513 0.9648576427 0.0957012478 2.2586913557 -0.1356074195 0.4274417934
1700030431.88176 -50.250241 41.834530 -1.376766 -0.020667 0.034343 0.747059 0.663548 0.0000891082 -0.0000020268 -0.0000341618 0.0001554496 0.0000281957 0.0009175523 1.6895436726 0.9560735152 0.0956411957 2.2615219424 -0.1366865182 0.4270758278
1700030431.94854 -50.327804 42.193149 -1.239859 -0.018226 0.028831 0.745319 0.665835 0.0000886580 -0.0000028616 -0.0000252015 0.0001329190 0.0000268551 0.0009213242 1.6360632090 1.1236769511 0.0524109793 1.9570894051 -0.0487135985 0.4058750047
1700030432.01532 -50.467880 42.699401 -1.193839 -0.007330 0.025051 0.741878 0.670026 0.0000886287 -0.0000026688 -0.0000068943 0.0001343858 0.0000331440 0.0009253748 1.6590545528 1.1360412478 0.0546168832 1.9700967052 -0.0520195884 0.4120919602
1700030432.08211 -50.528029 42.980839 -1.045228 -0.009822 0.022655 0.737795 0.674573 0.0000891246 -0.0000035222 -0.0000087671 0.0001331342 0.0000279660 0.0009291521 1.6855537188 1.1741307159 0.0503419222 1.9498039920 -0.0405890336 0.4147497780
1700030432.14890 -50.666219 43.493239 -1.002330 -0.010865 0.022647 0.735275 0.677304 0.0000895585 -0.0000036267 -0.0000091182 0.0001339937 0.0000262866 0.0009329707 1.7036547642 1.1846967971 0.0511622219 1.9593920228 -0.0424348696 0.4168790950
1700030432.21570 -50.862550 44.185426 -1.130560 -0.006987 0.029707 0.731907 0.680721 0.0000894391 -0.0000037352 -0.0000115631 0.0001355628 0.0000387930 0.0009354680 1.7354140044 1.2086753951 0.0458853004 1.9722499053 -0.0402277528 0.4108791216
1700030432.28228 -51.000634 44.705128 -1.090953 -0.005251 0.035491 0.730163 0.682330 0.0000902926 -0.0000042635 -0.0000173472 0.0001375554 0.0000478503 0.0009381538 1.7836253412 1.2399083144 0.0464402407 1.9931899299 -0.0415132029 0.4197578687
1700030432.34879 -51.141861 45.223739 -1.049449 -0.008703 0.037854 0.732199 0.679982 0.0000912145 -0.0000041639 -0.0000241033 0.0001385276 0.0000468424 0.0009418158 1.8197707256 1.2625965523 0.0475082134 2.0101740681 -0.0437228319 0.4270155251
1700030432.41594 -51.268505 45.622434 -0.982176 -0.009583 0.038766 0.733510 0.678505 0.0000908655 -0.0000042493 -0.0000274020 0.0001397705 0.0000485616 0.0009446722 1.8570848027 1.2862095139 0.0485641716 2.0240874074 -0.0451357182 0.4344591302
1700030432.48310 -51.423671 46.147614 -0.945669 -0.019001 0.033644 0.734113 0.677927 0.0000918935 -0.0000036692 -0.0000328032 0.0001390750 0.0000303114 0.0009500206 1.8855332193 1.3043530609 0.0499406109 2.0416998808 -0.0474946270 0.4411154383
1700030432.55026 -51.584620 46.730461 -1.005929 -0.017896 0.025353 0.734410 0.677996 0.0000914146 -0.0000029106 -0.0000218714 0.0001396116 0.0000220376 0.0009547978 1.9236546222 1.3274973063 0.0509974498 2.0587417444 -0.0490786267 0.4467268922
1700030432.61743 -51.727086 47.250213 -0.962318 -0.012741 0.017260 0.732667 0.680249 0.0000916009 -0.0000026138 -0.0000058982 0.0001404826 0.0000177430 0.0009594981 1.9670438134 1.3533900190 0.0522337423 2.0785205677 -0.0510094949 0.4556071548
1700030432.68461 -51.946100 47.832613 -1.212713 -0.010605 0.017488 0.727844 0.685438 0.0000909314 -0.0000033784 -0.0000042325 0.0001415900 0.0000220965 0.0009625952 2.0059928491 1.3756686005 0.0522481445 2.0937113754 -0.0532907470 0.4591335180
1700030432.75179 -52.111194 48.511934 -1.353591 -0.012445 0.016954 0.725452 0.687951 0.0000913663 -0.0000038049 -0.0000055772 0.0001423204 0.0000170668 0.0009667032 2.0513218336 1.4046803973 0.0525571794 2.1161856328 -0.0518719882 0.4658246488
1700030432.81898 -52.270098 49.206740 -1.274789 -0.008856 0.025206 0.723324 0.689992 0.0000919384 -0.0000046942 -0.0000098718 0.0001422941 0.0000302072 0.0009695549 2.1052281618 1.4368737015 0.0538788375 2.1285723805 -0.0557944348 0.4739225500
1700030432.88617 -52.364404 49.833162 -1.185743 -0.007174 0.026423 0.718695 0.694786 0.0000924399 -0.0000052363 -0.0000109817 0.0001430886 0.0000331013 0.0009731587 2.1607470498 1.4684190276 0.0546546817 2.1470215489 -0.0603770135 0.4789934400
1700030432.95337 -52.499854 50.393060 -1.158799 -0.004929 0.039520 0.717895 0.695011 0.0000936533 -0.0000061868 -0.0000243931 0.0001462220 0.0000525757 0.0009746398 2.2117060578 1.4937637577 0.0564603048 2.1627090502 -0.0646578187 0.4877895973
1700030433.02058 -52.615517 50.920946 -1.104204 0.001840 0.043031 0.719613 0.693039 0.0000924461 -0.0000056941 -0.0000219437 0.0001487146 0.0000627484 0.0009760400 2.2577693794 1.5182220343 0.0581729821 2.1814433545 -0.0680837267 0.4959254126
1700030433.08779 -52.712577 51.448658 -1.029087 -0.008969 0.040430 0.719388 0.693373 0.0000935747 -0.0000055552 -0.0000325413 0.0001478900 0.0000487348 0.0009812804 2.3021758441 1.5410181863 0.0593786962 2.1991225909 -0.0714625953 0.5027731034
1700030433.15501 -52.874638 52.237431 -1.241113 -0.012943 0.037546 0.720556 0.692259 0.0000932450 -0.0000041040 -0.0000316606 0.0001475376 0.0000420618 0.0009859634 2.3440883042 1.5651053610 0.0566986439 2.2122688322 -0.0697840529 0.5014189601
1700030433.22223 -52.964494 52.669249 -1.102587 -0.016280 0.027685 0.719034 0.694232 0.0000935047 -0.0000034564 -0.0000274436 0.0001470442 0.0000253790 0.0009914088 2.4121166945 1.6013417962 0.0568965779 2.2326619449 -0.0699764838 0.5100978544
1700030433.28946 -53.065569 53.244268 -1.089740 -0.007446 0.024333 0.714821 0.698844 0.0000934016 -0.0000034653 -0.0000106453 0.0001483933 0.0000325346 0.0009957318 2.4480014233 1.6182696751 0.0587026712 2.2489505365 -0.0738397869 0.5159858805
1700030433.35670 -52.684439 54.211160 -1.126312 -0.011032 0.028689 0.708568 0.704973 0.0000932909 -0.0000049208 -0.0000168086 0.0001337936 0.0000324646 0.0009925463 2.4871668979 1.6380646671 0.0582492708 2.2518940539 -0.0618324568 0.4994062325
1700030433.42352 -52.507442 54.607606 -1.048920 -0.008459 0.033035 0.705707 0.707683 0.0000934547 -0.0000056144 -0.0000238820 0.0001328401 0.0000405000 0.0009916153 2.5663809610 1.6569821796 0.0569290353 2.2236942596 -0.0596517088 0.5030211061
1700030433.49063 -52.389564 54.944692 -0.877987 0.000546 0.034710 0.702164 0.711168 0.0000931735 -0.0000051073 -0.0000202172 0.0001274623 0.0000549416 0.0009857661 2.5886282448 1.6647015541 0.0521911988 2.1789228990 -0.0431674966 0.4944021019
1700030433.55775 -52.530063 55.450278 -0.834397 -0.000642 0.045807 0.701733 0.710965 0.0000943269 -0.0000060735 -0.0000320249 0.0001275680 0.0000672781 0.0009794205 2.6055169885 1.6665698388 0.0505741526 2.1689998538 -0.0427788306 0.4941243679
1700030433.62488 -52.649592 55.681989 -0.740493 0.007901 0.046248 0.705528 0.707127 0.0000937289 -0.0000044274 -0.0000216090 0.0001279518 0.0000794090 0.0009759611 2.6451737245 1.6861094948 0.0523255621 2.1689937816 -0.0379333737 0.4961995151
1700030433.69202 -52.848081 56.092900 -0.788715 -0.002235 0.045792 0.708252 0.704470 0.0000933670 -0.0000051263 -0.0000297501 0.0001237122 0.0000640776 0.0009760243 2.6591759978 1.6968859204 0.0525226010 2.1649188631 -0.0364216564 0.4971309630
1700030433.75917 -52.699017 56.650209 -0.839293 -0.009394 0.039439 0.708130 0.704918 0.0000933287 -0.0000054637 -0.0000369785 0.0001198438 0.0000490992 0.0009763553 2.6912879062 1.7201146616 0.0525131928 2.1709257900 -0.0343706427 0.5005240583
1700030433.82632 -52.595217 57.110592 -0.789837 -0.011419 0.030782 0.705458 0.707991 0.0000923658 -0.0000058413 -0.0000324899 0.0001167642 0.0000373424 0.0009790571 2.7374516440 1.7304641307 0.0533471576 2.1469503459 -0.0322286954 0.5039128355
1700030433.89350 -52.551966 57.599829 -0.650957 0.001031 0.026827 0.701319 0.712342 0.0000913877 -0.0000059150 -0.0000105110 0.0001139242 0.0000447478 0.0009776600 2.7717947466 1.7369506355 0.0542373164 2.1288637056 -0.0284935812 0.5044870959
1700030433.96068 -52.467209 58.167062 -0.634890 -0.002557 0.025124 0.696596 0.717019 0.0000917407 -0.0000060830 -0.0000112848 0.0001120870 0.0000364026 0.0009776390 2.8100236953 1.7501034765 0.0530261870 2.1261454897 -0.0303439884 0.5072263449
1700030434.02787 -52.363713 58.804497 -0.672122 -0.001893 0.026674 0.692658 0.720771 0.0000921236 -0.0000059632 -0.0000097857 0.0001114840 0.0000382890 0.0009720429 2.8502064098 1.7591609905 0.0525308919 2.1161511463 -0.0308302062 0.5106713769
1700030434.09507 -52.295331 59.355587 -0.599606 0.005100 0.031968 0.688390 0.724618 0.0000926010 -0.0000062159 -0.0000109951 0.0001123843 0.0000536213 0.0009699850 2.9038793057 1.7740325469 0.0530869709 2.1076846346 -0.0306692695 0.5148794704
1700030434.16228 -52.459618 59.683940 -0.551082 0.006492 0.043141 0.688348 0.724067 0.0000929170 -0.0000069959 -0.0000217069 0.0001134833 0.0000695500 0.0009447741 2.9187122374 1.7667352285 0.0554344110 2.0876257436 -0.0296222804 0.5180599945
1700030434.22950 -52.613269 59.805422 -0.323241 0.012788 0.043829 0.692703 0.719776 0.0000922709 -0.0000061768 -0.0000149575 0.0001136633 0.0000761183 0.0009395002 2.9387918557 1.7790214808 0.0569189502 2.0941009976 -0.0281739620 0.5194356945
1700030434.29674 -52.768537 60.234402 -0.392524 0.006262 0.047311 0.695474 0.716965 0.0000925760 -0.0000065126 -0.0000220907 0.0001120165 0.0000733270 0.0009348857 2.9390798245 1.7843016547 0.0562607203 2.1022315010 -0.0300549251 0.5192180978
1700030434.36398 -52.805990 60.676933 -0.568221 -0.008810 0.046849 0.697461 0.715036 0.0000929424 -0.0000076018 -0.0000386976 0.0001076214 0.0000554216 0.0009322607 2.9712588567 1.8003385913 0.0572417134 2.1012405757 -0.0273688646 0.5224896125
1700030434.43098 -52.697880 61.287504 -0.580649 -0.011354 0.036165 0.696391 0.716661 0.0000885505 -0.0000068142 -0.0000347627 0.0001058061 0.0000429596 0.0009183279 2.9866410213 1.8021215956 0.0577203103 2.0936920426 -0.0273879818 0.5249300908
1700030434.49775 -52.763873 61.907296 -0.585892 -0.004173 0.027844 0.694568 0.718876 0.0000869314 -0.0000059272 -0.0000171920 0.0001041788 0.0000401027 0.0009145801 3.0312809338 1.8114728740 0.0586516944 2.0802646512 -0.0267737919 0.5286930241
1700030434.56453 -52.898434 62.432535 -0.513623 -0.004214 0.026977 0.691359 0.721995 0.0000866630 -0.0000060321 -0.0000174197 0.0001037385 0.0000396598 0.0009100139 3.0790055276 1.8307771262 0.0594210082 2.0824652899 -0.0274231736 0.5337610571
1700030434.63132 -52.970277 63.013981 -0.513432 -0.005691 0.026161 0.689453 0.723836 0.0000866104 -0.0000059286 -0.0000168443 0.0001030361 0.0000368183 0.0009068529 3.1185666671 1.8498355877 0.0599465656 2.0892683232 -0.0284940558 0.5378818729
1700030434.69811 -52.899811 63.607309 -0.532583 -0.000081 0.034559 0.685784 0.726984 0.0000863862 -0.0000064292 -0.0000197497 0.0001043905 0.0000526383 0.0009011634 3.1636303708 1.8672203380 0.0608152647 2.0911899251 -0.0287822731 0.5425629334
1700030434.76490 -52.894972 64.082839 -0.420689 0.003201 0.032873 0.681632 0.730950 0.0000855954 -0.0000064453 -0.0000165262 0.0001037474 0.0000532276 0.0008952416 3.2079776169 1.8767282718 0.0618352693 2.0822770569 -0.0286758910 0.5465264713
1700030434.83170 -52.959157 64.596272 -0.377136 0.000494 0.041362 0.687062 0.725420 0.0000863350 -0.0000071988 -0.0000289721 0.0001040010 0.0000596808 0.0008878679 3.2416770472 1.8848233304 0.0620180884 2.0773307126 -0.0293162147 0.5497333235
1700030434.89851 -53.078173 65.113280 -0.464567 0.002254 0.044638 0.701259 0.711504 0.0000859378 -0.0000065405 -0.0000265966 0.0001048125 0.0000665376 0.0008814281 3.2800086058 1.8983787802 0.0624188089 2.0777869959 -0.0290440954 0.5532942196
1700030434.96533 -53.187495 65.569025 -0.532044 0.000497 0.040961 0.704359 0.708661 0.0000860758 -0.0000060435 -0.0000239430 0.0001038496 0.0000603854 0.0008780024 3.3201254514 1.9162821084 0.0630192538 2.0846458514 -0.0292089852 0.5585607400
1700030435.03215 -53.289561 66.028456 -0.700353 -0.001827 0.041661 0.704654 0.708325 0.0000864532 -0.0000060449 -0.0000249845 0.0001035965 0.0000587970 0.0008737841 3.3532654513 1.9302589976 0.0635626666 2.0899176065 -0.0296174515 0.5627139142
1700030435.09898 -53.419615 66.424573 -0.785366 -0.000274 0.031364 0.701327 0.712150 0.0000858019 -0.0000055575 -0.0000145722 0.0001016919 0.0000512003 0.0008701830 3.3843473609 1.9429819851 0.0640833655 2.0934330553 -0.0294349731 0.5662917976
1700030435.16582 -53.336039 67.007069 -0.716467 0.002915 0.025287 0.695630 0.717949 0.0000829031 -0.0000051276 -0.0000063794 0.0001002104 0.0000492182 0.0008622354 3.4041647046 1.9535168892 0.0659059992 2.0990932174 -0.0285716827 0.5689057579
1700030435.23266 -53.372481 67.562468 -0.662867 0.004321 0.024522 0.693958 0.719585 0.0000826091 -0.0000049093 -0.0000016179 0.0000991850 0.0000466230 0.0008579535 3.4488078119 1.9625344023 0.0662438235 2.0911848739 -0.0293948195 0.5731460897
1700030435.29951 -53.432946 68.176781 -0.751064 0.008154 0.034821 0.691137 0.721838 0.0000822888 -0.0000052948 -0.0000059130 0.0001007795 0.0000613937 0.0008516433 3.4927987751 1.9763431457 0.0663223260 2.0904724556 -0.0298058922 0.5772469475
1700030435.36636 -53.537004 68.682441 -0.564352 0.005658 0.036178 0.689748 0.723123 0.0000814500 -0.0000059039 -0.0000153741 0.0001002609 0.0000598966 0.0008473152 3.5438318051 1.9940972615 0.0670741697 2.0913189695 -0.0287562569 0.5818379361
1700030435.43313 -53.643311 69.248141 -0.531154 0.008317 0.038415 0.691433 0.721370 0.0000808811 -0.0000057587 -0.0000143491 0.0000999598 0.0000635379 0.0008407299 3.5808569981 2.0088155286 0.0673714174 2.0948133794 -0.0301361890 0.5856675868
1700030435.50007 -53.598066 69.665442 -0.529409 0.009170 0.041634 0.697693 0.715127 0.0000804338 -0.0000056450 -0.0000154188 0.0001004823 0.0000681545 0.0008352730 3.6283335621 2.0275448785 0.0673425743 2.0987017719 -0.0305345418 0.5905999927
1700030435.56726 -53.611409 70.235657 -0.608569 0.001536 0.041217 0.710856 0.702127 0.0000800142 -0.0000053034 -0.0000210032 0.0000993526 0.0000610442 0.0008319177 3.6589450617 2.0331607455 0.0675484849 2.0942852229 -0.0310489723 0.5937126124
1700030435.63446 -53.673970 70.828850 -0.658601 0.000825 0.040854 0.722744 0.689907 0.0000796942 -0.0000045683 -0.0000202770 0.0000996378 0.0000597044 0.0008330279 3.7140594075 2.0517735759 0.0681812296 2.0970197134 -0.0308556503 0.5995280966
1700030435.70167 -53.702922 71.401367 -0.761209 0.005716 0.030552 0.728733 0.684092 0.0000787490 -0.0000027785 -0.0000016590 0.0000983729 0.0000557263 0.0008319108 3.7646337720 2.0693415857 0.0685455780 2.0998351498 -0.0310984684 0.6041762880
1700030435.76888 -53.928652 71.946034 -0.708745 0.008167 0.026152 0.737979 0.674268 0.0000784823 -0.0000020007 0.0000035553 0.0000979244 0.0000523617 0.0008313931 3.8169191792 2.0875235573 0.0703769841 2.1037336856 -0.0302748255 0.6100111359
1700030435.83610 -54.065199 72.476703 -0.652822 0.012568 0.025265 0.741878 0.669941 0.0000783361 -0.0000012330 0.0000100013 0.0000987185 0.0000568395 0.0008312886 3.8698135646 2.1150204569 0.0722638491 2.1205619748 -0.0304682309 0.6161701425
1700030435.90332 -54.135278 73.062929 -0.630213 0.012553 0.038268 0.743709 0.667289 0.0000780783 -0.0000019667 -0.0000029038 0.0001014445 0.0000699670 0.0008310044 3.9245169006 2.1390838242 0.0736557418 2.1319225101 -0.0311039252 0.6226215429
1700030435.97056 -54.097409 73.744319 -0.714836 0.003553 0.038477 0.744491 0.666513 0.0000781619 -0.0000024010 -0.0000127010 0.0001005740 0.0000620662 0.0008337354 3.9843194772 2.1617389049 0.0752058586 2.1396561472 -0.0317305165 0.6290682923
1700030436.03780 -53.982834 74.523126 -0.739056 -0.000112 0.040290 0.748190 0.662260 0.0000779808 -0.0000024967 -0.0000204966 0.0001008333 0.0000628485 0.0008329630 4.0534185929 2.1813030445 0.0755314000 2.1388379619 -0.0318990236 0.6344178148
1700030436.10504 -54.054979 75.187553 -0.731402 0.000539 0.041079 0.754734 0.654744 0.0000778723 -0.0000016984 -0.0000189418 0.0001010774 0.0000616805 0.0008353545 4.1375255194 2.2016605714 0.0768929172 2.1345568623 -0.0322843743 0.6431500438
1700030436.17229 -54.132867 75.830898 -0.730938 -0.006837 0.035109 0.760263 0.648630 0.0000781285 -0.0000008793 -0.0000209420 0.0000995670 0.0000482899 0.0008396885 4.2102404490 2.2278046191 0.0781235387 2.1434420091 -0.0329924805 0.6514573354
1700030436.23955 -54.192244 76.461934 -0.733789 -0.007995 0.034010 0.764336 0.643871 0.0000787296 -0.0000004737 -0.0000206688 0.0000999138 0.0000455909 0.0008426216 4.2814128175 2.2529536206 0.0793498484 2.1526085999 -0.0338102273 0.6597170887
1700030436.30681 -54.257250 77.059721 -0.807874 0.000141 0.025371 0.765498 0.642938 0.0000785376 0.0000006268 -0.0000017441 0.0001001142 0.0000426506 0.0008459281 4.3505179588 2.2761382395 0.0806038671 2.1603564224 -0.0351663200 0.6664999518
1700030436.37408 -54.314392 77.686766 -0.806197 0.003578 0.020886 0.766574 0.641807 0.0000792006 0.0000011945 0.0000061817 0.0001007280 0.0000417621 0.0008485795 4.4185545308 2.2997407530 0.0817367959 2.1701409352 -0.0357221356 0.6745043203
1700030436.44136 -54.370050 78.318940 -0.811939 0.006839 0.019090 0.768733 0.639248 0.0000799745 0.0000017360 0.0000121199 0.0001015619 0.0000428188 0.0008509270 4.4907969493 2.3234778472 0.0831284166 2.1793307577 -0.0368441195 0.6831057774
1700030436.50817 -54.442767 78.972618 -0.807734 0.007756 0.029480 0.767503 0.640321 0.0000801874 0.0000009655 0.0000031846 0.0001028050 0.0000554184 0.0008513946 4.5629251448 2.3468490872 0.0836910881 2.1883525784 -0.0387514722 0.6881374092
1700030436.57451 -54.806930 79.532027 -0.892809 -0.001259 0.027461 0.765838 0.642446 0.0000798342 -0.0000002196 -0.0000066320 0.0001014466 0.0000481421 0.0008505101 4.6265691966 2.3688064072 0.0866184243 2.1983728648 -0.0392308827 0.6946172073
1700030436.64085 -54.950038 80.177180 -0.967736 -0.000927 0.035373 0.766593 0.641158 0.0000785275 -0.0000001874 -0.0000122940 0.0001025746 0.0000577318 0.0008495252 4.6865011958 2.4087827988 0.0871457756 2.2320713485 -0.0399589664 0.7020116400
1700030436.70718 -55.178472 80.492258 -0.964005 0.008318 0.037568 0.767281 0.640155 0.0000781932 -0.0000009476 -0.0000072407 0.0001021199 0.0000682166 0.0008480955 4.7567993004 2.4416465953 0.0870221061 2.2292995663 -0.0342396721 0.7071646491
1700030436.77351 -55.334783 81.237723 -0.998009 -0.001515 0.033230 0.766799 0.641025 0.0000774843 -0.0000008287 -0.0000116740 0.0000988736 0.0000509449 0.0008507599 4.7860977830 2.4644547764 0.0878653637 2.2504068693 -0.0346823982 0.7107724558
1700030436.83983 -55.592154 81.882745 -1.024495 -0.008495 0.031741 0.768334 0.639205 0.0000756330 -0.0000001259 -0.0000137387 0.0000967546 0.0000474025 0.0008431821 4.8526055878 2.4903348076 0.0897423418 2.2572942053 -0.0334227113 0.7187493455
1700030436.90614 -55.799157 82.561792 -1.125874 -0.010438 0.027674 0.763620 0.644988 0.0000755124 -0.0000002533 -0.0000152132 0.0000951747 0.0000364258 0.0008442039 4.9234100585 2.5256899843 0.0906904112 2.2777726856 -0.0332967617 0.7264608157
1700030436.97246 -56.005525 83.318814 -1.108462 -0.002337 0.021783 0.759354 0.650309 0.0000753795 -0.0000000016 -0.0000015490 0.0000950254 0.0000366084 0.0008445024 5.0001790770 2.5612165025 0.0909180377 2.2949474732 -0.0328513437 0.7344898077
1700030437.03876 -56.072837 84.010245 -1.118353 0.000252 0.020514 0.757320 0.652722 0.0000753768 0.0000000962 0.0000022512 0.0000947964 0.0000359871 0.0008449966 5.0879004800 2.5984511515 0.0926829938 2.3140867060 -0.0340674582 0.7446196677
1700030437.10507 -55.950753 84.712827 -0.922614 0.001785 0.030018 0.754037 0.656143 0.0000755407 -0.0000006703 -0.0000072701 0.0000963169 0.0000491830 0.0008433407 5.1684937180 2.6243766961 0.0922875143 2.3228407153 -0.0357140953 0.7526128612
1700030437.17137 -56.225273 85.080841 -0.893443 -0.000123 0.026300 0.751646 0.659042 0.0000749517 -0.0000007222 -0.0000047009 0.0000945384 0.0000396464 0.0008411717 5.2403545624 2.6343857143 0.0911613767 2.3125914380 -0.0375101392 0.7580835925
1700030437.23766 -56.358284 85.997426 -1.053562 -0.001534 0.034110 0.752554 0.657644 0.0000748967 -0.0000010412 -0.0000120243 0.0000949730 0.0000496012 0.0008392528 5.2767839322 2.6614200553 0.0895277419 2.3222840880 -0.0331106730 0.7596979260
1700030437.30395 -56.560763 86.775740 -1.116474 0.002431 0.037189 0.755433 0.654165 0.0000743668 -0.0000011265 -0.0000117836 0.0000953814 0.0000569728 0.0008358403 5.3826650616 2.7013515606 0.0886019705 2.3225045127 -0.0288936713 0.7691984752
1700030437.37023 -56.868688 87.343029 -1.180910 -0.007948 0.031454 0.757089 0.652506 0.0000744279 -0.0000013333 -0.0000183769 0.0000928964 0.0000400101 0.0008361725 5.4724282009 2.7387977375 0.0898658027 2.3377340938 -0.0291706627 0.7793875996
1700030437.43651 -57.072071 87.808929 -1.221077 -0.010038 0.028201 0.757996 0.651572 0.0000742656 -0.0000012033 -0.0000180820 0.0000923811 0.0000354613 0.0008360652 5.5366176274 2.7749833827 0.0909830043 2.3614820331 -0.0295760204 0.7872636224
1700030437.50283 -57.222595 88.273979 -1.198220 -0.009870 0.019686 0.754639 0.655771 0.0000736591 -0.0000008517 -0.0000077798 0.0000913859 0.0000285790 0.0008351648 5.5825191475 2.7976534288 0.0918997452 2.3735453821 -0.0292818625 0.7927190685
1700030437.56918 -57.352445 88.794122 -1.127486 -0.004948 0.012747 0.749976 0.661324 0.0000734377 -0.0000006943 0.0000034550 0.0000901306 0.0000234626 0.0008315909 5.6240625668 2.8177119067 0.0921648988 2.3820899546 -0.0286067100 0.7979862990
1700030437.63552 -57.396940 89.406949 -1.089170 -0.002135 0.010326 0.747505 0.664172 0.0000733822 -0.0000006433 0.0000088577 0.0000898229 0.0000237371 0.0008298068 5.6793173431 2.8397955246 0.0929281093 2.3927362510 -0.0294077975 0.8043106896
1700030437.70186 -57.545372 90.019527 -1.009912 0.000895 0.018681 0.746057 0.665619 0.0000732205 -0.0000009647 0.0000028483 0.0000906136 0.0000358446 0.0008288961 5.7525352630 2.8613024275 0.0937120530 2.3973989070 -0.0298277335 0.8111602975
1700030437.76819 -57.645429 90.558004 -0.898204 -0.006014 0.016178 0.743192 0.668856 0.0000730639 -0.0000014911 -0.0000028023 0.0000894040 0.0000248215 0.0008290426 5.8239051953 2.8889826152 0.0936396832 2.4088128031 -0.0300657299 0.8176053302
1700030437.83452 -57.863347 91.090718 -0.874850 -0.005812 0.024531 0.746608 0.664786 0.0000730013 -0.0000017699 -0.0000100230 0.0000899057 0.0000332101 0.0008272490 5.8852407309 2.9099188291 0.0937319611 2.4163072338 -0.0307212201 0.8230162416
1700030437.90085 -57.988479 91.553854 -0.774639 -0.001015 0.029497 0.748984 0.661930 0.0000727506 -0.0000017950 -0.0000103692 0.0000908646 0.0000442340 0.0008248063 5.9476119687 2.9389360235 0.0935107882 2.4320802908 -0.0303577163 0.8289989339
1700030437.96717 -58.216404 92.041671 -0.789119 -0.013621 0.023849 0.749629 0.661288 0.0000728388 -0.0000019074 -0.0000180626 0.0000885497 0.0000247787 0.0008246809 5.9982072983 2.9600136940 0.0930035126 2.4415937886 -0.0312407249 0.8338813338
1700030438.03348 -58.454685 92.532332 -0.845464 -0.016172 0.021302 0.751211 0.659521 0.0000728132 -0.0000018191 -0.0000190450 0.0000880319 0.0000201561 0.0008245678 6.0556678498 2.9888796918 0.0932146565 2.4591374351 -0.0311718735 0.8400641940
1700030438.09979 -58.533144 93.045028 -0.879309 -0.017084 0.018850 0.748303 0.662869 0.0000728664 -0.0000019808 -0.0000195718 0.0000874540 0.0000168797 0.0008247826 6.1136111351 3.0193157221 0.0938010099 2.4763980029 -0.0303174336 0.8461149921
1700030438.16610 -58.642709 93.751252 -0.845895 -0.008092 0.016084 0.743340 0.668671 0.0000724122 -0.0000020834 -0.0000061574 0.0000871592 0.0000208950 0.0008247269 6.1745417344 3.0406440342 0.0943156903 2.4816104651 -0.0293813329 0.8519045998
1700030438.23240 -58.739782 94.362507 -0.800405 -0.000994 0.015781 0.740559 0.671805 0.0000724494 -0.0000019762 0.0000020888 0.0000874690 0.0000281545 0.0008247723 6.2661751265 3.0711678885 0.0955794462 2.4912793605 -0.0299381892 0.8611531106
1700030438.29870 -58.828743 94.988666 -0.868713 0.001264 0.025807 0.737109 0.675280 0.0000726244 -0.0000024292 -0.0000032495 0.0000885657 0.0000407800 0.0008243180 6.3453813972 3.0975452680 0.0963726494 2.5005917314 -0.0307916981 0.8689922377
1700030438.36499 -58.954046 95.596218 -0.814821 -0.002293 0.029847 0.735071 0.677329 0.0000727031 -0.0000030367 -0.0000130550 0.0000887140 0.0000420913 0.0008241031 6.4245375877 3.1236836281 0.0971100933 2.5097480154 -0.0309740362 0.8768973585
1700030438.43128 -59.056842 96.068330 -0.665043 0.000940 0.032221 0.736401 0.675777 0.0000725293 -0.0000029419 -0.0000118171 0.0000890843 0.0000472511 0.0008238115 6.5020081261 3.1518584442 0.0977169495 2.5190804083 -0.0308395827 0.8839302004
1700030438.49760 -59.160818 96.624223 -0.605317 0.001181 0.032469 0.737479 0.674588 0.0000723184 -0.0000028014 -0.0000103006 0.0000891072 0.0000483597 0.0008237538 6.5608002973 3.1721498464 0.0977402222 2.5277137104 -0.0322316454 0.8893086344
1700030438.56396 -59.376923 97.179510 -0.639272 -0.012295 0.027503 0.738421 0.673667 0.0000724626 -0.0000029083 -0.0000186880 0.0000868422 0.0000289842 0.0008250646 6.6310659722 3.1972577301 0.0978744895 2.5367694844 -0.0322767182 0.8957054051
1700030438.63030 -59.544330 97.766066 -0.670820 -0.014971 0.029942 0.737551 0.674461 0.0000727375 -0.0000032379 -0.0000256673 0.0000868401 0.0000293018 0.0008247850 6.7025755830 3.2292214419 0.0982932256 2.5552223884 -0.0326222026 0.9032276318
1700030438.69665 -59.514993 98.587214 -0.744567 -0.006059 0.022057 0.731648 0.681298 0.0000718722 -0.0000028606 -0.0000114392 0.0000866085 0.0000290677 0.0008254268 6.7779218404 3.2594118120 0.0979804969 2.5679376435 -0.0326966738 0.9106161678
1700030438.76299 -59.411365 99.369662 -0.738293 -0.000777 0.017421 0.725540 0.687959 0.0000717341 -0.0000027095 -0.0000015152 0.0000864880 0.0000283966 0.0008265619 6.8929567137 3.2866176285 0.0986739569 2.5680275939 -0.0330204506 0.9213301393
1700030438.82932 -59.433711 100.011643 -0.698249 0.003421 0.016723 0.722962 0.690676 0.0000719915 -0.0000026315 0.0000050456 0.0000868647 0.0000322973 0.0008273030 7.0025363097 3.3059907179 0.0994133294 2.5626212509 -0.0339867894 0.9311383442
1700030438.89565 -59.477787 100.598891 -0.654574 0.003441 0.024596 0.719694 0.693847 0.0000721246 -0.0000031775 -0.0000031016 0.0000877260 0.0000403453 0.0008277612 7.0926192197 3.3293736335 0.0996536504 2.5665492383 -0.0346748688 0.9390163103
1700030438.96198 -59.538227 101.201934 -0.615102 0.000787 0.033452 0.717314 0.695946 0.0000724953 -0.0000040812 -0.0000152765 0.0000886324 0.0000468914 0.0008281143 7.1741483552 3.3526676078 0.0998471481 2.5739411559 -0.0357503120 0.9462486042
1700030439.02830 -59.531650 101.657069 -0.430512 0.009837 0.033323 0.719442 0.693683 0.0000724542 -0.0000034873 -0.0000051180 0.0000899134 0.0000555216 0.0008286355 7.2590997509 3.3785623049 0.1002955301 2.5811039020 -0.0353380468 0.9529426582
1700030439.09461 -59.687527 102.260273 -0.427690 0.004441 0.032292 0.720293 0.692904 0.0000728414 -0.0000037592 -0.0000087192 0.0000888789 0.0000488705 0.0008304341 7.3223078145 3.3923440849 0.1003018330 2.5839109620 -0.0373404325 0.9583262728
1700030439.16093 -59.765856 102.943795 -0.423214 -0.009882 0.029156 0.721434 0.691798 0.0000737819 -0.0000039845 -0.0000217574 0.0000874402 0.0000307404 0.0008339048 7.4117806161 3.4273344662 0.1011015981 2.6000573615 -0.0366581775 0.9670815014
1700030439.22723 -59.796516 103.505903 -0.467600 -0.012205 0.027743 0.720105 0.693202 0.0000741699 -0.0000040332 -0.0000226567 0.0000872224 0.0000274724 0.0008358054 7.5112805612 3.4564933883 0.1021505131 2.6085991970 -0.0376100676 0.9762776357
1700030439.29354 -59.786487 103.907249 -0.423094 -0.000444 0.018407 0.717012 0.696818 0.0000737817 -0.0000034764 -0.0000019954 0.0000877536 0.0000301600 0.0008381691 7.5931224260 3.4795312611 0.1030549851 2.6151807185 -0.0377159815 0.9845370441
1700030439.35983 -59.831271 104.471939 -0.412831 0.003172 0.014223 0.714065 0.699928 0.0000743623 -0.0000032352 0.0000071932 0.0000880904 0.0000286582 0.0008403837 7.6522024102 3.4930933973 0.1040624037 2.6200631894 -0.0387755413 0.9904609702
1700030439.42613 -59.880966 105.079799 -0.390824 0.007123 0.015914 0.712662 0.701290 0.0000749202 -0.0000030832 0.0000099185 0.0000891063 0.0000346159 0.0008420134 7.7378602342 3.5170773484 0.1051732056 2.6294863203 -0.0393486148 0.9990521326
1700030439.49245 -59.931542 105.703122 -0.389935 0.004001 0.022525 0.709211 0.704625 0.0000753217 -0.0000036673 -0.0000006939 0.0000899898 0.0000385986 0.0008439381 7.8312280705 3.5431249236 0.1065080894 2.6398266544 -0.0404515688 1.0083279464
1700030439.55881 -59.963783 106.264857 -0.256281 0.000517 0.032467 0.707248 0.706220 0.0000760744 -0.0000045889 -0.0000157425 0.0000911847 0.0000447298 0.0008450410 7.9264554619 3.5702111401 0.1076562715 2.6510042367 -0.0415424990 1.0161916688
1700030439.62516 -59.939022 106.755917 -0.174623 0.006714 0.032730 0.708929 0.704488 0.0000758565 -0.0000040759 -0.0000094259 0.0000924105 0.0000512535 0.0008462221 8.0113161523 3.5924899751 0.1092436561 2.6581841747 -0.0437258933 1.0235945239
1700030439.69150 -59.928088 107.295775 -0.161214 -0.001520 0.030040 0.709529 0.704034 0.0000764765 -0.0000041840 -0.0000152456 0.0000916528 0.0000412172 0.0008493930 8.0877109193 3.6080202387 0.1101900154 2.6594687438 -0.0438904562 1.0297811525
1700030439.75785 -60.000864 108.047530 -0.302923 -0.009041 0.022435 0.710743 0.703036 0.0000758290 -0.0000031503 -0.0000152404 0.0000900221 0.0000251123 0.0008523718 8.1694966360 3.6280312712 0.1100770773 2.6587675428 -0.0414589602 1.0355617287
1700030439.82418 -60.016805 108.705795 -0.288592 -0.014226 0.022695 0.710605 0.703081 0.0000751932 -0.0000022541 -0.0000224047 0.0000895702 0.0000207851 0.0008532403 8.2846687356 3.6611549130 0.1107157063 2.6701838654 -0.0409154728 1.0472396352
1700030439.89052 -60.219007 109.285444 -0.329213 -0.005077 0.019906 0.706683 0.707232 0.0000743226 -0.0000022912 -0.0000088177 0.0000894569 0.0000275680 0.0008545190 8.3854852431 3.6868901563 0.1110611402 2.6723497011 -0.0409540704 1.0560577966
1700030439.95684 -60.263481 109.910359 -0.303535 -0.002680 0.017103 0.702935 0.711043 0.0000745833 -0.0000021228 -0.0000046553 0.0000898159 0.0000268323 0.0008568464 8.4791104355 3.7265277169 0.1120486573 2.6965051437 -0.0415878594 1.0663813387
1700030440.02317 -60.308728 110.581671 -0.283785 0.001379 0.020360 0.700172 0.713683 0.0000746208 -0.0000019214 -0.0000037813 0.0000907387 0.0000351066 0.0008581896 8.5800750646 3.7534870270 0.1135276125 2.7063136061 -0.0429665127 1.0768607667
1700030440.08949 -60.941845 111.339580 -0.287185 0.000197 0.023446 0.699671 0.714081 0.0000743294 -0.0000034703 -0.0000071049 0.0000889960 0.0000336676 0.0008564152 8.6765359488 3.7802323451 0.1112265124 2.7143472585 -0.0472820559 1.0813547524
1700030440.15580 -60.673836 111.880004 -0.163398 -0.003195 0.032941 0.696925 0.716380 0.0000752627 -0.0000046422 -0.0000246480 0.0000892140 0.0000413040 0.0008530539 8.7833122863 3.8647634652 0.1106141602 2.7619651161 -0.0474824960 1.0948363966
1700030440.22211 -60.647954 112.400974 -0.117844 0.004728 0.036202 0.698647 0.714535 0.0000750820 -0.0000050417 -0.0000187596 0.0000898269 0.0000535364 0.0008538010 8.8685775116 3.8660055401 0.1103538027 2.7289381983 -0.0435428987 1.0988030905
1700030440.28841 -60.686416 112.985737 -0.104635 -0.004189 0.030696 0.699695 0.713769 0.0000755683 -0.0000047724 -0.0000220462 0.0000878865 0.0000378096 0.0008575381 8.9539380196 3.8859569930 0.1105925269 2.7266994148 -0.0422483373 1.1055123614
1700030440.35471 -60.673103 113.734026 -0.154259 -0.008594 0.030174 0.702132 0.711356 0.0000759703 -0.0000046174 -0.0000257933 0.0000874505 0.0000325797 0.0008589359 9.0467295116 3.9096371889 0.1111935362 2.7324056066 -0.0426710662 1.1141258346
1700030440.42101 -60.663669 114.457157 -0.180619 -0.012220 0.026990 0.700505 0.713032 0.0000763725 -0.0000044493 -0.0000280190 0.0000868898 0.0000254926 0.0008608886 9.1679767146 3.9344176301 0.1121922323 2.7300849760 -0.0423348992 1.1253161070
1700030440.48734 -60.627647 115.233893 -0.198750 -0.002814 0.023961 0.694693 0.718902 0.0000760506 -0.0000041991 -0.0000141087 0.0000871634 0.0000317214 0.0008627549 9.2889782482 3.9607818563 0.1142054397 2.7175809841 -0.0361693304 1.1333750429
1700030440.55369 -60.618068 115.903004 -0.183707 -0.000552 0.022443 0.691504 0.722024 0.0000764406 -0.0000041318 -0.0000097464 0.0000873084 0.0000330697 0.0008649594 9.4226258895 3.9885159566 0.1155695935 2.7190451817 -0.0367382849 1.1457055885
1700030440.62005 -60.580740 116.537591 -0.095435 0.001951 0.030765 0.687681 0.725358 0.0000772280 -0.0000047744 -0.0000175367 0.0000884407 0.0000443338 0.0008657731 9.5382910523 4.0137994158 0.1166431441 2.7228619278 -0.0376374965 1.1558050076
1700030440.68639 -60.548549 117.169836 0.031237 0.003137 0.028763 0.685253 0.727730 0.0000775760 -0.0000045913 -0.0000136357 0.0000887995 0.0000436830 0.0008682281 9.6467327177 4.0348645335 0.1180536743 2.7248255240 -0.0390940199 1.1650531474
1700030440.75274 -60.657695 117.901689 -0.065321 -0.001078 0.033599 0.686760 0.726107 0.0000782681 -0.0000049373 -0.0000218362 0.0000888149 0.0000448223 0.0008693951 9.7539647323 4.0558262305 0.1182494961 2.7267195279 -0.0408275142 1.1741214025
1700030440.81908 -60.695745 118.508531 -0.047058 0.000387 0.036398 0.689537 0.723335 0.0000787272 -0.0000050518 -0.0000240840 0.0000892395 0.0000481811 0.0008708307 9.8832488026 4.0955287439 0.1192353965 2.7417657184 -0.0404546796 1.1861964002
1700030440.88541 -60.822491 119.077957 -0.140799 -0.012304 0.030330 0.690720 0.722381 0.0000795084 -0.0000046735 -0.0000299785 0.0000872007 0.0000272103 0.0008732623 9.9851809656 4.1205853793 0.1193309756 2.7492066816 -0.0420016682 1.1959551742
1700030440.95174 -60.815396 119.721664 -0.162620 -0.013041 0.029358 0.690181 0.722923 0.0000800786 -0.0000046386 -0.0000309416 0.0000874240 0.0000251163 0.0008754520 10.0844228647 4.1537870457 0.1201887513 2.7657738067 -0.0424076400 1.2058775768
1700030441.01806 -60.715784 120.424841 -0.169427 -0.005038 0.022522 0.685991 0.727244 0.0000795467 -0.0000043250 -0.0000145644 0.0000877300 0.0000265755 0.0008778344 10.1945576841 4.1764735406 0.1224480752 2.7706550134 -0.0432093850 1.2161433284
1700030441.08438 -60.687314 121.128371 -0.154816 -0.002453 0.019849 0.682583 0.730534 0.0000797807 -0.0000042680 -0.0000091433 0.0000878977 0.0000268004 0.0008801581 10.3217911353 4.1945634727 0.1237886124 2.7674456664 -0.0446922536 1.2275819083
1700030441.15070 -60.677366 121.777172 -0.162706 0.001814 0.020687 0.681067 0.731926 0.0000802408 -0.0000042083 -0.0000053679 0.0000886687 0.0000330245 0.0008819321 10.4503418078 4.2190769945 0.1249734755 2.7720922593 -0.0460281830 1.2389148563
1700030441.21701 -60.630762 122.418717 -0.204478 0.004227 0.027730 0.677877 0.734640 0.0000808363 -0.0000045752 -0.0000122407 0.0000894934 0.0000429874 0.0008829664 10.5690119501 4.2437588127 0.1256938043 2.7784492700 -0.0468152141 1.2482324429
1700030441.28332 -60.590458 123.045966 -0.092129 0.000960 0.037953 0.675462 0.736416 0.0000819096 -0.0000057510 -0.0000270114 0.0000900910 0.0000499205 0.0008825548 10.6806541542 4.2631774174 0.1279443800 2.7823479956 -0.0468866602 1.2559999660
1700030441.34962 -60.490844 124.095852 -0.158623 0.005743 0.037743 0.676195 0.735733 0.0000813710 -0.0000054410 -0.0000213717 0.0000901101 0.0000556248 0.0008833537 10.7913986369 4.2821723218 0.1284646162 2.7833850768 -0.0480152111 1.2640735718
1700030441.41591 -60.452719 124.887183 -0.179210 0.000365 0.037408 0.676343 0.735637 0.0000821050 -0.0000056459 -0.0000265623 0.0000893058 0.0000500438 0.0008853464 10.9904469123 4.3148394026 0.1303161766 2.7832174162 -0.0486102808 1.2816090785
1700030441.48245 -60.411670 125.595823 -0.124921 -0.012660 0.032782 0.677252 0.734911 0.0000834570 -0.0000054248 -0.0000376396 0.0000873019 0.0000295655 0.0008878267 11.1372024496 4.3433754709 0.1317017545 2.7889778953 -0.0494773572 1.2944634210
1700030441.54924 -60.353234 126.260438 -0.122002 -0.014802 0.029697 0.679259 0.733148 0.0000836486 -0.0000050689 -0.0000352123 0.0000870007 0.0000234238 0.0008894515 11.2647001212 4.3657510854 0.1325820850 2.7942319662 -0.0515323508 1.3055168949
1700030441.61603 -60.519127 126.919812 -0.160688 -0.002663 0.025634 0.684117 0.728917 0.0000827670 -0.0000045780 -0.0000150814 0.0000877666 0.0000334753 0.0008910656 11.3826415814 4.3838725598 0.1331103805 2.7985306073 -0.0531832792 1.3159749543
1700030441.68282 -60.675616 127.522261 -0.192747 0.000619 0.026979 0.688472 0.724760 0.0000831031 -0.0000045610 -0.0000136731 0.0000883542 0.0000383720 0.0008909585 11.4995992859 4.4252213606 0.1334609490 2.8220015311 -0.0539516034 1.3267543029
1700030441.74962 -60.648637 128.238734 -0.234195 0.006290 0.035877 0.692305 0.720685 0.0000835187 -0.0000050982 -0.0000164992 0.0000904188 0.0000546423 0.0008897693 11.6085490376 4.4627850775 0.1355502602 2.8414922220 -0.0549435043 1.3377162506
1700030441.81643 -60.529859 129.263702 -0.288796 0.004178 0.038319 0.694617 0.718347 0.0000836084 -0.0000057965 -0.0000220659 0.0000902098 0.0000533433 0.0008901472 11.7375470177 4.4795861198 0.1386883410 2.8306082758 -0.0547559744 1.3495244539
1700030441.88325 -60.288188 129.955403 -0.258659 0.004675 0.049212 0.698832 0.713576 0.0000846906 -0.0000073377 -0.0000356560 0.0000922851 0.0000678888 0.0008881313 11.9349397670 4.5034750052 0.1407819796 2.8217848970 -0.0539065996 1.3657332739
1700030441.95007 -60.275534 130.756992 -0.296199 0.003563 0.045640 0.706781 0.705950 0.0000844478 -0.0000068011 -0.0000307106 0.0000917482 0.0000646624 0.0008899365 12.0629271746 4.5032790857 0.1430122530 2.8039859001 -0.0521141339 1.3747340057
1700030442.01690 -60.292709 131.572238 -0.372649 -0.003721 0.040046 0.712145 0.700880 0.0000848696 -0.0000062982 -0.0000312738 0.0000897085 0.0000492812 0.0008926704 12.2147386273 4.5334406373 0.1447025934 2.8077031746 -0.0507880847 1.3876854808
1700030442.08373 -60.274210 132.298108 -0.435737 -0.004460 0.035322 0.715877 0.697318 0.0000849206 -0.0000058263 -0.0000259709 0.0000893430 0.0000428467 0.0008937577 12.3670378021 4.5641884862 0.1474305200 2.8188052742 -0.0517797016 1.4021670815
1700030442.15057 -60.430364 133.136922 -0.468962 -0.003839 0.026478 0.714807 0.698810 0.0000847814 -0.0000053162 -0.0000148002 0.0000885373 0.0000330969 0.0008966731 12.5059585640 4.5890520256 0.1496717032 2.8266817639 -0.0525000066 1.4149813354
1700030442.21742 -60.461355 133.867733 -0.436574 0.002936 0.020508 0.713647 0.700200 0.0000850576 -0.0000048778 -0.0000015475 0.0000891376 0.0000350044 0.0008978585 12.6708088926 4.6377589260 0.1527833618 2.8512532743 -0.0541162770 1.4312600175
1700030442.28428 -60.453785 134.608231 -0.416312 0.005629 0.017317 0.713264 0.700659 0.0000856183 -0.0000046779 0.0000053892 0.0000895398 0.0000345063 0.0008992414 12.8159686011 4.6685153846 0.1560952459 2.8660423608 -0.0562355081 1.4449487979
1700030442.35113 -60.514774 135.376617 -0.523814 0.008543 0.024579 0.711475 0.702230 0.0000860778 -0.0000049550 0.0000010071 0.0000911557 0.0000468279 0.0008996046 12.9651910671 4.6952779424 0.1586533932 2.8777186419 -0.0581526855 1.4580671594
1700030442.41800 -60.549802 136.140897 -0.547372 0.000573 0.023989 0.707573 0.706232 0.0000865660 -0.0000054342 -0.0000087592 0.0000903705 0.0000373925 0.0009016849 13.1183531939 4.7324218905 0.1614580820 2.8970486994 -0.0590237560 1.4723588812
1700030442.48465 -60.617413 137.047137 -0.553477 -0.000597 0.032731 0.708620 0.704831 0.0000870734 -0.0000063451 -0.0000181546 0.0000913045 0.0000468360 0.0009015969 13.2706236131 4.7629110604 0.1647030016 2.9068837353 -0.0608797335 1.4864415177
1700030442.55109 -60.874853 137.753523 -0.544928 0.005462 0.036225 0.710866 0.702373 0.0000867378 -0.0000067137 -0.0000164131 0.0000932099 0.0000588087 0.0009007130 13.4497457107 4.8049803400 0.1666633866 2.9265978493 -0.0633488941 1.5031526832
1700030442.61752 -60.974571 138.585263 -0.544677 -0.004576 0.032756 0.710532 0.702887 0.0000873301 -0.0000069071 -0.0000222502 0.0000912115 0.0000411567 0.0009027812 13.5846864992 4.8617506878 0.1678893967 2.9591997618 -0.0645236381 1.5167483248
1700030442.68395 -61.167948 139.056380 -0.476328 -0.006732 0.030256 0.712563 0.700923 0.0000875152 -0.0000071246 -0.0000233569 0.0000909937 0.0000371964 0.0009032401 13.7471111713 4.9002144615 0.1714430560 2.9634458986 -0.0627106588 1.5317635399
1700030442.75038 -61.353114 139.714702 -0.482959 -0.009040 0.025017 0.710650 0.703043 0.0000875675 -0.0000067813 -0.0000203139 0.0000906228 0.0000292268 0.0009052353 13.8334889041 4.9340181200 0.1728023316 2.9803205927 -0.0627237056 1.5406523575
1700030442.81681 -61.401038 140.357840 -0.450192 -0.001543 0.021410 0.706662 0.707226 0.0000877512 -0.0000063765 -0.0000072103 0.0000912100 0.0000326652 0.0009073771 13.9694869021 4.9782464956 0.1732384912 3.0030846745 -0.0627723259 1.5526771695
1700030442.88323 -61.420853 141.156012 -0.433448 0.000684 0.021775 0.704474 0.709395 0.0000883950 -0.0000063408 -0.0000047398 0.0000919157 0.0000352343 0.0009095002 14.1072498260 5.0068836316 0.1753914163 3.0207738226 -0.0656560491 1.5657848299
1700030442.94964 -61.433108 141.666852 -0.152859 0.004148 0.029904 0.701738 0.711795 0.0000888884 -0.0000078131 -0.0000156681 0.0000915848 0.0000479316 0.0009073521 14.2680855413 5.0366669665 0.1729136844 3.0309577464 -0.0649649642 1.5761979893
1700030443.01606 -61.679668 142.376158 -0.188547 0.002036 0.030608 0.700817 0.712681 0.0000891112 -0.0000077379 -0.0000136405 0.0000912507 0.0000436761 0.0009094118 14.3692515623 5.0566993252 0.1729655798 3.0383938426 -0.0662137919 1.5836893355
1700030443.08247 -61.590400 143.217851 -0.171843 0.002771 0.036780 0.700275 0.712920 0.0000897535 -0.0000084777 -0.0000213129 0.0000925987 0.0000535548 0.0009092806 14.5189669435 5.1108930720 0.1722776790 3.0699427394 -0.0658770773 1.5963749670
1700030443.14887 -61.581090 143.956376 -0.147142 0.005814 0.038293 0.702037 0.711086 0.0000901539 -0.0000085178 -0.0000194430 0.0000936019 0.0000583260 0.0009107281 14.7040062289 5.1334186273 0.1736518162 3.0766899829 -0.0668612400 1.6111806280
1700030443.21528 -61.597626 144.851293 -0.247226 -0.005690 0.033601 0.702031 0.711330 0.0000910293 -0.0000084057 -0.0000265091 0.0000917569 0.0000398722 0.0009146463 14.8674915962 5.1606644482 0.1749243398 3.0889880856 -0.0675528710 1.6243433973
1700030443.28168 -61.581602 145.572281 -0.276808 -0.010017 0.032779 0.702363 0.710993 0.0000918944 -0.0000083693 -0.0000314705 0.0000916160 0.0000334785 0.0009166521 15.0657979228 5.1971177010 0.1774019802 3.1056012854 -0.0688656917 1.6415259089
1700030443.34807 -61.553938 146.345457 -0.265473 -0.005789 0.025986 0.700334 0.713318 0.0000917798 -0.0000078639 -0.0000190329 0.0000916302 0.0000308455 0.0009188223 15.2138606799 5.2175946146 0.1790322557 3.1120734022 -0.0691162841 1.6553715762
1700030443.41447 -61.518442 147.166528 -0.285297 -0.002181 0.019257 0.695133 0.718620 0.0000916939 -0.0000075374 -0.0000076909 0.0000915976 0.0000298943 0.0009213089 15.3875463106 5.2447816632 0.1808996746 3.1216537280 -0.0707347822 1.6709220376
1700030443.48088 -61.526892 147.893673 -0.295650 0.002497 0.018152 0.692976 0.720728 0.0000922040 -0.0000074098 -0.0000009172 0.0000921521 0.0000319562 0.0009235049 15.5746124857 5.2734223508 0.1830861769 3.1376288832 -0.0731659875 1.6879788194
1700030443.54732 -61.529716 148.646576 -0.306936 0.004766 0.027651 0.690066 0.723202 0.0000930192 -0.0000079413 -0.0000095073 0.0000938397 0.0000451221 0.0009245086 15.7418878595 5.3017439926 0.1848041815 3.1568083002 -0.0751396397 1.7026560863
1700030443.61375 -61.532842 149.383233 -0.318422 -0.000321 0.030438 0.686852 0.726159 0.0000941299 -0.0000084374 -0.0000193624 0.0000939167 0.0000421115 0.0009268299 15.9143255561 5.3308312042 0.1868796057 3.1772891318 -0.0779636543 1.7186993053
1700030443.68018 -61.494969 150.080451 -0.227249 0.001467 0.034676 0.686967 0.725859 0.0000943529 -0.0000086911 -0.0000225409 0.0000949450 0.0000477912 0.0009281511 16.0831315691 5.3587709049 0.1879986393 3.1964536247 -0.0794869335 1.7317651351
1700030443.74661 -61.484084 150.848504 -0.235432 0.002249 0.036154 0.688270 0.724550 0.0000947114 -0.0000089177 -0.0000228409 0.0000960430 0.0000520924 0.0009299423 16.2451144494 5.3783015803 0.1899992388 3.2140026625 -0.0836347166 1.7461189577
1700030443.81303 -61.429835 151.586942 -0.194185 -0.010088 0.029809 0.688738 0.724327 0.0000954692 -0.0000087951 -0.0000301026 0.0000942293 0.0000298568 0.0009339559 16.4259864684 5.4078224231 0.1912586199 3.2342470861 -0.0853866408 1.7607231979
1700030443.87945 -61.430548 152.322634 -0.198479 -0.010211 0.031348 0.689480 0.723554 0.0000962064 -0.0000089456 -0.0000320019 0.0000949316 0.0000312195 0.0009360346 16.5977141201 5.4279449374 0.1931374881 3.2530747328 -0.0892585467 1.7763028365
1700030443.94587 -61.415802 153.072103 -0.191183 -0.004229 0.025430 0.684997 0.728089 0.0000962219 -0.0000084623 -0.0000179676 0.0000953680 0.0000316962 0.0009392486 16.7704647786 5.4550226691 0.1951643462 3.2781495728 -0.0927004002 1.7922906426
1700030444.01228 -61.393680 153.820140 -0.189972 0.000523 0.023897 0.680859 0.732025 0.0000968159 -0.0000082770 -0.0000108392 0.0000961222 0.0000359020 0.0009415737 16.9502997165 5.4813767582 0.1973401126 3.3032564509 -0.0963063962 1.8090410272
1700030444.07869 -61.360520 154.549429 -0.160531 0.004397 0.024611 0.678891 0.733813 0.0000972965 -0.0000081880 -0.0000074557 0.0000971043 0.0000412257 0.0009435153 17.1313857682 5.5067240550 0.1991979588 3.3281568325 -0.0990992722 1.8246731306
1700030444.14509 -61.333380 155.340908 -0.257348 0.004473 0.031215 0.674667 0.737449 0.0000981802 -0.0000087759 -0.0000159591 0.0000984730 0.0000498938 0.0009447237 17.3085346419 5.5294881320 0.2008445653 3.3531254965 -0.1022971681 1.8395809937
1700030444.21150 -61.312114 156.102384 -0.264593 0.002153 0.040430 0.671721 0.739697 0.0000997524 -0.0000098943 -0.0000301100 0.0000998492 0.0000568155 0.0009454985 17.5015257569 5.5571006235 0.2028214425 3.3816370557 -0.1050830665 1.8575547677
1700030444.27789 -61.286535 156.847774 -0.266443 0.003570 0.038699 0.674265 0.737466 0.0001000121 -0.0000096404 -0.0000261631 0.0001004832 0.0000567700 0.0009482191 17.6873965468 5.5843999394 0.2051190558 3.4093906550 -0.1091867628 1.8751290197
1700030444.34429 -61.273383 157.389599 -0.320170 -0.000360 0.033322 0.674765 0.737280 0.0000997141 -0.0000093068 -0.0000251560 0.0000997424 0.0000463202 0.0009514877 17.8723402964 5.6102986977 0.2072173329 3.4330017109 -0.1148605869 1.8911125437
1700030444.41068 -61.270805 158.159918 -0.353547 -0.012308 0.028848 0.675868 0.736355 0.0001008395 -0.0000089534 -0.0000329461 0.0000986407 0.0000254543 0.0009551729 18.0062084522 5.6296546244 0.2085192840 3.4659733000 -0.1184364026 1.9039948121
1700030444.47718 -61.254148 158.915379 -0.369786 -0.012748 0.028899 0.674140 0.737928 0.0001016572 -0.0000089910 -0.0000336367 0.0000991668 0.0000248330 0.0009576304 18.1978701614 5.6568285136 0.2105561339 3.5002382456 -0.1232061949 1.9223963601
1700030444.54378 -61.361012 160.354492 -0.389589 -0.001732 0.024193 0.669198 0.742688 0.0001001507 -0.0000080977 -0.0000134551 0.0000995939 0.0000344186 0.0009602363 18.3845547596 5.6866885404 0.2118691380 3.4839386562 -0.1219503513 1.9375179348
1700030444.61038 -61.374089 161.423767 -0.378416 0.001882 0.021210 0.665231 0.746334 0.0001007194 -0.0000078254 -0.0000068137 0.0001001270 0.0000358336 0.0009627507 18.7586124176 5.7600073894 0.2154727053 3.5238894478 -0.1279092684 1.9723014147
1700030444.67699 -61.360415 162.220237 -0.377038 0.007460 0.023551 0.663183 0.748050 0.0001014727 -0.0000078201 -0.0000045552 0.0001015536 0.0000451701 0.0009644093 19.0375375892 5.8041929632 0.2185992552 3.5612773887 -0.1343951165 1.9986800725
1700030444.74359 -61.342938 163.037619 -0.384162 0.006052 0.025156 0.658561 0.752083 0.0001023900 -0.0000080349 -0.0000085266 0.0001020042 0.0000451490 0.0009668607 19.2441289161 5.8332141953 0.2208254099 3.5976901131 -0.1404431906 2.0182508620
1700030444.81020 -61.331249 163.838270 -0.376161 0.000877 0.035452 0.656711 0.753308 0.0001039856 -0.0000092478 -0.0000279294 0.0001031402 0.0000500810 0.0009679986 19.4569490120 5.8628212103 0.2234379277 3.6359393646 -0.1469790307 2.0390997302
1700030444.87680 -61.318039 164.636561 -0.368389 0.006921 0.036503 0.658295 0.751843 0.0001042930 -0.0000092135 -0.0000221731 0.0001050180 0.0000592844 0.0009697030 19.6661521250 5.8917538653 0.2261141932 3.6760017475 -0.1538965759 2.0598968468
1700030444.94341 -61.298735 165.456440 -0.372685 -0.001454 0.032857 0.658659 0.751723 0.0001050145 -0.0000090507 -0.0000274097 0.0001038168 0.0000437648 0.0009737118 19.8783421720 5.9210545614 0.2290275103 3.7167838370 -0.1602513069 2.0808014551
1700030445.01002 -61.211800 166.278290 -0.361389 -0.007368 0.032302 0.661177 0.749498 0.0001053034 -0.0000089006 -0.0000342125 0.0001036776 0.0000341607 0.0009765133 20.0965262429 5.9491279497 0.2315924067 3.7586445966 -0.1669617342 2.1021756385
1700030445.07663 -61.213415 167.249974 -0.628745 -0.009144 0.033847 0.657091 0.752996 0.0001057189 -0.0000089593 -0.0000384192 0.0001042200 0.0000353636 0.0009783602 20.3090023953 5.9676145496 0.2310059673 3.7923297697 -0.1697494679 2.1170366460
1700030445.14324 -61.212462 168.171235 -0.858673 -0.001758 0.026065 0.650608 0.758964 0.0001053844 -0.0000082253 -0.0000196326 0.0001047247 0.0000366794 0.0009820375 20.5713579742 6.0062221559 0.2330737895 3.8382504027 -0.1717174252 2.1393579916
1700030445.20985 -61.197373 169.106280 -1.111902 0.001349 0.021966 0.647741 0.761543 0.0001058485 -0.0000078656 -0.0000108434 0.0001052389 0.0000362712 0.0009848914 20.8239461775 6.0433825578 0.2352934192 3.8863260673 -0.1741970215 2.1606997262
1700030445.27646 -61.175097 169.999454 -1.251309 0.005873 0.030977 0.646094 0.762607 0.0001068411 -0.0000084753 -0.0000177138 0.0001073108 0.0000523648 0.0009856074 21.0830357577 6.0790170012 0.2377245894 3.9174180516 -0.1753762849 2.1841486006
1700030445.34307 -61.145169 170.601546 -1.293452 0.000238 0.027007 0.643131 0.765280 0.0001077817 -0.0000083415 -0.0000198230 0.0001063823 0.0000401263 0.0009893979 21.3297977928 6.1126530005 0.2404685288 3.9460210970 -0.1792313463 2.2078369716
1700030445.40968 -61.125374 171.436030 -1.383154 0.001397 0.038272 0.646922 0.761594 0.0001089792 -0.0000095283 -0.0000326134 0.0001088459 0.0000550394 0.0009895686 21.4933067336 6.1311792338 0.2426868986 3.9964499975 -0.1863597959 2.2244350397
1700030445.47627 -61.086932 172.350999 -1.480237 0.003923 0.036834 0.655926 0.753916 0.0001083388 -0.0000090741 -0.0000271263 0.0001101220 0.0000577697 0.0009918713 21.7259204482 6.1611336848 0.2457691566 4.0461308905 -0.1925895770 2.2474383030
1700030445.54317 -61.080082 173.178759 -1.555889 -0.004590 0.030694 0.667341 0.744105 0.0001087686 -0.0000086066 -0.0000288416 0.0001091413 0.0000383524 0.0009965128 21.9867407500 6.1941390429 0.2489254753 4.1010389186 -0.2004241884 2.2735606097
1700030445.61040 -61.071816 174.014215 -1.630901 -0.004090 0.029307 0.682383 0.730395 0.0001087319 -0.0000084744 -0.0000255140 0.0001104052 0.0000375978 0.0009994354 22.2230774508 6.2258488701 0.2519570900 4.1599761326 -0.2087778432 2.2979068068
1700030445.67764 -61.063012 174.840573 -1.692618 -0.002594 0.018807 0.692601 0.721071 0.0001084724 -0.0000076944 -0.0000096091 0.0001107694 0.0000268293 0.0010035153 22.4584703973 6.2571164945 0.2550799073 4.2212186746 -0.2176144878 2.3225346082
1700030445.74489 -61.123795 175.827632 -1.626862 0.001310 0.012409 0.701818 0.712247 0.0001083011 -0.0000069574 0.0000054354 0.0001116522 0.0000260573 0.0010061924 22.6959345266 6.2890204751 0.2587202937 4.2833410737 -0.2280199347 2.3465762335
1700030445.81215 -61.141068 176.701393 -1.638448 0.008823 0.015297 0.711441 0.702524 0.0001086214 -0.0000066180 0.0000103321 0.0001135288 0.0000369689 0.0010079619 22.9839937740 6.3396170830 0.2627253121 4.3562620613 -0.2405345357 2.3758462316
1700030445.87941 -61.189656 177.214322 -1.676437 0.010391 0.032594 0.718177 0.695019 0.0001086284 -0.0000078796 -0.0000095351 0.0001170646 0.0000614487 0.0010078730 23.2406560863 6.3732629213 0.2655777284 4.3424611199 -0.2325525758 2.3951381209
1700030445.94668 -61.208031 178.053161 -1.718719 0.000871 0.033294 0.717608 0.695650 0.0001099319 -0.0000085185 -0.0000224974 0.0001163336 0.0000495177 0.0010115860 23.3865297223 6.4009126671 0.2682661909 4.4145123793 -0.2412919209 2.4121019225
1700030446.01395 -61.273660 178.646672 -1.738807 0.002406 0.038964 0.718985 0.693928 0.0001106734 -0.0000092511 -0.0000277764 0.0001183964 0.0000596330 0.0010127301 23.6315273771 6.4320936036 0.2722244317 4.4688118806 -0.2496759655 2.4377622752
1700030446.08124 -61.320628 179.336085 -1.738706 0.002230 0.037574 0.722390 0.690461 0.0001110770 -0.0000090998 -0.0000258802 0.0001190013 0.0000572409 0.0010158583 23.8045624670 6.4627352505 0.2756470522 4.5359517430 -0.2567956681 2.4567114047
1700030446.14852 -61.353380 180.166221 -1.782828 -0.005460 0.034128 0.724226 0.688696 0.0001121878 -0.0000089705 -0.0000315784 0.0001182600 0.0000427508 0.0010198416 24.0098133485 6.4957462792 0.2793486292 4.6134306755 -0.2668677490 2.4798596247
1700030446.21582 -61.416328 180.888949 -1.801553 -0.010887 0.036467 0.724909 0.687793 0.0001136366 -0.0000093688 -0.0000417867 0.0001188460 0.0000398670 0.0010219914 24.2582248368 6.5296261675 0.2838469438 4.6864501445 -0.2741243623 2.5046308938
1700030446.28312 -61.517239 181.288536 -1.671483 -0.003056 0.026519 0.720463 0.692980 0.0001131217 -0.0000084817 -0.0000197243 0.0001190633 0.0000365785 0.0010264833 24.4715731266 6.5624754299 0.2891753218 4.7469756508 -0.2822624757 2.5242080578
1700030446.35043 -61.505408 181.608514 -1.335067 0.000536 0.020480 0.717959 0.695784 0.0001122093 -0.0000080892 -0.0000080359 0.0001193310 0.0000330211 0.0010292914 24.5859056897 6.5882248151 0.2858517507 4.8086925016 -0.2937700602 2.5220186323
1700030446.41775 -61.491059 182.463336 -1.270975 0.005028 0.019627 0.718449 0.695284 0.0001126645 -0.0000078475 -0.0000007692 0.0001204987 0.0000374126 0.0010316722 24.6774817259 6.5930168779 0.2864100273 4.8892642092 -0.3100000292 2.5297557661
1700030446.48507 -61.491095 183.702066 -0.989946 0.006388 0.028200 0.717330 0.696134 0.0001125713 -0.0000094442 -0.0000126875 0.0001171163 0.0000505695 0.0010298115 24.9027697343 6.7056073066 0.2562271107 4.5375076340 -0.2000884226 2.5011321840
1700030446.55193 -61.759084 184.952595 -1.023493 -0.000585 0.037054 0.718196 0.694853 0.0001135168 -0.0000105419 -0.0000295470 0.0001161656 0.0000489685 0.0010283206 25.2527829743 6.7985767119 0.2484169394 4.3674918098 -0.1599456649 2.5215828032
1700030446.61832 -61.017362 184.895770 -0.872490 0.003511 0.032772 0.718432 0.694815 0.0001121236 -0.0000104392 -0.0000237313 0.0001154954 0.0000482816 0.0010276237 25.6002677768 6.9070013628 0.2491111219 4.1160186483 -0.1122541120 2.5455738897
1700030446.68471 -61.100585 186.278804 -0.908736 -0.000304 0.031198 0.721678 0.691526 0.0001123326 -0.0000101037 -0.0000224418 0.0001134050 0.0000410304 0.0010270865 25.5411898908 6.8349742472 0.2394167740 3.8623846956 -0.0793271019 2.5339187954
1700030446.75109 -61.142172 187.200907 -0.975663 -0.010315 0.024894 0.724733 0.688502 0.0001131948 -0.0000097149 -0.0000277953 0.0001126757 0.0000178565 0.0010305994 25.9742654687 6.9109269953 0.2413510529 3.8911652854 -0.0797480323 2.5709913125
1700030446.81747 -61.108501 188.065269 -0.991960 -0.013392 0.023874 0.727137 0.685946 0.0001138404 -0.0000096650 -0.0000307744 0.0001129827 0.0000132930 0.0010320276 26.2508864638 6.9521309144 0.2433508409 3.9114739821 -0.0812786041 2.5941651090
1700030446.88385 -61.156828 188.877294 -0.956774 -0.004769 0.016969 0.727394 0.685994 0.0001136886 -0.0000094785 -0.0000126048 0.0001134173 0.0000148004 0.0010351782 26.5170209461 6.9851230926 0.2440657290 3.8956482039 -0.0783477301 2.6164402739
1700030446.95022 -61.175509 189.728136 -0.933078 -0.003211 0.014843 0.725865 0.687670 0.0001144540 -0.0000094115 -0.0000071358 0.0001138938 0.0000132608 0.0010377361 26.7706700038 7.0291855079 0.2445026670 3.9215973547 -0.0808607067 2.6384230996
1700030447.01659 -61.312028 190.550866 -0.907236 0.001426 0.017864 0.729633 0.683605 0.0001149640 -0.0000094014 -0.0000039288 0.0001150262 0.0000232793 0.0010395057 27.0364995588 7.0733683839 0.2444461940 3.9362159052 -0.0826449186 2.6610889663
1700030447.08295 -61.280640 191.339606 -0.883668 0.000240 0.020643 0.736480 0.676144 0.0001149472 -0.0000097769 -0.0000107225 0.0001161576 0.0000272707 0.0010412875 27.2936005746 7.1311912026 0.2453215710 3.9693744306 -0.0849090797 2.6831744079
1700030447.14931 -61.285398 191.985816 -0.833151 -0.006523 0.033959 0.744902 0.666277 0.0001154154 -0.0000113965 -0.0000344848 0.0001174457 0.0000371883 0.0010411741 27.5350644026 7.1537764572 0.2491695299 3.9667695099 -0.0802765977 2.7016617865
1700030447.21566 -61.359952 192.814516 -0.832412 -0.010970 0.032743 0.758881 0.650314 0.0001158122 -0.0000111697 -0.0000392167 0.0001184129 0.0000281418 0.0010441641 27.7397945018 7.1876791967 0.2500515161 3.9931967251 -0.0830454551 2.7195906360
1700030447.28201 -61.438786 193.645447 -0.838631 -0.017271 0.026604 0.771985 0.634849 0.0001159781 -0.0000104271 -0.0000407942 0.0001193259 0.0000123342 0.0010474662 28.0082820150 7.2386843328 0.2510098529 4.0250506912 -0.0851296175 2.7432388007
1700030447.34836 -61.519454 194.477951 -0.844871 -0.015693 0.019438 0.787257 0.616119 0.0001150687 -0.0000098156 -0.0000301955 0.0001209420 0.0000043364 0.0010511666 28.2789536684 7.2903066099 0.2518672016 4.0580047807 -0.0873647819 2.7672547168
1700030447.41470 -61.596602 195.304314 -0.838592 -0.016282 0.009066 0.797930 0.602462 0.0001146902 -0.0000092553 -0.0000195768 0.0001225490 -0.0000114237 0.0010543688 28.5492370647 7.3413212180 0.2526149456 4.0916507519 -0.0899425732 2.7914417164
1700030447.48104 -61.672702 196.131356 -0.834525 -0.007006 0.008341 0.808245 0.588745 0.0001145200 -0.0000092584 -0.0000048988 0.0001238999 -0.0000021599 0.0010576401 28.8214561204 7.3924418876 0.2532257681 4.1262382426 -0.0926658569 2.8160415997
1700030447.54741 -61.750490 196.963678 -0.838957 -0.002670 0.012441 0.816746 0.576857 0.0001148248 -0.0000090844 -0.0000027206 0.0001253571 0.0000085995 0.0010603518 29.0972063383 7.4443351655 0.2536766117 4.1620604982 -0.0954564199 2.8412380393
1700030447.61380 -61.850200 197.757749 -0.840872 0.002969 0.022349 0.819479 0.572666 0.0001153194 -0.0000092388 -0.0000047607 0.0001273018 0.0000305009 0.0010621821 29.3773128056 7.4961595241 0.2540157089 4.1982407021 -0.0982865594 2.8671246543
1700030447.68019 -61.959594 198.610303 -0.780975 -0.003838 0.026333 0.816865 0.576214 0.0001167055 -0.0000098429 -0.0000193192 0.0001277922 0.0000283314 0.0010646902 29.6438583717 7.5523886241 0.2547578648 4.2386087483 -0.1029183876 2.8880019886
1700030447.74657 -62.071782 199.419407 -0.658067 -0.005829 0.037700 0.815035 0.578154 0.0001184513 -0.0000109985 -0.0000347763 0.0001297936 0.0000442551 0.0010653215 29.9296809775 7.6115039705 0.2554264195 4.2810024858 -0.1072473123 2.9123019675
1700030447.81295 -62.239042 200.038973 -0.566034 0.001935 0.036173 0.815880 0.577085 0.0001161493 -0.0000110983 -0.0000230837 0.0001314489 0.0000524061 0.0010676164 30.2004672108 7.6677827284 0.2567560187 4.3195198281 -0.1113467169 2.9362417557
1700030447.87933 -62.404866 200.733992 -0.513981 -0.002550 0.033326 0.815696 0.577514 0.0001170863 -0.0000110860 -0.0000264805 0.0001310175 0.0000401379 0.0010713423 30.4062750729 7.7271308598 0.2584069826 4.3670246020 -0.1145446959 2.9549355827
1700030447.94570 -62.686132 201.251173 -0.286429 -0.008705 0.033799 0.815562 0.577616 0.0001185780 -0.0000115392 -0.0000370407 0.0001312774 0.0000351654 0.0010736555 30.6395667872 7.7792351835 0.2638109847 4.3935751231 -0.1072180723 2.9706007994
1700030448.01207 -62.886850 201.971141 -0.171341 -0.008337 0.034134 0.812075 0.582495 0.0001196637 -0.0000117587 -0.0000366513 0.0001317967 0.0000352620 0.0010763261 30.8068636833 7.8472384830 0.2667211386 4.4464926612 -0.1095248442 2.9845807096
1700030448.07843 -63.011360 202.777280 -0.143931 0.004421 0.023987 0.808256 0.588326 0.0001194486 -0.0000108323 -0.0000053201 0.0001323011 0.0000340860 0.0010806514 31.0513240517 7.9156749799 0.2668970663 4.5015575404 -0.1149783015 3.0078226478
1700030448.14479 -63.315958 203.331766 0.032499 0.006209 0.018803 0.806506 0.590894 0.0001204703 -0.0000107167 0.0000020345 0.0001322696 0.0000286028 0.0010831659 31.3239659551 7.9610744972 0.2731155672 4.5254321095 -0.1089284023 3.0299107132
1700030448.21115 -63.447357 204.143334 0.051984 0.007393 0.023357 0.805285 0.592382 0.0001214217 -0.0000109030 -0.0000001752 0.0001336991 0.0000370729 0.0010854375 31.5153638116 8.0405885180 0.2729379673 4.5917602569 -0.1146043326 3.0491156198
1700030448.27750 -63.507984 205.170683 -0.015976 0.002410 0.027520 0.802098 0.596553 0.0001225189 -0.0000118183 -0.0000119856 0.0001340589 0.0000374000 0.0010879967 31.7970447660 8.0917795122 0.2774170072 4.6140271239 -0.1059110233 3.0708084821
1700030448.34384 -63.655857 206.002039 0.114889 -0.004610 0.035806 0.799874 0.599081 0.0001221946 -0.0000131565 -0.0000345500 0.0001352747 0.0000439206 0.0010885076 32.1609511868 8.1496761532 0.2788150295 4.6564586123 -0.1125792411 3.0907282388
1700030448.41018 -63.808016 206.878648 0.182828 0.000874 0.034722 0.801276 0.597286 0.0001216814 -0.0000130545 -0.0000250410 0.0001366756 0.0000485673 0.0010914097 32.4535311642 8.2151706707 0.2800956522 4.7109407249 -0.1185532622 3.1182162890
1700030448.47652 -64.020117 207.602901 0.298994 -0.004758 0.027446 0.801654 0.597139 0.0001226117 -0.0000127019 -0.0000258823 0.0001359981 0.0000296346 0.0010958047 32.7672821434 8.2844890774 0.2820946725 4.7665746277 -0.1213296641 3.1458856066
1700030448.54310 -64.245346 208.358131 0.440197 -0.012739 0.021409 0.802295 0.596408 0.0001237151 -0.0000123760 -0.0000315158 0.0001361686 0.0000113322 0.0010991696 33.0272602136 8.3562100718 0.2843371193 4.8298085415 -0.1252834401 3.1676291382
1700030448.60993 -64.407870 209.175280 0.473037 -0.015431 0.017529 0.801240 0.597887 0.0001246949 -0.0000122013 -0.0000311370 0.0001368831 0.0000015785 0.0011022630 33.2974081116 8.4303511529 0.2850435909 4.8963474525 -0.1317546876 3.1939606785
1700030448.67677 -64.557803 209.987909 0.506918 -0.003301 0.009903 0.798576 0.601804 0.0001247734 -0.0000123959 -0.0000031110 0.0001376045 0.0000039440 0.0011061698 33.5920679725 8.4966774261 0.2856848243 4.9586301060 -0.1366734346 3.2224725520
1700030448.74361 -64.719510 210.806397 0.538726 0.001017 0.006798 0.796091 0.605138 0.0001259599 -0.0000125504 0.0000072947 0.0001383511 0.0000045388 0.0011090708 33.8906016057 8.5617705341 0.2860413356 5.0219304288 -0.1416626379 3.2516949207
1700030448.81046 -64.890829 211.645054 0.616817 0.004088 0.010920 0.794695 0.606897 0.0001269602 -0.0000126216 0.0000072903 0.0001393993 0.0000147886 0.0011118140 34.1939888711 8.6292787555 0.2866233811 5.0879862687 -0.1473550558 3.2798298423
1700030448.87731 -65.022260 212.470252 0.556995 0.000465 0.015481 0.791395 0.611109 0.0001279676 -0.0000130395 -0.0000039065 0.0001401286 0.0000164145 0.0011147529 34.5053505256 8.7004097136 0.2878564722 5.1578064152 -0.1539812913 3.3081688867
1700030448.94417 -65.188053 213.297642 0.591674 -0.005750 0.025370 0.789802 0.612810 0.0001296953 -0.0000137742 -0.0000255591 0.0001413340 0.0000246834 0.0011167227 34.8113873415 8.7626535440 0.2878829960 5.2249544715 -0.1583041194 3.3387768775
1700030449.01104 -65.291501 214.194490 1.020233 -0.002529 0.024938 0.790500 0.611949 0.0001262177 -0.0000139853 -0.0000213472 0.0001410003 0.0000319290 0.0011186144 35.1146416524 8.8199812918 0.2940808360 5.1936335220 -0.1526035532 3.3517447828
1700030449.07792 -65.540539 214.980298 1.251061 -0.008425 0.020201 0.790829 0.611645 0.0001272612 -0.0000138294 -0.0000256754 0.0001410914 0.0000146919 0.0011222320 35.4509199586 8.8830602976 0.2988828128 5.2589205356 -0.1639446744 3.3756459059
1700030449.14480 -65.672028 216.124352 1.192298 -0.013564 0.015727 0.791433 0.610903 0.0001281311 -0.0000136618 -0.0000272626 0.0001413187 0.0000011970 0.0011251462 35.7437468954 8.9537921030 0.3073552671 5.2869013447 -0.1498765969 3.3908611756
1700030449.21169 -66.028107 216.929700 1.478794 -0.020929 0.012769 0.788093 0.615068 0.0001297148 -0.0000137142 -0.0000364163 0.0001404074 -0.0000095989 0.0011267575 36.1709269479 8.9968780184 0.3265104810 5.2150515258 -0.0978501702 3.4011623007
1700030449.27859 -66.276549 217.548534 1.649346 -0.010071 0.010197 0.783517 0.621205 0.0001300325 -0.0000143413 -0.0000166321 0.0001407698 -0.0000017344 0.0011308855 36.4756021893 9.0983593386 0.3298504264 5.2913684131 -0.1013442858 3.4286306217
1700030449.34549 -66.459016 218.280548 1.760325 -0.007979 0.011236 0.780591 0.624890 0.0001310407 -0.0000145984 -0.0000140843 0.0001414371 0.0000019164 0.0011339686 36.7099328492 9.1715049591 0.3317562119 5.3602699182 -0.1036870517 3.4505468475
1700030449.41240 -66.679412 219.195665 1.805311 -0.008960 0.021027 0.777676 0.628250 0.0001326666 -0.0000151635 -0.0000272455 0.0001422805 0.0000160330 0.0011361668 36.9925987845 9.2359969314 0.3336150267 5.4178697351 -0.1062515560 3.4770627159
1700030449.47932 -66.795278 220.680837 1.727223 -0.009220 0.022269 0.775060 0.631427 0.0001328593 -0.0000150065 -0.0000269482 0.0001421929 0.0000166421 0.0011390529 37.3452919497 9.3192306793 0.3361706174 5.4270173288 -0.1023265271 3.5087829033
1700030449.54612 -66.997566 221.535693 1.812631 -0.011684 0.030105 0.775202 0.630888 0.0001348916 -0.0000158247 -0.0000435352 0.0001436239 0.0000264802 0.0011404718 37.9348874993 9.4106362237 0.3404195726 5.4863085050 -0.1046971909 3.5614107463
1700030449.61280 -67.217190 222.405201 1.920838 -0.006876 0.029538 0.776793 0.629026 0.0001349679 -0.0000158407 -0.0000352495 0.0001450806 0.0000320169 0.0011438600 38.2700529744 9.4875409067 0.3429904515 5.5565884169 -0.1096104062 3.5921731090
1700030449.67948 -67.454837 223.279176 2.028798 -0.013315 0.022331 0.776659 0.629385 0.0001359546 -0.0000152794 -0.0000365873 0.0001451773 0.0000127376 0.0011477203 38.6153554021 9.5703835287 0.3457173021 5.6313442565 -0.1152049723 3.6240463961
1700030449.74617 -67.564619 224.101244 1.972530 -0.018428 0.022646 0.775950 0.630118 0.0001372352 -0.0000152142 -0.0000450806 0.0001459748 0.0000050232 0.0011502562 38.9624950239 9.6555782351 0.3506292193 5.7095972203 -0.1211180831 3.6536943520
1700030449.81286 -67.907342 224.978142 1.916145 -0.013218 0.016672 0.771033 0.636440 0.0001367789 -0.0000155201 -0.0000295109 0.0001464303 0.0000044544 0.0011542686 39.2851871130 9.7084275602 0.3537184012 5.7747372639 -0.1225108419 3.6761628840
1700030449.87955 -68.157958 225.887883 1.773423 -0.008599 0.011276 0.766079 0.642589 0.0001370586 -0.0000157717 -0.0000157921 0.0001469417 0.0000018076 0.0011578441 39.6394135177 9.8167436793 0.3553400680 5.8683086723 -0.1237621920 3.7054152610
1700030449.94624 -68.391653 226.760906 1.754262 -0.005681 0.010067 0.764298 0.644759 0.0001380090 -0.0000159464 -0.0000095428 0.0001477822 0.0000031880 0.0011610835 40.0113165238 9.9085241766 0.3569835498 5.9541987373 -0.1238902986 3.7398040398
1700030450.01294 -68.622824 226.452267 1.674437 -0.000188 0.019553 0.762553 0.646630 0.0001387040 -0.0000154952 -0.0000177657 0.0001474833 0.0000227432 0.0011627764 40.3708888338 9.9913773939 0.3588010924 5.8910161013 -0.1353545467 3.7730433395
1700030450.07964 -68.823357 227.282479 1.706903 -0.003606 0.023895 0.760274 0.649152 0.0001401104 -0.0000158574 -0.0000251669 0.0001484862 0.0000279343 0.0011653195 40.2264752099 10.0106979856 0.3577358789 5.9580648745 -0.1382457341 3.7635594860
1700030450.14634 -69.011234 228.738530 1.569696 -0.002644 0.027479 0.761518 0.647556 0.0001367002 -0.0000110277 -0.0000268106 0.0001418873 0.0000359044 0.0011668925 40.5521015090 10.1595437427 0.3510407519 5.3129385787 -0.0627842503 3.7837798108
1700030450.21304 -69.313871 229.861885 1.445466 -0.003223 0.029040 0.765621 0.642628 0.0001374962 -0.0000111089 -0.0000322330 0.0001429527 0.0000392528 0.0011689880 41.1606670019 10.2808795289 0.3497027656 5.3152911973 -0.0546271210 3.8340121062
1700030450.27974 -69.514683 230.982921 1.324322 -0.009665 0.022175 0.772509 0.634543 0.0001375113 -0.0000106847 -0.0000333646 0.0001427855 0.0000197795 0.0011727829 41.6269279603 10.4015143780 0.3528393742 5.3274539652 -0.0399932339 3.8696274614
1700030450.34645 -69.787527 231.665832 1.548109 -0.011913 0.019862 0.781090 0.623989 0.0001378766 -0.0000105663 -0.0000355586 0.0001441172 0.0000155121 0.0011759402 42.1001911511 10.5025701571 0.3553077474 5.3609316068 -0.0380491379 3.9094214986
1700030450.41316 -70.117756 232.286782 1.750667 -0.006929 0.007591 0.790063 0.612940 0.0001367700 -0.0000099102 -0.0000110049 0.0001453899 0.0000032164 0.0011802839 42.3772198263 10.5969454881 0.3568610976 5.4036578045 -0.0421881144 3.9302540550
1700030450.47987 -70.349853 233.145142 1.789072 -0.001376 0.005565 0.801658 0.597756 0.0001369062 -0.0000095734 0.0000006617 0.0001471433 0.0000042953 0.0011835734 42.6361470816 10.7029543727 0.3581546271 5.4572681066 -0.0498387153 3.9558891786
1700030450.54654 -70.581870 234.009425 1.817589 0.003704 0.014597 0.811936 0.583552 0.0001372476 -0.0000092987 -0.0000015917 0.0001494192 0.0000254308 0.0011861536 43.0024974292 10.7990821258 0.3595912191 5.4995611791 -0.0547681630 3.9904726047
1700030450.61316 -70.721926 235.208207 1.542880 0.000007 0.026837 0.819443 0.572532 0.0001378023 -0.0000099908 -0.0000210947 0.0001517132 0.0000396173 0.0011880168 43.3727962949 10.8944385060 0.3633462597 5.5346608039 -0.0522140506 4.0186997172
1700030450.68023 -70.998702 236.155034 1.502644 -0.007398 0.041759 0.828612 0.558215 0.0001395110 -0.0000118543 -0.0000515661 0.0001551631 0.0000589037 0.0011871596 43.8895437379 10.9870185968 0.3679080871 5.5643012063 -0.0484747234 4.0632615699
1700030450.74730 -71.239031 237.032479 1.519833 -0.010746 0.037145 0.839815 0.541494 0.0001398082 -0.0000107245 -0.0000516495 0.0001557228 0.0000476349 0.0011915756 44.2959271106 11.0995788508 0.3695039742 5.6139948703 -0.0522566954 4.1019073737
1700030450.81438 -71.482607 237.910434 1.529925 -0.013527 0.030959 0.848361 0.528339 0.0001400647 -0.0000095223 -0.0000493210 0.0001562111 0.0000343671 0.0011961215 44.6770648807 11.2005280530 0.3710099171 5.6601899394 -0.0575137531 4.1384752246
1700030450.88147 -71.731881 238.792498 1.535963 -0.015625 0.027113 0.855474 0.516899 0.0001405896 -0.0000086881 -0.0000487189 0.0001571665 0.0000257996 0.0011999502 45.0623260780 11.3035413200 0.3723614090 5.7080157152 -0.0630999925 4.1757885234
1700030450.94856 -72.021509 239.621967 1.633502 -0.011998 0.025706 0.858265 0.512421 0.0001407947 -0.0000084110 -0.0000411863 0.0001583303 0.0000273465 0.0012037204 45.4477333064 11.4045900332 0.3752081646 5.7550298998 -0.0675973829 4.2109695248
1700030451.01565 -72.265154 240.493550 1.664291 0.000623 0.014569 0.861874 0.506913 0.0001400363 -0.0000072563 -0.0000053040 0.0001592894 0.0000212874 0.0012088687 45.8103968485 11.5142688115 0.3765322877 5.8096054749 -0.0758739709 4.2470373244
1700030451.08275 -72.515145 241.369254 1.686746 0.003587 0.008899 0.866620 0.498877 0.0001408002 -0.0000067743 0.0000062911 0.0001603638 0.0000140986 0.0012123979 46.1997627058 11.6187811010 0.3775839529 5.8607727034 -0.0829716247 4.2856509522
1700030451.14986 -72.765899 242.252962 1.699745 0.005380 0.016625 0.869998 0.492745 0.0001415948 -0.0000066058 0.0000015720 0.0001622788 0.0000299718 0.0012150734 46.5952117056 11.7245207192 0.3784529547 5.9132314468 -0.0903650750 4.3253152897
1700030451.21697 -73.057213 243.155454 1.666832 -0.004875 0.023255 0.867908 0.496156 0.0001426959 -0.0000076975 -0.0000249436 0.0001632835 0.0000315584 0.0012176524 46.9951623356 11.8311770774 0.3811979498 5.9634193033 -0.0890512304 4.3447051114
1700030451.28408 -73.324844 244.046388 1.650856 -0.012793 0.033470 0.866690 0.497558 0.0001454227 -0.0000090884 -0.0000506520 0.0001649977 0.0000414591 0.0012184289 47.4012448772 11.9487263338 0.3820520216 6.0216588441 -0.0914983064 4.3738146668
1700030451.35120 -73.579148 244.891221 1.788626 -0.007046 0.028091 0.868559 0.494739 0.0001450562 -0.0000082529 -0.0000344058 0.0001658891 0.0000379622 0.0012233311 47.8041868474 12.0599284837 0.3831485646 6.0791875247 -0.0971347071 4.4080712850
1700030451.41832 -73.843309 245.769069 1.805665 -0.010080 0.025002 0.868908 0.494239 0.0001462395 -0.0000080721 -0.0000368621 0.0001664199 0.0000289537 0.0012270968 48.1927846787 12.1674805218 0.3847294037 6.1377805471 -0.1076109294 4.4454261535
1700030451.48545 -74.113006 246.651087 1.818217 -0.016212 0.021679 0.868619 0.494740 0.0001479178 -0.0000078533 -0.0000450422 0.0001669562 0.0000162874 0.0012303887 48.6002275994 12.2800692474 0.3858675138 6.1989312585 -0.1160517577 4.4848998385
1700030451.55258 -74.402191 247.497263 1.942939 -0.020560 0.021513 0.867799 0.496024 0.0001495570 -0.0000079446 -0.0000533881 0.0001678841 0.0000118580 0.0012331192 49.0098136599 12.3917651312 0.3886172784 6.2601886065 -0.1220991589 4.5158700312
1700030451.61972 -74.674442 248.359861 2.003360 -0.006198 0.011488 0.866338 0.499287 0.0001482845 -0.0000076441 -0.0000155854 0.0001687709 0.0000080449 0.0012389592 49.4019323161 12.5066937795 0.3905540988 6.3266878692 -0.1334384058 4.5532706254
1700030451.68660 -74.942429 249.234186 2.032732 -0.002938 0.006510 0.864542 0.502510 0.0001492543 -0.0000077545 -0.0000039405 0.0001697192 0.0000024680 0.0012426077 49.8086877597 12.6213510066 0.3919619579 6.3934601228 -0.1439005594 4.5931540264
1700030451.75349 -75.211279 250.115052 2.054776 0.001458 0.008980 0.863690 0.503941 0.0001503704 -0.0000078642 0.0000016652 0.0001709150 0.0000118384 0.0012458894 50.2265678926 12.7359134072 0.3932481581 6.4610081731 -0.1541832655 4.6344721330
1700030451.82039 -75.482939 251.002561 2.077262 -0.001634 0.015397 0.860903 0.508533 0.0001517454 -0.0000083832 -0.0000113501 0.0001721269 0.0000202908 0.0012489250 50.6505469068 12.8521358831 0.3945200988 6.5307337875 -0.1649860298 4.6768943320
1700030451.88730 -75.753959 251.894763 2.072626 -0.010169 0.025093 0.859461 0.510483 0.0001538346 -0.0000093823 -0.0000384555 0.0001735525 0.0000283810 0.0012507053 51.0750220570 12.9696590124 0.3971264185 6.6025641549 -0.1744781311 4.7128739383
1700030451.95421 -76.032012 252.770976 2.104294 -0.007115 0.021089 0.861846 0.506682 0.0001541586 -0.0000089021 -0.0000282560 0.0001746661 0.0000247524 0.0012549431 51.5040894513 13.0868616348 0.3985328543 6.6760309057 -0.1856099175 4.7563839476
1700030452.02114 -76.314002 253.650912 2.125888 -0.011244 0.019213 0.862340 0.505839 0.0001555634 -0.0000088142 -0.0000341533 0.0001755401 0.0000166974 0.0012583637 51.9335164579 13.2067674450 0.4000297681 6.7529265685 -0.1977636455 4.8005868229
1700030452.08807 -76.602447 254.534004 2.142077 -0.020687 0.015234 0.862934 0.504664 0.0001576520 -0.0000082627 -0.0000479433 0.0001764815 -0.0000011807 0.0012610598 52.3676335585 13.3290415104 0.4015200814 6.8327640649 -0.2103403247 4.8458663544
1700030452.15501 -76.898603 255.397991 2.235768 -0.020820 0.014457 0.861003 0.507968 0.0001587481 -0.0000084575 -0.0000475154 0.0001775179 -0.0000026544 0.0012645594 52.8039461068 13.4494091113 0.4044570622 6.9133906373 -0.2221762205 4.8861340980
1700030452.22195 -77.176371 256.274653 2.272162 -0.007173 0.008700 0.857087 0.515048 0.0001583233 -0.0000089895 -0.0000148822 0.0001784077 0.0000015106 0.0012698777 53.2327691460 13.5724883182 0.4065202598 6.9987721219 -0.2375857805 4.9318076628
1700030452.28891 -77.510545 257.115677 2.433540 -0.005603 0.005208 0.854407 0.519548 0.0001592585 -0.0000092857 -0.0000081724 0.0001793956 -0.0000023851 0.0012734927 53.6746193948 13.6942798585 0.4111286541 7.0842522519 -0.2497904697 4.9720790859
1700030452.35587 -77.798966 258.001749 2.460132 -0.003298 0.008011 0.852897 0.522007 0.0001605008 -0.0000095240 -0.0000068402 0.0001804919 0.0000046187 0.0012769951 54.1036168923 13.8287595263 0.4139197029 7.1807399723 -0.2673761548 5.0191700098
1700030452.42284 -78.355014 258.795141 2.602700 -0.006101 0.012719 0.849960 0.526658 0.0001564649 -0.0000124581 -0.0000193215 0.0001804276 0.0000133043 0.0012799504 54.5231094048 13.9231887509 0.4579049639 7.2359474848 -0.2335224968 5.0030815389
1700030452.48981 -79.065109 259.593994 2.931491 -0.013876 0.018666 0.847931 0.529596 0.0001524734 -0.0000143594 -0.0000429226 0.0001811652 0.0000172157 0.0012816065 54.8893453838 14.0975769123 0.4918702120 7.3565772598 -0.2351009735 5.0156423476
1700030452.55680 -80.190788 258.683283 3.629159 -0.006478 0.012294 0.849859 0.526826 0.0001470389 -0.0000156772 -0.0000334373 0.0001756019 0.0000169321 0.0012847394 55.2304031389 14.3018532805 0.4996666324 7.3069684605 -0.1320272435 4.9418351544
1700030452.62379 -80.318032 258.033332 4.439141 -0.006755 0.008585 0.850429 0.525977 0.0001470808 -0.0000147950 -0.0000272003 0.0001719816 0.0000016499 0.0012885445 54.7293670705 14.5414335387 0.4901080274 7.3694817413 -0.0889919350 4.8814909792
1700030452.69032 -80.606378 258.428525 4.785192 -0.012800 0.005099 0.850665 0.525527 0.0001464027 -0.0000094603 -0.0000317968 0.0001572859 -0.0000039991 0.0012866471 54.3677956754 14.4936648981 0.4975324679 6.8866948223 0.0455456310 4.8026839617
1700030452.75685 -80.805983 259.155114 4.950896 -0.014253 -0.001082 0.848021 0.529769 0.0001469019 -0.0000090760 -0.0000258159 0.0001572010 -0.0000157563 0.0012892405 54.5436056751 14.5868179760 0.4989446181 6.9061957386 0.0430921042 4.8177728642
1700030452.82338 -81.558361 260.174255 5.221910 -0.005462 -0.007395 0.844467 0.535528 0.0001443273 -0.0000085654 0.0000024328 0.0001565220 -0.0000117043 0.0012913755 54.8558517398 14.6882154800 0.5045157343 6.9166105169 0.0404679614 4.8381572356
1700030452.88991 -81.955243 261.029978 5.297289 -0.004096 -0.007960 0.841571 0.540073 0.0001452994 -0.0000086758 0.0000042090 0.0001574433 -0.0000163222 0.0012944174 55.3679955576 14.9545852527 0.5085301612 7.0229189230 0.0369780902 4.8885749287
1700030452.95643 -82.365409 261.775842 5.189068 -0.001431 -0.003089 0.839756 0.542953 0.0001463174 -0.0000088890 0.0000033155 0.0001580778 -0.0000061246 0.0012980988 55.8042421846 15.1145951985 0.5107504302 7.0787777423 0.0360970472 4.9253767886
1700030453.02295 -82.679609 262.521864 5.108691 -0.000541 -0.000010 0.836769 0.547556 0.0001473008 -0.0000091066 0.0000008508 0.0001588944 0.0000000095 0.0013016620 56.1825396468 15.2689327133 0.5127854716 7.1362177249 0.0385585374 4.9605356146
1700030453.08947 -83.087654 263.280707 5.146986 -0.006111 0.008789 0.835209 0.549828 0.0001481791 -0.0000083000 -0.0000206066 0.0001574664 0.0000141905 0.0012631700 55.9728732255 15.2622815083 0.5325942541 7.1475805213 0.0453830773 4.9898187442
1700030453.15599 -83.548720 263.994255 5.152999 0.000173 0.012154 0.836961 0.547128 0.0001468944 -0.0000079513 -0.0000143201 0.0001582062 0.0000280326 0.0012619547 56.3010092185 15.4011094268 0.5427523118 7.2001721752 0.0454570109 5.0151688269
1700030453.22251 -83.967945 264.736912 5.154376 -0.005978 0.006459 0.836889 0.547301 0.0001471487 -0.0000073463 -0.0000202060 0.0001576988 0.0000126819 0.0012622924 56.6218294093 15.5542154474 0.5502799451 7.2617510225 0.0467427095 5.0417124650
1700030453.28902 -84.307825 265.508439 5.055013 -0.011174 0.002016 0.837320 0.546595 0.0001471686 -0.0000066643 -0.0000257157 0.0001575623 -0.0000016630 0.0012631995 56.9716621392 15.7027516481 0.5588627235 7.3187424101 0.0483960844 5.0700795719
1700030453.35553 -84.772905 266.264527 5.005275 -0.012885 -0.003435 0.836204 0.548256 0.0001466392 -0.0000059559 -0.0000265484 0.0001571275 -0.0000115110 0.0012645722 57.3436308455 15.8318158247 0.5649648958 7.3633694352 0.0508740384 5.0963906393
1700030453.42204 -84.912068 267.049767 4.895353 -0.000801 -0.007232 0.833255 0.552841 0.0001451496 -0.0000065668 0.0000046004 0.0001576460 -0.0000068882 0.0012675193 57.7077642825 15.9972752656 0.5697056739 7.4291681579 0.0524773240 5.1276800773
1700030453.48855 -85.273418 267.810768 4.913254 0.003080 -0.008137 0.831218 0.555878 0.0001463095 -0.0000066769 0.0000116457 0.0001584884 -0.0000005729 0.0012706355 58.1153868517 16.0837078055 0.5724497840 7.4474341872 0.0536911388 5.1626243511
1700030453.55506 -85.657867 268.563320 4.923888 0.006281 -0.000615 0.829587 0.558342 0.0001473492 -0.0000066377 0.0000082916 0.0001596996 0.0000174339 0.0012737117 58.5129495935 16.2287247180 0.5763182674 7.4995527580 0.0529700272 5.1996948705
1700030453.62156 -85.932346 269.333095 4.903504 0.003006 0.000027 0.826614 0.562762 0.0001483469 -0.0000069195 0.0000017762 0.0001604782 0.0000137460 0.0012770512 58.8989014943 16.3800070817 0.5806558377 7.5563570046 0.0520322811 5.2365933901
1700030453.68810 -86.302113 270.085362 4.943312 -0.002851 0.005190 0.826131 0.563447 0.0001496355 -0.0000072458 -0.0000163600 0.0001615915 0.0000169141 0.0012800367 59.2996328063 16.5030803714 0.5839785660 7.5965008784 0.0508659875 5.2734804832
1700030453.75463 -86.700716 270.830982 4.970864 0.001135 0.007515 0.828044 0.560611 0.0001504723 -0.0000072254 -0.0000118132 0.0001631047 0.0000262470 0.0012831195 59.6938499705 16.6506694475 0.5877727276 7.6513680556 0.0486605001 5.3112729541
1700030453.82116 -87.043274 271.594279 4.886836 -0.004403 0.005769 0.828341 0.560178 0.0001507246 -0.0000076909 -0.0000195012 0.0001635329 0.0000147280 0.0012866642 60.0869234364 16.8074955435 0.5959712994 7.7120284733 0.0482465389 5.3394992746
1700030453.88769 -87.320749 272.396750 4.720248 -0.006395 0.006059 0.828930 0.559283 0.0001511152 -0.0000079344 -0.0000237974 0.0001643308 0.0000119741 0.0012897944 60.4903433866 16.9479321236 0.6043764561 7.7631363220 0.0500300266 5.3695860500
1700030453.95421 -87.657345 273.146720 4.427091 -0.008015 -0.000065 0.825875 0.563797 0.0001504827 -0.0000081694 -0.0000194448 0.0001645622 -0.0000019717 0.0012931693 60.9079352170 17.0709384428 0.6105845524 7.8034206125 0.0522347271 5.4019565103
1700030454.02074 -88.220106 273.978047 4.455231 -0.000462 -0.002396 0.821971 0.569524 0.0001503687 -0.0000078950 -0.0000013567 0.0001645555 0.0000053084 0.0012961175 61.2933500067 17.2073570182 0.6145475372 7.8536137612 0.0577508489 5.4365181500
1700030454.08726 -88.633128 274.770062 4.424932 0.003049 -0.001870 0.819658 0.572842 0.0001514462 -0.0000080024 0.0000033779 0.0001654146 0.0000113800 0.0012993344 61.7465696113 17.4198434631 0.6202344584 7.9425038134 0.0561097447 5.4809630301
1700030454.15378 -89.009754 275.554768 4.400522 0.002861 0.007089 0.816528 0.577255 0.0001527335 -0.0000084487 -0.0000090742 0.0001668440 0.0000279510 0.0013020761 62.1797680389 17.5871399057 0.6255718155 8.0081656989 0.0549948371 5.5221267835
1700030454.22030 -89.387332 276.332170 4.430228 0.001316 0.007464 0.814551 0.580042 0.0001539570 -0.0000086632 -0.0000133565 0.0001677637 0.0000269574 0.0013054182 62.6034788952 17.7443547435 0.6306682136 8.0694451383 0.0527460029 5.5628353431
1700030454.28682 -89.741979 277.126208 4.342921 -0.001902 0.015696 0.815273 0.578861 0.0001548681 -0.0000095083 -0.0000298461 0.0001693184 0.0000356876 0.0013077134 63.0258025284 17.9012434165 0.6375098485 8.1312839369 0.0498011266 5.6002732868
1700030454.35333 -90.107005 277.888033 4.348452 -0.000488 0.015684 0.816433 0.577227 0.0001545887 -0.0000098610 -0.0000280492 0.0001705401 0.0000387174 0.0013109457 63.4626882639 18.0525165697 0.6432606672 8.1891609703 0.0505154664 5.6341004785
1700030454.41984 -90.320070 278.644770 4.314622 -0.007973 0.010183 0.816486 0.577221 0.0001552839 -0.0000094382 -0.0000365230 0.0001704594 0.0000167164 0.0013149454 63.8818766234 18.2070056399 0.6502152064 8.2509843545 0.0475924440 5.6728932547
1700030454.48635 -90.653356 279.437093 4.265248 -0.009426 0.009815 0.816410 0.577312 0.0001560816 -0.0000096151 -0.0000377727 0.0001715037 0.0000168989 0.0013182731 64.2979410783 18.3132272297 0.6566084288 8.2860692012 0.0445487479 5.7101939155
1700030454.55286 -90.345299 280.206607 4.318392 -0.002526 0.004797 0.812657 0.582717 0.0001552731 -0.0000091337 -0.0000222615 0.0001716568 0.0000124378 0.0013218608 64.7105551095 18.4564579507 0.6593150214 8.3417835367 0.0421234648 5.7459760606
1700030454.61937 -90.561630 280.944569 4.379586 0.004286 -0.000529 0.808277 0.588786 0.0001542132 -0.0000076311 0.0000004747 0.0001711057 0.0000133756 0.0013255759 65.1294215978 18.4162138908 0.6617223987 8.2917533259 0.0348360761 5.7750644764
1700030454.68636 -90.807838 281.673473 4.416818 0.009612 -0.000129 0.806000 0.591838 0.0001550476 -0.0000074067 0.0000110368 0.0001722812 0.0000225507 0.0013286375 65.5433549004 18.5277207129 0.6663690192 8.3306260203 0.0292193778 5.8123656334
1700030454.75367 -91.152599 282.455352 4.376038 0.012082 0.005894 0.802986 0.595847 0.0001562009 -0.0000075794 0.0000075150 0.0001740728 0.0000382249 0.0013313809 65.9575974871 18.6455905986 0.6724360827 8.3755266820 0.0232574170 5.8501817535
1700030454.82099 -91.403654 283.247594 4.301064 0.005985 0.016277 0.801688 0.597491 0.0001575423 -0.0000086684 -0.0000186688 0.0001758447 0.0000483926 0.0013338207 66.3946685158 18.7984342208 0.6769156418 8.4389123372 0.0197194659 5.8902538893
1700030454.88831 -91.745175 284.015455 4.294642 0.008083 0.014031 0.804725 0.593427 0.0001582876 -0.0000082274 -0.0000115931 0.0001771250 0.0000481475 0.0013375734 66.8419106263 18.9228322107 0.6825722842 8.4867718535 0.0158442504 5.9317385576
1700030454.95564 -92.152009 284.877745 4.174343 0.004625 0.015571 0.805674 0.592137 0.0001576924 -0.0000089400 -0.0000181221 0.0001776000 0.0000437857 0.0013411907 67.2811467133 19.0737430959 0.6900651824 8.5508519573 0.0116821087 5.9701189717
1700030455.02298 -92.597553 285.759554 4.158187 -0.006288 0.012590 0.806562 0.590982 0.0001591293 -0.0000090296 -0.0000362748 0.0001774959 0.0000256561 0.0013449012 67.7810062645 19.2521687219 0.6977906070 8.6265249120 0.0091866473 6.0166514613
1700030455.09033 -92.839290 286.486809 4.212218 -0.005377 0.007801 0.804935 0.593288 0.0001590537 -0.0000093001 -0.0000317461 0.0001778194 0.0000184667 0.0013482674 68.2723635695 19.4378273892 0.7091256247 8.7078125624 0.0046037089 6.0647617804
1700030455.15769 -93.099796 287.145001 4.313494 0.006972 0.003314 0.801996 0.597280 0.0001585161 -0.0000091926 -0.0000036671 0.0001781014 0.0000236816 0.0013519210 68.6780569940 19.5556313173 0.7141133496 8.7551175524 -0.0000010789 6.0964393779
1700030455.22505 -93.415226 287.866576 4.332323 0.009777 0.000768 0.798765 0.601563 0.0001596431 -0.0000091782 0.0000075024 0.0001789919 0.0000256264 0.0013553529 69.0601254785 19.6725777517 0.7223580511 8.8085942737 -0.0088493175 6.1326081274
1700030455.29242 -93.750800 288.634903 4.309601 0.013920 0.007158 0.796305 0.604693 0.0001608817 -0.0000092679 0.0000070417 0.0001810893 0.0000438180 0.0013578855 69.4849993507 19.8124171647 0.7307731228 8.8734899076 -0.0163860310 6.1738654529
1700030455.35980 -94.125435 289.492510 4.116748 0.013595 0.008477 0.793375 0.608522 0.0001620798 -0.0000096372 0.0000053534 0.0001819409 0.0000448621 0.0013614299 69.9361343142 19.9641193178 0.7385837613 8.9424824623 -0.0210585562 6.2138332407
1700030455.42719 -94.466421 290.262637 4.092899 0.007720 0.016197 0.793723 0.608015 0.0001634218 -0.0000106476 -0.0000184409 0.0001837383 0.0000518177 0.0013642118 70.4457322490 20.1349055247 0.7467095812 9.0204198285 -0.0237509289 6.2635481547
1700030455.49458 -94.810366 291.030560 4.065951 0.012663 0.016475 0.796105 0.604801 0.0001637231 -0.0000097958 -0.0000091627 0.0001854738 0.0000597012 0.0013673216 70.8995994914 20.2899520562 0.7543976939 9.0921232036 -0.0301478590 6.3078460100
1700030455.56198 -95.172198 291.865740 4.137265 0.006098 0.013434 0.796514 0.604440 0.0001633450 -0.0000100960 -0.0000167653 0.0001848751 0.0000438929 0.0013721451 71.3587552116 20.4474712839 0.7638090895 9.1655162565 -0.0363509127 6.3513719519
1700030455.62939 -95.267644 292.719137 4.163966 0.004595 0.014380 0.796967 0.603834 0.0001631702 -0.0000104466 -0.0000228206 0.0001856557 0.0000415322 0.0013756780 71.8591664614 20.6128728714 0.7748457812 9.2429280052 -0.0458284562 6.3976158558
1700030455.69647 -94.787712 293.836854 4.270928 0.004927 0.009103 0.792936 0.609216 0.0001614928 -0.0000102263 -0.0000130744 0.0001839113 0.0000277822 0.0013796925 72.3319922866 20.7010699988 0.7685590911 9.2503940053 -0.0384106356 6.4209137902
1700030455.76345 -93.544577 294.229574 4.977836 0.015578 0.003275 0.786244 0.617711 0.0001614120 -0.0000086072 0.0000074200 0.0001819206 0.0000321703 0.0013803393 72.9046259838 20.6570137650 0.7336957008 9.1551431448 -0.0306461754 6.4427972200
1700030455.83068 -93.854179 295.069988 4.916434 0.018536 0.002359 0.784013 0.620463 0.0001630023 -0.0000084547 0.0000227303 0.0001832222 0.0000399469 0.0013829507 73.1276975276 20.2915518166 0.7394777317 8.9499893029 -0.0589485499 6.4398059334
1700030455.89791 -94.089568 295.799457 4.943419 0.019679 0.011964 0.780915 0.624213 0.0001638561 -0.0000089376 0.0000090359 0.0001857650 0.0000597808 0.0013853105 73.6427138442 20.4454594328 0.7460770446 9.0175443604 -0.0638073732 6.4871731010
1700030455.96516 -94.247749 296.511214 5.043119 0.016871 0.014408 0.778438 0.627330 0.0001620146 -0.0000036525 0.0000020904 0.0001744523 0.0000539924 0.0013871339 73.9179888727 20.6950536372 0.6399301404 8.9751620514 0.0157873730 6.4495744767
1700030456.03240 -94.652858 297.379406 4.922203 0.015903 0.021606 0.778466 0.627113 0.0001625981 -0.0000045608 -0.0000095320 0.0001764638 0.0000649253 0.0013893594 74.3395516828 20.8010218956 0.6403963757 9.0051107586 0.0125232950 6.4840261454
1700030456.09966 -94.816888 298.183564 4.963954 0.019459 0.022630 0.779483 0.625712 0.0001628423 -0.0000044682 -0.0000055715 0.0001784244 0.0000732166 0.0013920969 74.8692329647 20.9955440545 0.6441165050 9.0785237545 0.0159683925 6.5316334863
1700030456.16692 -95.035846 298.913317 5.071074 0.010210 0.015867 0.779360 0.626293 0.0001635553 -0.0000047496 -0.0000135504 0.0001768604 0.0000483039 0.0013980714 75.3593558153 21.1148023983 0.6464022979 9.1121707442 0.0133767535 6.5728812890
1700030456.23419 -95.324152 299.695747 5.064893 0.006377 0.016956 0.778619 0.627235 0.0001645501 -0.0000051508 -0.0000226302 0.0001776906 0.0000452326 0.0014017454 75.8024844776 21.2411478543 0.6509721983 9.1553898137 0.0077972785 6.6124076942
1700030456.30146 -95.729044 300.729251 4.679037 0.011879 0.011251 0.773503 0.633582 0.0001643383 -0.0000046259 -0.0000007234 0.0001782103 0.0000423600 0.0014057397 76.2654057847 21.3927106482 0.6534383130 9.2092684696 0.0086138859 6.6487907096
1700030456.36874 -95.958752 301.550669 4.640224 0.015013 0.007508 0.769115 0.638890 0.0001654255 -0.0000045760 0.0000081445 0.0001789688 0.0000391115 0.0014096213 76.9110496483 21.6114703478 0.6558964575 9.2893955554 0.0175360296 6.7079516478
1700030456.43603 -96.201925 302.353727 4.608721 0.018267 0.006994 0.767404 0.640865 0.0001664656 -0.0000043866 0.0000145912 0.0001803692 0.0000439812 0.0014128395 77.4235933679 21.7527554613 0.6601099404 9.3366125268 0.0164092280 6.7527768003
1700030456.50332 -96.437906 303.130495 4.600644 0.018593 0.014475 0.764408 0.644302 0.0001674507 -0.0000048929 0.0000023653 0.0001826294 0.0000585445 0.0014155364 77.9273988814 21.8975115835 0.6644640022 9.3874676095 0.0140359783 6.7983589263
1700030456.57062 -96.662109 303.967815 4.644598 0.013746 0.023454 0.761289 0.647842 0.0001689273 -0.0000062848 -0.0000209191 0.0001844784 0.0000667985 0.0014181115 78.4095418503 22.0389572176 0.6689559975 9.4385048375 0.0101494194 6.8422111174
1700030456.63793 -96.861942 304.737853 4.631967 0.020594 0.022249 0.763510 0.645084 0.0001686383 -0.0000053142 -0.0000074583 0.0001864374 0.0000737187 0.0014213730 78.9348999943 22.1805747546 0.6744160994 9.4871700815 0.0047016349 6.8896595933
1700030456.70524 -96.982502 305.729116 4.593173 0.017137 0.022490 0.764158 0.644409 0.0001680366 -0.0000056731 -0.0000122139 0.0001868019 0.0000669305 0.0014257703 79.4226922850 22.3070044553 0.6796823932 9.5300864576 0.0014733066 6.9336689828
1700030456.77208 -97.255152 306.517276 4.508226 0.004029 0.018460 0.765007 0.643745 0.0001691221 -0.0000061981 -0.0000330453 0.0001860166 0.0000451585 0.0014307608 80.0586824451 22.4294400603 0.6840632426 9.5600847804 -0.0029143392 6.9874292279
1700030456.83846 -97.455441 307.247954 4.663548 0.003064 0.017287 0.764444 0.644451 0.0001683905 -0.0000050639 -0.0000343503 0.0001856053 0.0000389551 0.0014348357 80.5472415930 22.5855414606 0.6816447699 9.6134648183 0.0007139632 7.0215809267
1700030456.90484 -97.686495 307.713007 4.996408 0.016314 0.007811 0.761493 0.647921 0.0001676401 -0.0000044476 0.0000021212 0.0001859253 0.0000435482 0.0014385034 80.9892585248 22.7043344499 0.6858498185 9.6503780853 -0.0056449135 7.0584204268
1700030456.97121 -97.921066 308.219161 5.224668 0.022040 0.003392 0.757938 0.651945 0.0001686676 -0.0000040667 0.0000220423 0.0001863868 0.0000446953 0.0014415806 81.2720685934 22.8139101395 0.6924887399 9.6981295027 -0.0159432981 7.0827656732
1700030457.03757 -98.118230 308.964934 5.222468 0.026963 0.006859 0.755575 0.654471 0.0001701124 -0.0000035703 0.0000294039 0.0001887034 0.0000592251 0.0014438744 81.5914954794 22.9302774036 0.6982586413 9.7515274998 -0.0274056782 7.1137335953
1700030457.10393 -98.297639 309.778219 5.173612 0.026761 0.011887 0.751717 0.658835 0.0001707164 -0.0000047939 0.0000211450 0.0001883606 0.0000689844 0.0014467989 82.0732082820 23.0525033882 0.7087611329 9.7737934411 -0.0139858344 7.1436633606
1700030457.17029 -98.497750 310.526551 5.177535 0.021492 0.021384 0.751207 0.659370 0.0001715180 -0.0000063371 -0.0000059182 0.0001906440 0.0000786200 0.0014497966 82.6011837647 23.1833637143 0.7141488983 9.8173870143 -0.0176742814 7.1913725151
1700030457.23664 -98.698882 311.280703 5.178140 0.024823 0.020173 0.754335 0.655710 0.0001724560 -0.0000055935 0.0000030346 0.0001923051 0.0000821797 0.0014531898 83.0860259946 23.3139357180 0.7199710877 9.8648852395 -0.0229470770 7.2360295040
1700030457.30298 -98.901020 312.002354 5.214843 0.020350 0.018684 0.755550 0.654508 0.0001729249 -0.0000057273 -0.0000038797 0.0001920932 0.0000713113 0.0014583253 83.5823533140 23.4474768482 0.7256061586 9.9136595148 -0.0278068780 7.2813044880
1700030457.36932 -99.090931 312.729906 5.357053 0.013819 0.014318 0.757018 0.653090 0.0001726073 -0.0000055987 -0.0000092089 0.0001913914 0.0000517414 0.0014639924 84.0537073669 23.5771185691 0.7278087925 9.9633816557 -0.0345879829 7.3193006738
1700030457.43566 -99.284199 313.469086 5.375375 0.009544 0.012083 0.756828 0.653432 0.0001738050 -0.0000056773 -0.0000137830 0.0001918342 0.0000414380 0.0014685269 84.5299021999 23.6993664745 0.7349915739 10.0099169665 -0.0455375539 7.3632031177
1700030457.50199 -99.472426 314.203169 5.396109 0.020099 0.009507 0.753089 0.657543 0.0001749824 -0.0000049628 0.0000108871 0.0001938786 0.0000542504 0.0014715026 85.0178257758 23.8264217804 0.7413644105 10.0589985146 -0.0528065992 7.4085956869
1700030457.56832 -99.723961 314.935671 5.364448 0.022256 0.007208 0.749805 0.661245 0.0001763548 -0.0000047742 0.0000189048 0.0001949465 0.0000540337 0.0014751980 85.5091300532 23.9542978329 0.7469327708 10.1092492881 -0.0603427908 7.4540243049
1700030457.63464 -99.909676 315.679304 5.369625 0.026942 0.012966 0.747144 0.663990 0.0001775171 -0.0000047073 0.0000175497 0.0001979226 0.0000726726 0.0014772839 86.0040366666 24.1029619448 0.7536912216 10.1720432324 -0.0663590650 7.5014370240
1700030457.70096 -100.098649 316.419995 5.383148 0.027484 0.011975 0.744244 0.667235 0.0001788177 -0.0000047346 0.0000198665 0.0001989491 0.0000718504 0.0014812180 86.5042849446 24.2316094060 0.7607840703 10.2243094357 -0.0745207068 7.5489272218
1700030457.76731 -100.286924 317.160451 5.397240 0.023524 0.021390 0.744984 0.666324 0.0001794098 -0.0000060364 -0.0000042695 0.0002015451 0.0000829758 0.0014840749 87.0053037989 24.3616797272 0.7685369828 10.2785714109 -0.0830960194 7.5968221555
1700030457.83370 -100.289471 317.922215 5.526523 0.029490 0.023923 0.747489 0.663188 0.0001776263 -0.0000051605 0.0000026122 0.0002043247 0.0000938180 0.0014865295 87.5002076513 24.4888822934 0.7747210980 10.3328845825 -0.0920276044 7.6427840662
1700030457.90008 -100.328793 318.665240 5.811385 0.022945 0.018322 0.747678 0.663412 0.0001775712 -0.0000051946 -0.0000007893 0.0002030697 0.0000753084 0.0014928179 88.0177581373 24.5523281365 0.7802242833 10.3505547670 -0.1045608179 7.6795654527
1700030457.96645 -100.348559 319.633614 5.877058 0.021013 0.019525 0.748645 0.662351 0.0001762655 -0.0000040804 -0.0000035128 0.0002024166 0.0000722326 0.0014969287 88.5031694132 24.6367256602 0.7649703105 10.3649991101 -0.1076322275 7.6930926199
1700030458.03282 -100.158833 320.949897 5.609918 0.017656 0.015696 0.744800 0.666870 0.0001751168 -0.0000023258 0.0000007360 0.0001970646 0.0000591067 0.0015011340 89.1123706631 24.7470054303 0.7291603969 10.3415719464 -0.0702501253 7.6840780613
1700030458.09919 -99.872904 323.490526 4.857079 0.020367 0.014701 0.738281 0.674026 0.0001743888 -0.0000016448 0.0000180717 0.0001950034 0.0000627214 0.0015006373 89.9402734729 24.7854036807 0.7180913643 10.2661582533 -0.0413775658 7.7253609732
1700030458.16555 -100.054692 324.555051 4.759500 0.023153 0.014040 0.736062 0.676372 0.0001752980 -0.0000022245 0.0000097612 0.0001964563 0.0000684921 0.0015036737 91.7463952329 24.9308218200 0.7179394032 10.2204951962 -0.0257081490 7.8689091051
1700030458.23191 -100.196942 325.417622 4.779686 0.025674 0.024059 0.733882 0.678365 0.0001763928 -0.0000032511 -0.0000061250 0.0002006237 0.0000927712 0.0015046905 92.5015222195 25.0937249381 0.7217671106 10.2696173455 -0.0275832795 7.9336047303
1700030458.29826 -100.372623 326.352150 4.795313 0.020938 0.022852 0.730846 0.681838 0.0001776472 -0.0000037909 -0.0000129497 0.0002001939 0.0000818087 0.0015100341 93.1048605214 25.2258998333 0.7258924170 10.3125782396 -0.0331855954 7.9853838146
1700030458.36461 -100.500656 327.293979 4.865027 0.016255 0.032195 0.732836 0.679449 0.0001796825 -0.0000055545 -0.0000397984 0.0002026416 0.0000911914 0.0015117107 93.7643609352 25.3758263317 0.7304216741 10.3621760941 -0.0393589180 8.0423772423
1700030458.43095 -100.614206 328.284640 4.919633 0.020125 0.033621 0.734758 0.677197 0.0001785119 -0.0000056542 -0.0000339220 0.0002047455 0.0000999911 0.0015147180 94.4316248634 25.5075617478 0.7343521006 10.3962770122 -0.0502383489 8.0982925254
1700030458.49729 -100.765943 329.531273 4.946195 0.009517 0.027879 0.734898 0.677538 0.0001792894 -0.0000053675 -0.0000423241 0.0002019904 0.0000718531 0.0015216969 95.1366905411 25.6400014131 0.7383988431 10.4294562442 -0.0603218733 8.1555822534
1700030458.56362 -100.919691 330.425646 4.986842 0.007887 0.025931 0.735553 0.676925 0.0001805145 -0.0000052019 -0.0000455270 0.0002024990 0.0000651231 0.0015262098 96.0390272211 25.8113512926 0.7442989685 10.4766008659 -0.0695540738 8.2329775778
1700030458.62995 -101.294705 331.443627 4.665912 0.008732 0.021687 0.734925 0.677745 0.0001791469 -0.0000043555 -0.0000337825 0.0002027846 0.0000623849 0.0015287124 96.6092982391 25.9298368425 0.7411333109 10.5084047815 -0.0747936756 8.2792266879
1700030458.69627 -101.212593 332.451910 4.711367 0.014200 0.020467 0.729576 0.683445 0.0001791534 -0.0000041546 -0.0000221959 0.0002035247 0.0000642306 0.0015319536 97.3241602536 26.1589067250 0.7476254201 10.5965361463 -0.0685397505 8.3433753698
1700030458.76263 -101.284303 333.601982 4.589359 0.016725 0.022466 0.726171 0.686943 0.0001796384 -0.0000048154 -0.0000194435 0.0002036372 0.0000742901 0.0015348165 98.0593299089 26.2171070471 0.7560319691 10.5745053596 -0.0648783721 8.3956225299
1700030458.82902 -101.417186 334.323130 4.764253 0.020753 0.025165 0.721855 0.691275 0.0001808977 -0.0000055507 -0.0000231876 0.0002050345 0.0000871786 0.0015371660 98.9087283902 26.3511732037 0.7620188068 10.5922194027 -0.0607125650 8.4628375102
1700030458.89540 -101.479341 335.200383 4.879546 0.021062 0.033585 0.718094 0.694816 0.0001827055 -0.0000071011 -0.0000370093 0.0002085300 0.0001044339 0.0015380884 99.4270502197 26.4655589355 0.7666326705 10.6373363554 -0.0737262532 8.5072356816
1700030458.96178 -101.594164 335.902369 5.076324 0.027089 0.031419 0.720656 0.692051 0.0001823572 -0.0000063210 -0.0000234312 0.0002096028 0.0001103213 0.0015418157 100.0685986957 26.5702102586 0.7728192407 10.6559238117 -0.0791007647 8.5585708514
1700030459.02816 -101.773999 336.593495 5.143192 0.022953 0.029265 0.722105 0.690783 0.0001830129 -0.0000063997 -0.0000256409 0.0002093503 0.0001033170 0.0015469412 100.5835722654 26.6734009400 0.7800892357 10.6910881733 -0.0899282305 8.6023367743
1700030459.09453 -101.936694 337.148294 5.386358 0.015149 0.024696 0.725808 0.687287 0.0001838365 -0.0000066923 -0.0000352444 0.0002064722 0.0000789311 0.0015537362 101.0862129161 26.8017201450 0.7896653496 10.7343316518 -0.0929918653 8.6445003113
1700030459.16090 -102.085340 337.833002 5.574700 0.016764 0.017851 0.727838 0.685312 0.0001820463 -0.0000044094 -0.0000189170 0.0002044655 0.0000674447 0.0015582774 101.4507921768 26.8938275196 0.8060008451 10.7754119737 -0.1027962083 8.6698499404
1700030459.22726 -101.987240 338.204315 5.795180 0.031816 0.007461 0.728332 0.684444 0.0001814099 -0.0000028393 0.0000283583 0.0002032427 0.0000794529 0.0015577862 101.8823013213 26.9802719566 0.8157025817 10.7655984148 -0.0833934262 8.6826599173
1700030459.29362 -102.058443 338.992858 5.753972 0.034952 0.004915 0.729101 0.683495 0.0001830453 -0.0000018407 0.0000441708 0.0002039201 0.0000791359 0.0015607165 102.1363879967 26.9753994230 0.8152419735 10.7596612021 -0.0904212996 8.6921421346
1700030459.35997 -101.924121 339.459335 6.139754 0.043294 0.009501 0.731456 0.680447 0.0001839926 0.0000002973 0.0000486954 0.0002056798 0.0001005659 0.0015616052 102.7170547005 27.0909116434 0.8038364873 10.7661272614 -0.0696678571 8.7162882291
1700030459.42631 -101.847637 340.089251 6.552519 0.039403 0.015945 0.733172 0.678713 0.0001832689 -0.0000003090 0.0000303274 0.0002060595 0.0001052210 0.0015656972 103.0461228318 27.0815066193 0.8005662228 10.7375925336 -0.0771919484 8.7259892336
1700030459.49266 -101.998933 340.826038 6.740311 0.035816 0.030075 0.736253 0.675088 0.0001822196 -0.0000013575 -0.0000005262 0.0002052502 0.0001241729 0.0015661141 103.4631030960 27.1481507690 0.7580392212 10.6832322933 -0.0450665914 8.7061329159
1700030459.55900 -102.058805 341.038995 7.081238 0.036849 0.024659 0.744344 0.666322 0.0001810837 -0.0000001360 0.0000075947 0.0002018684 0.0001217709 0.0015682445 103.9653106717 27.2721133401 0.7551064303 10.6627340106 -0.0121274748 8.7180041598
1700030459.62533 -101.917178 341.601237 7.115546 0.030067 0.016573 0.753454 0.656604 0.0001811713 0.0000000455 0.0000116926 0.0001986048 0.0000959099 0.0015757577 104.0975947599 27.3176585048 0.7598475703 10.6794693869 -0.0220984736 8.7281337359
1700030459.69166 -101.773701 342.455511 7.142564 0.024276 0.017580 0.763265 0.645390 0.0001820800 -0.0000003510 0.0000014944 0.0001977629 0.0000830682 0.0015800985 104.4818861572 27.3090636803 0.7675180113 10.6544935416 -0.0222195399 8.7585542740
1700030459.75816 -102.323901 343.186890 7.202829 0.027737 0.012803 0.766959 0.640969 0.0001833157 0.0000005907 0.0000176648 0.0001982053 0.0000806849 0.0015825626 105.0883748497 27.3183750137 0.7761310315 10.6216120552 -0.0228610266 8.8078432209
1700030459.82484 -102.996226 343.947988 7.291420 0.039082 0.007798 0.770056 0.636730 0.0001854879 0.0000032152 0.0000506975 0.0001995439 0.0000912463 0.0015789219 105.5377819476 27.5693136413 0.7960296114 10.7228111560 -0.0196199076 8.8575869687
1700030459.89186 -102.992764 344.950240 7.423947 0.038409 0.008067 0.773912 0.632075 0.0001862724 0.0000033457 0.0000509487 0.0002000527 0.0000890236 0.0015832285 106.1234020043 27.9081921014 0.7996181376 10.8627661125 -0.0225872559 8.9130859911
1700030459.95887 -103.162431 345.505631 7.527199 0.043819 0.014679 0.779249 0.625009 0.0001864108 0.0000035580 0.0000480067 0.0002046841 0.0001170963 0.0015833355 106.9017966419 27.9981915990 0.8073360772 10.8535785007 -0.0259210434 8.9758016036
1700030460.02589 -103.264791 346.212757 7.556990 0.038446 0.018117 0.781554 0.622388 0.0001844989 0.0000026254 0.0000334507 0.0002046196 0.0001145792 0.0015867373 107.2643235763 28.0981967796 0.8077517224 10.8830174998 -0.0305041211 9.0092600204
1700030460.09291 -103.479805 346.953632 7.472587 0.030838 0.029214 0.786118 0.616615 0.0001838079 -0.0000002521 -0.0000001851 0.0002072071 0.0001264900 0.0015895925 107.7989995590 28.2063560394 0.8133274391 10.9047016891 -0.0304911560 9.0514443289
1700030460.15994 -103.983394 347.602735 7.553234 0.033149 0.025585 0.794341 0.606027 0.0001843945 0.0000010707 0.0000129580 0.0002075744 0.0001243489 0.0015936090 108.3520964856 28.3607129277 0.8145900832 10.9512926840 -0.0284792960 9.0982080357
1700030460.22697 -104.128971 348.357456 7.586647 0.028759 0.020019 0.799793 0.599252 0.0001854716 0.0000011321 0.0000130084 0.0002050656 0.0001015946 0.0016015448 108.8561439062 28.6297218865 0.8200340762 11.0647659861 -0.0323695810 9.1473648675
1700030460.29400 -104.271161 349.123094 7.635783 0.021671 0.016337 0.805411 0.592096 0.0001865332 0.0000006584 0.0000036863 0.0002035723 0.0000810004 0.0016085955 109.4491622001 28.7654469040 0.8240937839 11.1024972124 -0.0365197009 9.1993015077
1700030460.36103 -104.567752 349.837986 7.850069 0.025121 0.012409 0.807678 0.588958 0.0001877776 0.0000014971 0.0000170315 0.0002041826 0.0000774371 0.0016128420 110.0394534097 28.8918276556 0.8328415223 11.1354089838 -0.0404985389 9.2473624304
1700030460.42807 -105.365293 350.350813 8.289973 0.035203 0.002870 0.810741 0.584339 0.0001903397 0.0000036444 0.0000533956 0.0002040991 0.0000758194 0.0016132166 110.5434902022 29.0622500107 0.8583539518 11.1972009212 -0.0454549807 9.2884644097
1700030460.49511 -105.445863 351.124948 8.420111 0.034553 -0.000117 0.814267 0.579461 0.0001922175 0.0000040606 0.0000625541 0.0002043189 0.0000673846 0.0016174557 110.9455008561 29.4344489327 0.8676814210 11.3756517781 -0.0610362825 9.3334842349
1700030460.56216 -105.703104 351.710722 8.622899 0.035381 0.007134 0.817075 0.575400 0.0001913964 0.0000028990 0.0000501716 0.0002057943 0.0000870279 0.0016203501 111.5573132900 29.5321372177 0.8841492981 11.3801806478 -0.0540305415 9.3748418918
1700030460.62921 -105.939221 352.331776 8.666302 0.028790 0.014853 0.815572 0.577748 0.0001902392 0.0000007909 0.0000221480 0.0002069828 0.0000929968 0.0016252378 112.0161779682 29.6899327893 0.8937813777 11.4346235637 -0.0568912348 9.4071112254
1700030460.69626 -106.121546 353.064927 8.696408 0.023379 0.024039 0.815549 0.577715 0.0001902610 -0.0000012564 -0.0000042666 0.0002094396 0.0001047338 0.0016281977 112.5016459671 29.8438331626 0.9011984610 11.4882993239 -0.0571064821 9.4424988293
1700030460.76331 -106.451647 353.824657 8.995871 0.027573 0.020428 0.817063 0.575526 0.0001897253 -0.0000003007 0.0000136137 0.0002104232 0.0001114299 0.0016308951 113.0710272849 29.9822333017 0.9153113958 11.5247562136 -0.0524734633 9.4784872255
1700030460.83037 -106.581134 354.656480 9.128738 0.021603 0.017800 0.816720 0.576355 0.0001903218 -0.0000011895 0.0000028198 0.0002080539 0.0000898086 0.0016382593 113.6882703525 30.2024651868 0.9237179603 11.6047566898 -0.0628519498 9.5295856544
1700030460.89670 -106.804146 355.367969 9.307679 0.016558 0.012432 0.816749 0.576622 0.0001914703 -0.0000015020 -0.0000020423 0.0002067951 0.0000683433 0.0016448861 114.3609330964 30.3402562497 0.9326855770 11.6391060344 -0.0701232781 9.5853616280
1700030460.96303 -106.732786 356.155009 9.532399 0.013239 0.006161 0.813173 0.581839 0.0001922518 -0.0000013892 -0.0000003496 0.0002053804 0.0000496658 0.0016493382 114.9060154565 30.4816025255 0.9517560283 11.6808614331 -0.0728520741 9.6214594232
1700030461.02935 -107.034485 356.855781 9.680533 0.028095 -0.002292 0.809759 0.586085 0.0001948974 0.0000004352 0.0000493910 0.0002066064 0.0000559674 0.0016500481 115.5101063315 30.5192160995 0.9670615685 11.6679799547 -0.0830613186 9.6687034914
1700030461.09567 -107.287476 357.533588 9.751841 0.032361 -0.005890 0.807462 0.589001 0.0001971972 0.0000009581 0.0000649336 0.0002076493 0.0000544441 0.0016532187 116.0909391798 30.7165863504 0.9757349394 11.7419284937 -0.0912489572 9.7211997077
1700030461.16198 -107.460173 358.240809 9.874859 0.037176 -0.002842 0.806111 0.590589 0.0001987994 0.0000018119 0.0000708286 0.0002101367 0.0000699122 0.0016556558 116.6556506919 30.8885699360 0.9842996141 11.8043564452 -0.0963651791 9.7696797646
1700030461.22828 -107.905545 358.890483 9.765571 0.033799 0.002922 0.803715 0.594047 0.0001964056 0.0000008142 0.0000522556 0.0002122455 0.0000793574 0.0016605101 117.2258065622 31.0276051205 0.9888825277 11.8499535522 -0.1062520587 9.8156404190
1700030461.29458 -108.654155 359.544894 9.508720 0.027929 0.011892 0.804363 0.593362 0.0001921198 -0.0000003400 0.0000241808 0.0002144990 0.0000912722 0.0016646103 117.7116918157 31.2797826901 0.9821944352 11.9575578350 -0.1059187609 9.8565563944
1700030461.36087 -109.102031 360.150103 9.650781 0.035577 0.010309 0.807114 0.589232 0.0001914169 0.0000006311 0.0000451148 0.0002113660 0.0000996756 0.0016656847 118.2134589921 31.6721610300 0.9765193527 12.1083310165 -0.0733850625 9.8743753903
1700030461.42716 -109.485858 360.751226 9.872237 0.032979 0.008816 0.807301 0.589151 0.0001918989 -0.0000001009 0.0000395436 0.0002099558 0.0000907601 0.0016706923 118.6972212747 31.9226476978 0.9850062239 12.2087451970 -0.0723081634 9.9139863677
1700030461.49344 -109.797997 361.339405 10.157269 0.026917 0.007523 0.807831 0.588752 0.0001922866 -0.0000014870 0.0000264058 0.0002083878 0.0000782120 0.0016769541 119.1953734325 32.1442604828 0.9970245656 12.2927199956 -0.0717459349 9.9489566053
1700030461.55972 -110.181951 362.268363 9.994824 0.023873 0.009339 0.806268 0.590995 0.0001919082 -0.0000023816 0.0000216540 0.0002076150 0.0000765072 0.0016806224 119.6541059037 32.3215863599 1.0147057617 12.3535384576 -0.0702632205 9.9741727847
1700030461.62599 -110.781663 363.266848 9.629466 0.032090 0.001232 0.802659 0.595574 0.0001935555 -0.0000004052 0.0000587284 0.0002072363 0.0000750499 0.0016811393 120.3749097085 32.5702216943 1.0240060326 12.4320503443 -0.0558726903 10.0295552822
1700030461.69226 -111.180051 364.128410 9.515113 0.032322 0.000550 0.800022 0.599100 0.0001943281 -0.0000006364 0.0000565370 0.0002076838 0.0000716709 0.0016852267 121.2117179684 32.9405602716 1.0276131114 12.5745590071 -0.0408755296 10.1051036275
1700030461.75852 -111.655607 364.961774 9.492975 0.033966 0.006589 0.798882 0.600492 0.0001940946 0.0000001630 0.0000474292 0.0002093849 0.0000877059 0.0016851499 121.8770508749 33.1900780207 1.0339569655 12.6603970504 -0.0364294311 10.1689480969
1700030461.82477 -112.057419 365.810147 9.389666 0.034175 0.010904 0.796332 0.603796 0.0001942488 0.0000000706 0.0000419514 0.0002112740 0.0000986425 0.0016881371 122.5827192030 33.4882808792 1.0389646264 12.7739426072 -0.0364063425 10.2330030315
1700030461.89187 -112.076250 366.612612 9.379975 0.026083 0.020114 0.795577 0.604956 0.0001941643 -0.0000025314 0.0000033375 0.0002132394 0.0001046480 0.0016928945 123.3187682851 33.7574870248 1.0464058246 12.8726599754 -0.0354580490 10.2994692471
1700030461.95940 -111.668866 367.671429 9.224132 0.027605 0.016734 0.797631 0.602281 0.0001930329 -0.0000016757 0.0000177784 0.0002129410 0.0000979360 0.0016964198 123.9544537877 33.8390120197 1.0550750914 12.8737767561 -0.0390331136 10.3509161872
1700030462.02695 -112.058252 368.676000 9.144410 0.021485 0.013563 0.798001 0.602120 0.0001923689 -0.0000014607 0.0000093100 0.0002108085 0.0000824528 0.0017021753 124.8429073326 33.7893261111 1.0470716141 12.7773073119 -0.0371531383 10.4085598993
1700030462.09452 -113.102303 369.704584 8.923093 0.015055 0.008480 0.799322 0.600654 0.0001922440 -0.0000000760 0.0000062248 0.0002072973 0.0000611624 0.0017066827 125.6393291845 34.0907025666 1.0237797904 12.8696543706 -0.0301315256 10.4729472399
1700030462.16210 -112.981756 370.661518 9.026402 0.010609 0.003291 0.796091 0.605075 0.0001929696 -0.0000005172 -0.0000018918 0.0002064890 0.0000388226 0.0017110299 126.4946112057 34.6586405990 1.0402931871 13.1200639526 -0.0185951672 10.5586395746
1700030462.22969 -113.377908 371.662221 8.793051 0.019746 -0.000597 0.791720 0.610564 0.0001929588 -0.0000003468 0.0000348455 0.0002063360 0.0000482548 0.0017107143 127.2222099713 34.6823243380 1.0648428695 13.0769431804 -0.0126466961 10.6052560559
1700030462.29730 -113.731749 372.508322 8.792652 0.020466 0.000984 0.789799 0.613024 0.0001937261 -0.0000006286 0.0000280886 0.0002075067 0.0000505782 0.0017150332 128.1012882116 34.9789379154 1.0696959565 13.1766806628 -0.0050661740 10.6829942632
1700030462.36493 -114.035703 373.349144 8.840106 0.021330 0.010243 0.790055 0.612580 0.0001944490 -0.0000009366 0.0000124586 0.0002106290 0.0000738054 0.0017180498 128.8474380227 35.2329986323 1.0768231125 13.2645598094 -0.0072885296 10.7503914685
1700030462.43257 -114.221579 374.199442 8.924789 0.020885 0.007337 0.790491 0.612073 0.0001954433 -0.0000008018 0.0000164599 0.0002110511 0.0000650739 0.0017232680 129.5801611901 35.4657719133 1.0838938582 13.3422094718 -0.0125667438 10.8160146539
1700030462.50022 -114.274969 375.019574 9.083807 0.016180 0.017529 0.794564 0.606711 0.0001960116 -0.0000022238 -0.0000138074 0.0002135060 0.0000798482 0.0017263267 130.3258514054 35.6459184494 1.0883409397 13.3900755527 -0.0199377934 10.8784501305
1700030462.56789 -114.162506 375.917733 9.109127 0.017052 0.016388 0.799891 0.599679 0.0001946202 -0.0000013098 -0.0000071997 0.0002140977 0.0000756949 0.0017307641 131.0258787001 35.7581240546 1.0915016797 13.4035667939 -0.0305925605 10.9350855985
1700030462.63557 -114.799348 376.845339 9.096335 0.008641 0.009883 0.805727 0.592142 0.0001943641 -0.0000010386 -0.0000126171 0.0002122735 0.0000568502 0.0017353542 131.7841797253 35.8090654839 1.0752992910 13.3760271079 -0.0359227653 10.9819590855
1700030462.70327 -115.354389 377.689526 9.258683 0.006455 0.006771 0.812246 0.583240 0.0001953850 -0.0000004864 -0.0000159235 0.0002122754 0.0000409095 0.0017408255 132.6131612696 36.2159430402 1.0840305084 13.5415137428 -0.0372213326 11.0595011583
1700030462.77099 -116.087785 378.450949 9.391536 0.015344 -0.003353 0.822219 0.568954 0.0001954168 0.0000004188 0.0000252876 0.0002120671 0.0000346020 0.0017431983 133.2904524572 36.5450197657 1.1095132123 13.6740211919 -0.0352428833 11.1160571853
1700030462.83872 -116.411936 379.338783 9.408193 0.020206 -0.006805 0.827681 0.560794 0.0001971714 0.0000008151 0.0000450843 0.0002123777 0.0000305704 0.0017467817 133.9665346994 36.9703493891 1.1218053747 13.8606007184 -0.0344362229 11.1748353525
1700030462.90575 -116.928258 379.936457 9.832460 0.027084 -0.001428 0.829314 0.558124 0.0001981847 0.0000015710 0.0000488317 0.0002142075 0.0000594370 0.0017492300 134.7616192280 37.2163635197 1.1365961361 13.9380879488 -0.0285443990 11.2317202620
1700030462.97208 -117.411078 380.552396 10.165142 0.023192 0.006789 0.828120 0.560030 0.0001975743 0.0000003910 0.0000259211 0.0002157342 0.0000739939 0.0017533487 135.2820857150 37.5169963863 1.1513770623 14.0690221106 -0.0389479726 11.2702373874
1700030463.03840 -117.736029 381.356017 10.280388 0.014599 0.017478 0.827221 0.561414 0.0001984095 -0.0000015642 -0.0000129854 0.0002178736 0.0000830032 0.0017573054 135.8248660612 37.8121640336 1.1615076358 14.1987990592 -0.0537030301 11.3232554057
1700030463.10472 -117.858847 382.286531 10.212378 0.016550 0.015689 0.829775 0.557631 0.0001976843 -0.0000014905 -0.0000025720 0.0002180406 0.0000791553 0.0017612938 136.5311741797 38.0495568114 1.1741307300 14.2816770143 -0.0565946582 11.3795302947
1700030463.17104 -118.145485 383.056019 10.388098 0.014164 0.013513 0.830634 0.556475 0.0001983578 -0.0000017817 -0.0000092630 0.0002185456 0.0000729170 0.0017663085 137.3888583318 38.2183921190 1.1793344712 14.3153342854 -0.0583870778 11.4503167805
1700030463.23735 -118.159257 384.100521 10.283979 0.005889 0.009300 0.829566 0.558300 0.0001996748 -0.0000020367 -0.0000190768 0.0002173010 0.0000477158 0.0017722182 138.0858955279 38.4386445894 1.1972502623 14.3901430028 -0.0623918698 11.5027164888
1700030463.30365 -117.767374 385.491366 10.031402 -0.001254 0.011304 0.826449 0.562897 0.0002009367 -0.0000024407 -0.0000372660 0.0002170396 0.0000429342 0.0017750117 139.0242433847 38.5546895873 1.2193375742 14.3850161688 -0.0552221022 11.5630913668
1700030463.36994 -117.552716 386.620637 9.980890 0.009162 0.003756 0.821621 0.569947 0.0001998965 -0.0000011245 -0.0000026567 0.0002165854 0.0000423662 0.0017774288 140.2400935741 38.5189679423 1.2383036025 14.2712199688 -0.0482886488 11.6533250691
1700030463.43623 -117.881158 387.466723 10.081003 0.013837 -0.002628 0.818382 0.574502 0.0002012257 -0.0000008023 0.0000186783 0.0002172795 0.0000335067 0.0017822153 141.3040786799 38.5587517110 1.2450344916 14.2198491010 -0.0530674084 11.7340057452
1700030463.50252 -118.207059 388.311311 10.180533 0.019583 -0.000724 0.817119 0.576136 0.0002027452 -0.0000003360 0.0000296747 0.0002193225 0.0000487346 0.0017856776 142.1042452133 38.8150771562 1.2547418596 14.3086748941 -0.0610689716 11.8048377749
1700030463.56880 -118.490309 389.170154 10.279234 0.019699 0.007437 0.815128 0.578897 0.0002034910 -0.0000006993 0.0000147014 0.0002221498 0.0000697241 0.0017890926 142.9052242948 39.0712154653 1.2645550987 14.3980478258 -0.0697631354 11.8762575435
1700030463.63507 -118.259166 390.157842 10.158708 0.013492 0.020329 0.814125 0.580177 0.0002024858 -0.0000030247 -0.0000233781 0.0002245919 0.0000827377 0.0017921098 143.6916611760 39.3052642885 1.2831343023 14.4771913516 -0.0772959090 11.9439244901
1700030463.70134 -118.603656 391.088653 10.010173 0.015715 0.017844 0.816195 0.577287 0.0002012614 -0.0000025645 -0.0000115964 0.0002264745 0.0000888669 0.0017961401 144.6125631151 39.2993803413 1.2921819684 14.4147293808 -0.0810627630 12.0096999575
1700030463.76761 -119.083716 391.975220 9.951724 0.012180 0.019379 0.817498 0.575477 0.0002018859 -0.0000027603 -0.0000250972 0.0002264327 0.0000874639 0.0018003596 145.4983028269 39.5836456394 1.2932842543 14.5075606272 -0.0777353818 12.0813420743
1700030463.83386 -119.496027 392.904411 10.049838 0.001975 0.014351 0.817134 0.576266 0.0002031571 -0.0000024275 -0.0000430110 0.0002235246 0.0000594582 0.0018067563 146.3466406106 39.9292802372 1.2979675094 14.6358858792 -0.0764498884 12.1531242270
1700030463.90036 -119.834358 393.666484 10.481893 -0.002224 0.011303 0.815559 0.578560 0.0002041147 -0.0000026179 -0.0000533519 0.0002223883 0.0000462494 0.0018116105 147.2379044520 40.2462780590 1.3072823757 14.7470673555 -0.0775841104 12.2158258899
1700030463.96721 -119.972644 394.682759 10.526542 0.007663 0.000675 0.810619 0.585524 0.0002014756 -0.0000020119 -0.0000051877 0.0002206930 0.0000376728 0.0018176053 147.9303704286 40.4951181060 1.3246902721 14.8323801694 -0.0815943478 12.2472668966
1700030464.03419 -120.490677 395.553875 10.519806 0.009995 -0.004927 0.806952 0.590512 0.0002025688 -0.0000020967 0.0000124358 0.0002211994 0.0000216330 0.0018227269 148.9129469892 40.6972134608 1.3322908563 14.8783817492 -0.0879499904 12.3272592917
1700030464.10117 -120.841320 396.415943 10.590769 0.015069 -0.006220 0.806510 0.590996 0.0002041196 -0.0000018093 0.0000273357 0.0002226503 0.0000270699 0.0018269480 149.7669302822 41.0611677659 1.3432279168 15.0245316899 -0.0920855602 12.4076489667
1700030464.16815 -121.183644 397.291834 10.659314 0.016728 0.003395 0.807370 0.589798 0.0002049426 -0.0000017423 0.0000133429 0.0002253886 0.0000553166 0.0018306156 150.6178518343 41.3406039708 1.3542101436 15.1257566389 -0.1012028498 12.4842954268
1700030464.23514 -121.540937 398.158288 10.738078 0.006594 0.009929 0.809120 0.587522 0.0002064201 -0.0000029332 -0.0000259896 0.0002265772 0.0000532579 0.0018352308 151.4738897880 41.6209756124 1.3653806928 15.2280696436 -0.1111673577 12.5617390099
1700030464.30213 -121.912599 399.022151 10.741882 0.008031 0.011486 0.815622 0.578415 0.0002058032 -0.0000029412 -0.0000244394 0.0002280998 0.0000569071 0.0018395366 152.3202997271 41.9066598882 1.3729776380 15.3339969180 -0.1201397116 12.6311499368
1700030464.36912 -122.140676 399.834355 10.976996 0.005238 0.010538 0.820975 0.570843 0.0002052208 -0.0000031419 -0.0000318384 0.0002290231 0.0000522940 0.0018442649 153.1754351221 42.1970818865 1.3835041782 15.4419539130 -0.1242844708 12.7005662179
1700030464.43611 -122.498200 400.697616 11.058206 -0.002955 0.005803 0.828305 0.560240 0.0002068529 -0.0000022362 -0.0000436732 0.0002291849 0.0000267103 0.0018497987 153.9848179021 42.4127112512 1.3960679319 15.5156479651 -0.1423246564 12.7713820637
1700030464.50311 -122.908481 401.520626 11.219144 -0.005368 0.002115 0.835006 0.550210 0.0002078339 -0.0000013952 -0.0000437072 0.0002302368 0.0000144858 0.0018549386 154.8440807860 42.6963419312 1.4093618888 15.6233451777 -0.1535645746 12.8480574378
1700030464.57010 -123.258150 402.371420 11.320940 0.007132 -0.002330 0.839926 0.542649 0.0002078390 -0.0000005824 -0.0000005870 0.0002318200 0.0000240625 0.0018607182 155.6632945777 43.0025193672 1.4225901997 15.7484061111 -0.1690779840 12.9244560651
1700030464.63710 -123.771963 403.192717 11.484417 0.005840 -0.002600 0.845597 0.533783 0.0002083350 -0.0000004188 -0.0000030870 0.0002324552 0.0000273848 0.0018647047 156.5011058853 43.2778011900 1.4482387114 15.8496809657 -0.1662467515 12.9760969540
1700030464.70411 -124.083869 404.064768 11.552496 0.009084 0.004542 0.851930 0.523556 0.0002095183 0.0000000380 -0.0000059799 0.0002346540 0.0000480899 0.0018683312 157.3280708517 43.6450260115 1.4639290328 16.0095221552 -0.1790261823 13.0537691470
1700030464.77111 -124.546488 405.144152 11.213870 0.001880 0.015942 0.850623 0.525531 0.0002110535 -0.0000024272 -0.0000427953 0.0002360974 0.0000655697 0.0018708739 158.2169265376 43.9155932929 1.4744761172 16.1026219870 -0.1757308678 13.1051574869
1700030464.83812 -125.017336 405.998664 11.319342 0.000495 0.025897 0.849232 0.527384 0.0002127844 -0.0000049687 -0.0000682730 0.0002400006 0.0000947781 0.0018711665 159.3170603729 44.2944473383 1.4859024452 16.2444737435 -0.1664166768 13.1931911674
1700030464.90513 -126.715297 405.574780 11.996095 0.011907 0.017391 0.854043 0.519775 0.0002094390 -0.0000024991 -0.0000378859 0.0002377728 0.0000944791 0.0018738004 160.0260124179 44.6171988717 1.5077529403 16.3638720901 -0.1618925621 13.2561177619
1700030464.97201 -128.208867 405.690650 12.391115 0.010590 0.011273 0.855523 0.517534 0.0002083731 -0.0000010568 -0.0000196286 0.0002339890 0.0000760348 0.0018789750 159.4601357004 45.3989900542 1.5113022201 16.8555271742 -0.1721787709 13.2403116534
1700030465.03920 -127.545984 405.998066 13.051424 0.012071 0.009229 0.854250 0.519640 0.0002085356 0.0000003772 -0.0000171950 0.0002301161 0.0000592478 0.0018841410 159.5050000074 46.1966769114 1.4933228854 17.3036171714 -0.1727207175 13.2637877752
1700030465.10625 -127.393869 407.025133 12.861892 0.014086 0.000971 0.862270 0.506252 0.0002088972 0.0000007501 0.0000179843 0.0002232521 0.0000379361 0.0018884236 159.7109170121 45.8899389833 1.4622508338 17.0642384781 -0.1615385663 13.2046106212
1700030465.17330 -127.642899 407.857355 13.063514 0.022420 -0.009439 0.874542 0.484339 0.0002092449 0.0000012103 0.0000609289 0.0002168848 0.0000324109 0.0018899953 160.6941106471 45.9532149170 1.4627140637 16.9486363757 -0.0829708578 13.1872687498
1700030465.24036 -128.314534 408.322874 13.621908 0.034210 -0.011180 0.884808 0.464565 0.0002128640 0.0000032140 0.0000965630 0.0002174102 0.0000461479 0.0018820694 161.3248778603 46.0949537697 1.5087787720 16.9686650867 -0.0714273098 13.2428875844
1700030465.30742 -128.710040 409.072509 13.646413 0.036762 0.009270 0.892987 0.448482 0.0002121806 0.0000058661 0.0000786194 0.0002239543 0.0001057005 0.0018833874 161.8070989576 46.5079118753 1.5238383475 17.1727958795 -0.0927470579 13.2970693865
1700030465.37448 -129.115539 409.815922 13.672000 0.022429 0.008600 0.897794 0.439760 0.0002105055 0.0000029287 0.0000376518 0.0002224233 0.0000823840 0.0018937887 162.5733769589 46.8201667239 1.5319756753 17.2937768529 -0.0956112437 13.3671232669
1700030465.44154 -129.515462 410.549396 13.780340 0.015330 0.020085 0.902432 0.430090 0.0002108219 0.0000012803 0.0000000720 0.0002263568 0.0001074075 0.0018967153 163.3342667914 47.1334891289 1.5396421000 17.4163116863 -0.0992890712 13.4356227011
1700030465.50861 -129.928547 411.273439 13.813435 0.015056 0.008917 0.907469 0.419754 0.0002121830 0.0000022120 0.0000167547 0.0002237334 0.0000729054 0.0019052021 164.0863255803 47.4451683533 1.5480260841 17.5394754742 -0.1067976364 13.5051429092
1700030465.57568 -130.323710 411.998079 13.912592 0.010784 -0.003912 0.910004 0.414441 0.0002134619 0.0000019627 0.0000218753 0.0002221625 0.0000279832 0.0019127072 164.8410389671 47.7655622771 1.5545576112 17.6676962890 -0.1115446589 13.5742874761
1700030465.64275 -130.740602 412.722413 13.943114 0.009392 -0.002390 0.910957 0.412387 0.0002144734 0.0000019364 0.0000156410 0.0002234058 0.0000306183 0.0019177093 165.6029445377 48.0735401280 1.5620276475 17.7890094422 -0.1203604685 13.6449527052
1700030465.70983 -131.150120 413.437522 13.984465 0.019781 -0.011505 0.909130 0.415883 0.0002175916 0.0000022156 0.0000604587 0.0002242311 0.0000172587 0.0019210516 166.3560181596 48.3900753970 1.5683199165 17.9164511157 -0.1272387702 13.7159039856
1700030465.77691 -131.771782 414.121461 14.361632 0.025099 -0.020291 0.906775 0.420377 0.0002193508 0.0000014043 0.0000880561 0.0002252079 0.0000041531 0.0019237833 167.1059434695 48.7089889250 1.5837643120 18.0460505043 -0.1332308282 13.7719892848
1700030465.84399 -132.201796 414.835312 14.383528 0.029380 -0.021103 0.905885 0.421975 0.0002222378 0.0000012855 0.0001036163 0.0002264061 0.0000019967 0.0019270284 167.8359949604 49.1443559942 1.5956273792 18.2486584990 -0.1530195326 13.8491266114
1700030465.91107 -132.548711 415.482798 14.852352 0.026551 -0.007233 0.904555 0.425468 0.0002188093 0.0000020729 0.0000710781 0.0002278781 0.0000434628 0.0019341359 168.6013054887 49.4786723507 1.5998694770 18.3857399346 -0.1516199620 13.8691833030
1700030465.97799 -132.935256 416.142820 15.381148 0.018648 -0.006996 0.903066 0.429040 0.0002180518 0.0000008026 0.0000468660 0.0002280679 0.0000325971 0.0019412049 169.2814485068 49.7571674247 1.6077387283 18.5010726857 -0.1727296443 13.8903490070
1700030466.04476 -133.485165 416.773595 16.013759 0.017999 -0.006525 0.902675 0.429897 0.0002139569 -0.0000002277 0.0000435872 0.0002278218 0.0000364557 0.0019458143 169.9806590119 50.0552397608 1.6315127090 18.6252820253 -0.1840618006 13.8268819740
1700030466.11162 -133.941601 417.457678 16.068709 0.018863 -0.002492 0.904558 0.425927 0.0002149985 0.0000000603 0.0000418346 0.0002294514 0.0000449819 0.0019505261 170.6667351115 50.4472442149 1.6486094921 18.8116083232 -0.2146299428 13.8947199383
1700030466.17847 -134.404214 418.141719 16.116602 0.012244 -0.000782 0.906079 0.422931 0.0002153275 -0.0000004926 0.0000185657 0.0002304669 0.0000407698 0.0019565888 171.4085192497 50.7959220748 1.6564651920 18.9647605702 -0.2228538278 13.9651173097
1700030466.24533 -134.868022 418.826098 16.165399 0.007248 0.006339 0.906211 0.422717 0.0002163198 -0.0000011725 -0.0000078449 0.0002325343 0.0000559422 0.0019609645 172.1540335792 51.1466033948 1.6640431240 19.1198925883 -0.2317910496 14.0363194722
1700030466.31219 -135.324332 419.498679 16.227703 0.012188 -0.004666 0.903369 0.428666 0.0002177937 -0.0000007200 0.0000235523 0.0002324079 0.0000288385 0.0019670863 172.8903908516 51.4925828222 1.6713664860 19.2742839247 -0.2419954745 14.1070658723
1700030466.37904 -135.782808 420.171250 16.288344 0.018259 -0.008518 0.901340 0.432643 0.0002200011 -0.0000005210 0.0000481796 0.0002335401 0.0000260664 0.0019712473 173.6301281737 51.8410059270 1.6784019047 19.4310546047 -0.2528118153 14.1786848735
1700030466.44590 -136.245100 420.847491 16.339628 0.019046 -0.005886 0.900571 0.434251 0.0002211032 -0.0000003447 0.0000464523 0.0002351241 0.0000357101 0.0019760939 174.3771893546 52.1933949339 1.6850906393 19.5907738574 -0.2639239930 14.2516129220
1700030466.51276 -136.710111 421.524684 16.388857 0.016505 -0.001365 0.898949 0.437740 0.0002216422 -0.0000005838 0.0000311116 0.0002368570 0.0000462470 0.0019813890 175.1288231989 52.5487179418 1.6915195570 19.7531882417 -0.2756381865 14.3256246919
1700030466.57961 -137.097232 422.302557 15.199374 0.014672 0.007507 0.898988 0.437663 0.0002161035 -0.0000035840 0.0000141156 0.0002380060 0.0000628842 0.0019857654 175.8500713037 52.8933589642 1.7527134831 19.9114016171 -0.2504077705 14.1639421102
1700030466.64647 -137.578941 422.946144 15.509044 0.018985 0.005947 0.899810 0.435828 0.0002169706 -0.0000030273 0.0000274244 0.0002401990 0.0000757648 0.0019893868 176.6934833391 53.2170095753 1.7346472064 20.0383014541 -0.2073103034 14.1813192253
1700030466.71333 -138.132596 423.496011 15.683504 0.019056 0.000254 0.900005 0.435462 0.0002182812 -0.0000036166 0.0000339497 0.0002374545 0.0000568106 0.0019954424 177.4124577102 53.5720338239 1.7618913690 20.1949328387 -0.2048910293 14.2200947497
1700030466.78019 -138.818965 424.176423 15.694951 0.012788 -0.009824 0.899440 0.436746 0.0002176910 -0.0000028246 0.0000346243 0.0002355412 0.0000157894 0.0020013857 177.9528041398 53.9675414104 1.7704816596 20.3940873882 -0.2185189676 14.2798888371
1700030466.84704 -139.289734 424.837893 15.723234 0.012124 -0.012284 0.899329 0.436932 0.0002188673 -0.0000030347 0.0000345191 0.0002366880 0.0000052370 0.0020066842 178.7195387131 54.4520407296 1.7821001239 20.6385642794 -0.2263700322 14.3558129388
1700030466.91390 -139.799961 425.344810 16.133976 0.026704 -0.020641 0.897846 0.439014 0.0002228735 -0.0000043300 0.0000896102 0.0002362489 0.0000045874 0.0020079368 179.4593835924 54.8076068167 1.7950160037 20.8035569423 -0.2246562675 14.3929123424
1700030466.98076 -140.272413 425.674011 16.993185 0.035571 -0.028095 0.894834 0.444092 0.0002261484 -0.0000072553 0.0001234313 0.0002344572 -0.0000006887 0.0020087827 180.0345868736 55.1696661222 1.8101946918 20.9878185684 -0.2266466189 14.3923496296
1700030467.04762 -140.762404 426.217948 17.190745 0.041200 -0.026286 0.893246 0.446903 0.0002302848 -0.0000071984 0.0001457271 0.0002350173 0.0000089791 0.0020104909 180.4131542907 55.4810581402 1.8323550531 21.1714880826 -0.2642715787 14.4274709832
1700030467.11406 -141.255067 426.836154 17.199478 0.041966 -0.022311 0.890416 0.452658 0.0002313964 -0.0000064654 0.0001440346 0.0002362774 0.0000213455 0.0020157474 181.0333820993 55.8360670323 1.8457321385 21.3571470295 -0.2811514017 14.4919746690
1700030467.18050 -140.342188 427.298615 17.224636 0.037713 -0.018167 0.887849 0.458226 0.0002233789 -0.0000056960 0.0001169579 0.0002325344 0.0000119694 0.0020227826 181.5228501242 56.2287600358 1.8405276206 21.5355257449 -0.2652793988 14.4875331715
1700030467.24693 -140.805353 427.884620 17.252971 0.038785 -0.021239 0.889073 0.455625 0.0002269971 -0.0000051885 0.0001346192 0.0002338993 0.0000172537 0.0020254328 182.0279988108 55.7552227813 1.8345620118 21.2107899303 -0.2834249303 14.4947325136
1700030467.31337 -141.272413 428.470263 17.272304 0.036024 -0.025570 0.889441 0.454909 0.0002278870 -0.0000065587 0.0001328319 0.0002350273 -0.0000011309 0.0020310700 182.7001894052 56.1080912441 1.8431770201 21.3879946312 -0.2933067829 14.5631442679
1700030467.37980 -141.755158 428.988559 17.629871 0.025861 -0.034509 0.889606 0.454689 0.0002248072 -0.0000099465 0.0001123956 0.0002368462 -0.0000427171 0.0020379305 183.3750367690 56.4658081875 1.8521482019 21.5677803750 -0.2961395742 14.5994746929
1700030467.44624 -142.238034 429.583013 17.758860 0.023340 -0.036951 0.888591 0.456613 0.0002257840 -0.0000108877 0.0001105878 0.0002388537 -0.0000577921 0.0020425341 183.9738744063 56.8139718658 1.8671535871 21.7556345521 -0.3213627191 14.6601648798
1700030467.51267 -143.355348 430.058946 18.708798 0.036140 -0.039934 0.885817 0.460899 0.0002268427 -0.0000101315 0.0001573922 0.0002345414 -0.0000341266 0.0020417122 184.5686615486 57.1897325511 1.9035659161 21.9148062454 -0.2945888558 14.6175520349
1700030467.57910 -144.127194 430.448136 19.153435 0.040791 -0.040117 0.883172 0.465546 0.0002295500 -0.0000104031 0.0001718044 0.0002328061 -0.0000349050 0.0020439782 185.0973943192 57.9239759916 1.9276902966 22.3317559434 -0.3057682240 14.6447803418
1700030467.64553 -144.634157 430.866237 19.453610 0.046453 -0.036495 0.881578 0.468327 0.0002327293 -0.0000086451 0.0001836804 0.0002310894 -0.0000162771 0.0020474275 185.5462200912 58.4349015446 1.9357745392 22.6150949615 -0.2990290972 14.6618923129
1700030467.71196 -145.193809 431.631712 19.260399 0.044702 -0.030151 0.879007 0.473750 0.0002320956 -0.0000067932 0.0001739623 0.0002298024 0.0000019310 0.0020547537 186.0323431683 58.7934464743 1.9436643791 22.7986419806 -0.2938184157 14.6898647555
1700030467.77838 -145.591548 432.182898 19.337003 0.036197 -0.022909 0.877806 0.477097 0.0002258421 -0.0000063618 0.0001291409 0.0002309403 0.0000093077 0.0020673123 186.9117137474 59.2497341700 1.9490396768 23.0205807035 -0.2915971094 14.7748643985
1700030467.84481 -146.175507 432.570418 19.785641 0.040292 -0.025663 0.880628 0.471394 0.0002288842 -0.0000061186 0.0001446771 0.0002314432 0.0000093382 0.0020702733 187.5470744831 59.5651519596 1.9645136522 23.1713731707 -0.2918287460 14.8061783481
1700030467.91123 -146.697798 433.106309 19.849732 0.035853 -0.028652 0.882273 0.468496 0.0002290529 -0.0000074941 0.0001387013 0.0002328176 -0.0000096105 0.0020765119 188.0085607455 59.9635709547 1.9810823490 23.4093982776 -0.3140185249 14.8620118649
1700030467.97766 -147.084003 433.249906 20.466333 0.027609 -0.033234 0.884055 0.465382 0.0002262110 -0.0000099347 0.0001114021 0.0002306715 -0.0000376416 0.0020847981 188.6402812151 60.3693352163 1.9726792641 23.5885582024 -0.2725932179 14.8581806955
1700030468.04408 -147.401035 433.515399 20.560783 0.029062 -0.036582 0.884526 0.464146 0.0002261034 -0.0000118179 0.0001257332 0.0002260997 -0.0000557293 0.0020870751 188.7684626134 60.6275289822 1.9644311889 23.6953097317 -0.2363817644 14.7447983412
1700030468.11027 -147.568977 434.216139 20.575905 0.042446 -0.035718 0.882856 0.466356 0.0002335942 -0.0000102246 0.0001736132 0.0002238382 -0.0000266112 0.0020843975 189.0354591480 60.8082599517 1.9893203009 23.7762089014 -0.2209446581 14.7627788110
1700030468.17646 -149.608796 435.102791 20.401542 0.040728 -0.036836 0.882899 0.466341 0.0002331252 -0.0000063642 0.0001828260 0.0002196957 -0.0000227212 0.0020844324 189.6037063659 61.0575642758 1.9542918952 23.8131566281 -0.2061432986 14.8052084975
1700030468.24263 -149.933939 435.558899 20.407868 0.045474 -0.030525 0.882778 0.466587 0.0002320264 -0.0000040805 0.0001741447 0.0002204165 -0.0000033006 0.0020917259 190.6647066349 62.4415140284 1.9805275221 24.6182191281 -0.1894936903 14.9530770207
1700030468.30880 -150.448928 436.085042 20.493161 0.045936 -0.026951 0.881972 0.468283 0.0002326495 -0.0000026816 0.0001711423 0.0002216572 0.0000122762 0.0020975866 191.1987755460 62.7090836788 1.9845411981 24.7473288845 -0.1903112395 15.0026141880
1700030468.37496 -150.971125 436.604309 20.581858 0.033825 -0.016593 0.882742 0.468345 0.0002249729 -0.0000022838 0.0001127291 0.0002231304 0.0000253744 0.0021115501 191.8192813491 63.1093927419 1.9926329909 24.9573907016 -0.1933422536 15.0658753854
1700030468.44111 -151.493478 437.114020 20.671144 0.038153 -0.019422 0.884574 0.464431 0.0002286351 -0.0000021391 0.0001323380 0.0002243545 0.0000232908 0.0021144545 192.4313083776 63.5092038594 2.0006050490 25.1692194455 -0.1967113360 15.1291432222
1700030468.50726 -151.886782 437.652274 20.569206 0.033591 -0.024483 0.886001 0.461816 0.0002277484 -0.0000044129 0.0001270076 0.0002252583 -0.0000048495 0.0021208491 193.0349673163 63.9119169461 2.0217856113 25.3849337995 -0.1972601137 15.1750467242
1700030468.57339 -152.259878 438.232237 20.469537 0.027300 -0.027761 0.887802 0.458575 0.0002249544 -0.0000063582 0.0001124136 0.0002266964 -0.0000281957 0.0021276612 193.6716970296 64.2397533747 2.0431611325 25.5444581763 -0.1903398231 15.2129156122
1700030468.63952 -152.256010 438.710332 20.372031 0.028052 -0.028678 0.886692 0.460616 0.0002251328 -0.0000065156 0.0001133778 0.0002277242 -0.0000302553 0.0021324178 194.3283488399 64.5506708181 2.0649332259 25.6885228643 -0.1854507852 15.2686615257
1700030468.70564 -151.943744 439.281004 20.210870 0.040731 -0.029129 0.884099 0.464609 0.0002307768 -0.0000051318 0.0001601547 0.0002279372 -0.0000111367 0.0021299168 194.7742402174 64.6102408240 2.1020673286 25.6755889715 -0.1854514830 15.2940513914
1700030468.77175 -152.385057 440.020190 20.372078 0.039695 -0.028543 0.883172 0.466495 0.0002297807 -0.0000032846 0.0001603348 0.0002274368 -0.0000057789 0.0021345181 195.4248605298 64.5288061780 2.1110151079 25.5289628475 -0.1993969570 15.3157639379
1700030468.83785 -152.837579 440.462159 20.515669 0.042466 -0.021398 0.882711 0.467504 0.0002294586 -0.0000007414 0.0001513777 0.0002279365 0.0000255287 0.0021410406 196.3318839817 64.9418159222 2.1251541752 25.7055011913 -0.2087242269 15.3943846041
1700030468.90395 -153.329587 440.968741 20.599637 0.043695 -0.020688 0.881710 0.469308 0.0002313957 -0.0000003084 0.0001560340 0.0002293032 0.0000306999 0.0021456215 196.8605178203 65.2918608443 2.1384956396 25.8948640928 -0.2184717844 15.4497764363
1700030468.97004 -153.826160 441.467953 20.687397 0.035507 -0.015015 0.882126 0.469433 0.0002271474 -0.0000006428 0.0001179785 0.0002307061 0.0000352773 0.0021563851 197.4722995385 65.6828853055 2.1516967035 26.1031599453 -0.2261152438 15.5129977130
1700030469.03612 -153.642247 442.001226 20.869250 0.041285 -0.013416 0.883987 0.465492 0.0002294402 0.0000008241 0.0001324848 0.0002319012 0.0000450871 0.0021590705 198.0295796899 66.0722630763 2.1546615496 26.3125614086 -0.2337106011 15.5727835803
1700030469.10232 -153.989813 442.515513 20.889640 0.037124 -0.021068 0.884856 0.463904 0.0002300499 -0.0000020065 0.0001359214 0.0002315687 0.0000113783 0.0021650991 198.6847538824 66.0545280742 2.1614350287 26.2349904791 -0.2434351726 15.5915551079
1700030469.16851 -154.422760 443.032156 20.934805 0.035248 -0.025315 0.886580 0.460535 0.0002302448 -0.0000033733 0.0001367300 0.0002315555 -0.0000028307 0.0021704765 199.3154037090 66.3531092656 2.1856563067 26.3705341188 -0.2297448954 15.6009237811
1700030469.23469 -155.143122 443.481795 21.082503 0.032147 -0.028460 0.884449 0.464658 0.0002289644 -0.0000040627 0.0001328984 0.0002328300 -0.0000137445 0.0021761583 199.9087451080 66.6971916927 2.2045985580 26.5496949883 -0.2351921035 15.6596409561
1700030469.30087 -155.044622 444.238396 20.798098 0.042798 -0.030278 0.881564 0.469145 0.0002345666 -0.0000048316 0.0001773796 0.0002334907 -0.0000128717 0.0021731574 200.3683054646 67.1973566293 2.2286129591 26.8497675866 -0.2324523755 15.7064769097
1700030469.36704 -155.601379 444.724693 20.819545 0.044744 -0.030130 0.881865 0.468406 0.0002360077 -0.0000042895 0.0001813492 0.0002341970 -0.0000020326 0.0021779207 201.3096515805 67.2796750268 2.2246190630 26.8043070145 -0.2241282384 15.7465716212
1700030469.43320 -156.057645 445.228118 20.924093 0.046895 -0.022901 0.882728 0.466978 0.0002358877 -0.0000014435 0.0001745558 0.0002359150 0.0000292876 0.0021843181 201.9244979439 67.7098304506 2.2369622070 27.0431537903 -0.2279876590 15.8098400281
1700030469.49935 -156.584149 445.743764 21.006832 0.042723 -0.019367 0.882758 0.467481 0.0002337145 -0.0000014574 0.0001546789 0.0002372593 0.0000336570 0.0021930904 202.5485028237 68.0846546942 2.2500528967 27.2449222924 -0.2370271582 15.8711540227
1700030469.56550 -157.096033 446.266932 21.127106 0.034074 -0.011005 0.885204 0.463823 0.0002286157 -0.0000013730 0.0001096343 0.0002389790 0.0000462684 0.0022041487 203.1818974675 68.5058251827 2.2612912539 27.4781718825 -0.2454023910 15.9355760524
1700030469.63163 -156.164307 447.289768 21.108436 0.038377 -0.007808 0.887089 0.459934 0.0002279268 0.0000003921 0.0001229526 0.0002382048 0.0000505181 0.0022004482 203.4532934798 68.8662990953 2.2448755617 27.6893367091 -0.2541705450 15.9897916816
1700030469.69776 -156.644933 447.796432 21.212735 0.033292 -0.013878 0.889162 0.456169 0.0002275690 -0.0000015350 0.0001148109 0.0002380214 0.0000308313 0.0022077353 204.7406119419 68.4905707607 2.2391581306 27.2870275886 -0.2634761599 16.0170739478
1700030469.76388 -156.645689 448.249532 21.388753 0.031712 -0.017598 0.891269 0.452023 0.0002268078 -0.0000006464 0.0001119501 0.0002339514 0.0000107906 0.0022134635 205.2946964768 68.9134426895 2.2331611914 27.4825239174 -0.2598317519 16.0651742673
1700030469.82999 -158.021005 448.901566 20.792323 0.027916 -0.020363 0.891050 0.452589 0.0002246341 -0.0000003550 0.0001183591 0.0002297813 0.0000011141 0.0022164403 205.6977782300 68.9888545262 2.2152708854 27.4454415692 -0.2395239527 16.0432971679
1700030469.89609 -158.136865 450.433188 19.882661 0.035394 -0.021408 0.889171 0.455701 0.0002280742 0.0000031410 0.0001578641 0.0002221870 0.0000075285 0.0022080795 206.2112682623 69.9158467060 2.1859416955 27.9596999673 -0.1519711549 16.0705440486
1700030469.96219 -158.203626 450.963548 20.156177 0.038927 -0.022332 0.889220 0.455272 0.0002280423 0.0000033634 0.0001511337 0.0002231891 0.0000092001 0.0022144214 208.1374653486 70.3319027035 2.1738360528 28.0116367000 -0.1196063831 16.1984216389
1700030470.02828 -158.662326 451.491196 20.239188 0.040039 -0.013845 0.890706 0.452600 0.0002279330 0.0000057282 0.0001427061 0.0002250956 0.0000429560 0.0022203641 208.8030933728 70.4805196864 2.1841547117 28.0395637465 -0.1337513256 16.2436628092
1700030470.09508 -159.118273 452.034328 20.287556 0.033851 -0.012329 0.890668 0.453224 0.0002252089 0.0000050280 0.0001187606 0.0002259345 0.0000358456 0.0022287767 209.4286656135 70.8752493098 2.1955012171 28.2424775843 -0.1379901263 16.3062347180
1700030470.16204 -159.724810 452.643780 20.029005 0.025295 -0.004712 0.892343 0.450625 0.0002213267 0.0000043895 0.0000777717 0.0002268792 0.0000429934 0.0022365602 210.0388679019 71.2604456295 2.1972653926 28.4381787099 -0.1378743889 16.3555053493
1700030470.22900 -160.099137 453.347178 19.890174 0.029190 -0.000940 0.896001 0.443090 0.0002206869 0.0000044093 0.0000859523 0.0002278156 0.0000629955 0.0022386663 210.7404345799 71.7498481332 2.1985444229 28.6892229324 -0.1123679592 16.3964566631
1700030470.29596 -160.622324 453.872577 20.139098 0.023431 -0.007064 0.898096 0.439119 0.0002202658 0.0000030284 0.0000713404 0.0002273270 0.0000375162 0.0022459622 211.6131418761 72.1351237554 2.2039537826 28.8536811174 -0.1062627248 16.4640276334
1700030470.36293 -161.159206 454.374987 20.395914 0.021281 -0.011899 0.900350 0.434484 0.0002207648 0.0000024231 0.0000719845 0.0002277377 0.0000175273 0.0022519549 212.2685974140 72.5799703188 2.2204067341 29.0895978232 -0.1152381096 16.5254553207
1700030470.42989 -161.552101 455.085831 20.550769 0.021996 -0.018366 0.899724 0.435518 0.0002218290 0.0000008015 0.0000855069 0.0002267990 -0.0000035004 0.0022541766 212.8219499493 72.9821874403 2.2602785367 29.3003228834 -0.1053589943 16.5594024439
1700030470.49686 -163.577787 455.084318 20.480366 0.030382 -0.021158 0.900202 0.433896 0.0002229064 -0.0000008351 0.0001344530 0.0002228685 0.0000048276 0.0022110447 212.3440741392 72.8914979358 2.2737110983 29.2973317183 -0.1063874057 16.6156335994
1700030470.56382 -164.059034 455.603918 20.542912 0.032421 -0.021663 0.901198 0.431649 0.0002241192 -0.0000008366 0.0001354874 0.0002240620 0.0000030684 0.0022164749 212.3342210648 74.1790025748 2.2904131957 30.2194925989 -0.0889415330 16.7073187911
1700030470.63079 -164.592657 456.120333 20.588694 0.033074 -0.009984 0.903023 0.428202 0.0002229940 0.0000016753 0.0001184657 0.0002253778 0.0000466205 0.0022229777 212.9955086016 74.5969214876 2.3023161424 30.4358980420 -0.0867485848 16.7658303817
1700030470.69776 -165.031343 456.665397 20.606913 0.028481 -0.011643 0.902762 0.429038 0.0002224543 0.0000005111 0.0001046029 0.0002259489 0.0000313984 0.0022307050 213.6400844608 75.0501111181 2.3136527607 30.6832771682 -0.0883568148 16.8312338646
1700030470.76473 -165.540153 457.371563 20.203093 0.018022 -0.003056 0.910618 0.412844 0.0002175243 0.0000009896 0.0000622437 0.0002257744 0.0000406172 0.0022374935 214.2271127283 75.4223764070 2.3303351515 30.8762199691 -0.0814827727 16.8770630576
1700030470.83171 -165.861876 458.164494 20.103468 0.017473 -0.004817 0.921311 0.388403 0.0002161364 0.0000011817 0.0000638406 0.0002245988 0.0000389591 0.0022392682 215.0188695964 75.8443041222 2.3575188582 31.0697485173 -0.0403364087 16.9137842342
1700030470.89868 -166.315024 458.717681 20.205087 0.018007 -0.008619 0.931200 0.363962 0.0002172813 0.0000012799 0.0000672856 0.0002252311 0.0000242036 0.0022449333 216.0372473779 76.2387310783 2.3652404075 31.2237990145 -0.0373302248 16.9936214478
1700030470.96566 -166.819695 459.247244 20.276767 0.020957 -0.005336 0.940431 0.339297 0.0002189522 0.0000024033 0.0000751004 0.0002266916 0.0000380798 0.0022495759 216.7462878425 76.6564126694 2.3772093742 31.4375695112 -0.0415406855 17.0598851660
1700030471.03263 -167.351251 459.752416 20.474213 0.030169 -0.012581 0.946165 0.322030 0.0002244649 0.0000026517 0.0001210246 0.0002272063 0.0000221265 0.0022512341 217.4131264303 77.0911677027 2.3895685336 31.6700146491 -0.0450076250 17.1230386245
1700030471.09945 -167.854083 460.265079 20.563976 0.037362 -0.018598 0.952113 0.302883 0.0002306174 0.0000020904 0.0001575814 0.0002279314 0.0000047062 0.0022520717 218.0606272930 77.5496260227 2.4036626859 31.9240816299 -0.0537679055 17.1895359846
1700030471.16638 -168.361811 460.781025 20.641568 0.040048 -0.014690 0.956756 0.287748 0.0002327518 0.0000037115 0.0001640551 0.0002290859 0.0000208213 0.0022564984 218.7294033586 77.9942489527 2.4144262126 32.1653080649 -0.0586740503 17.2565771377
1700030471.23360 -168.902154 461.240121 21.073246 0.032047 0.002063 0.960704 0.275712 0.0002266276 0.0000063893 0.0001123792 0.0002326548 0.0000781073 0.0022664280 219.4101276401 78.4473982523 2.4260801294 32.4116806605 -0.0606148302 17.3057520174
1700030471.30084 -166.749314 462.714463 21.308072 0.021821 -0.004508 0.962320 0.271004 0.0002204928 0.0000026390 0.0000787196 0.0002302519 0.0000375925 0.0022601396 219.3791976754 78.6748896425 2.4493522702 32.5922593138 -0.0777262680 17.3532948950
1700030471.36808 -167.257763 463.214290 21.418030 0.013249 0.000456 0.966747 0.255391 0.0002195168 0.0000024247 0.0000462019 0.0002315643 0.0000454907 0.0022674544 221.2954794379 77.6050735271 2.4467387156 31.5603217099 -0.1173136708 17.3682133673
1700030471.43534 -167.766691 463.708618 21.522616 0.013513 -0.003064 0.969285 0.245550 0.0002207907 0.0000024289 0.0000515883 0.0002320037 0.0000315800 0.0022733855 221.9404980230 78.0461055047 2.4553046364 31.8023411237 -0.1268462007 17.4337032741
1700030471.50260 -168.281059 464.200249 21.621059 0.010036 -0.010049 0.969461 0.244832 0.0002214352 0.0000016551 0.0000448435 0.0002325403 0.0000005176 0.0022798651 222.5841557241 78.4914778160 2.4632973432 32.0488804677 -0.1370714421 17.4997202432
1700030471.56988 -168.793141 464.691373 21.722876 0.003653 -0.010804 0.968618 0.248294 0.0002215967 0.0000014657 0.0000199931 0.0002336385 -0.0000086960 0.0022862962 223.2295422911 78.9366364134 2.4708990080 32.2963692181 -0.1484628578 17.5660833554
1700030471.63716 -169.488128 465.050889 22.122477 0.019642 -0.018024 0.966632 0.254780 0.0002261589 0.0000004559 0.0000888521 0.0002344705 -0.0000198080 0.0022878997 223.8582065719 79.3676044838 2.4929652024 32.5364052137 -0.1517804726 17.6082694215
1700030471.70445 -169.995637 465.527409 22.238869 0.026538 -0.025098 0.964885 0.260121 0.0002310394 -0.0000012858 0.0001263461 0.0002361595 -0.0000401974 0.0022891024 224.3312363626 79.9067346990 2.5081758279 32.8814276430 -0.1750077492 17.6726149694
1700030471.77176 -170.519525 465.956193 22.587216 0.030578 -0.024800 0.964187 0.262287 0.0002337889 -0.0000012374 0.0001413030 0.0002369242 -0.0000328053 0.0022931524 224.9672028417 80.3525065630 2.5161309672 33.1345779855 -0.1850785200 17.7192629038
1700030471.83907 -171.038622 466.436840 22.699488 0.025937 -0.013552 0.963459 0.266251 0.0002311203 0.0000012233 0.0001113990 0.0002375259 0.0000060095 0.0023030661 225.5474534414 80.8005821745 2.5286802776 33.4014740426 -0.2094502025 17.7824483502
1700030471.90639 -171.413656 467.168988 22.140168 0.014042 -0.008564 0.962989 0.269039 0.0002262623 -0.0000013136 0.0000650494 0.0002345733 0.0000117178 0.0023122788 226.1668767402 81.2411468497 2.5633145828 33.6349361766 -0.1365337787 17.5590867592
1700030471.97373 -171.896178 467.630460 22.478070 0.017307 -0.009266 0.963040 0.268640 0.0002275208 -0.0000011561 0.0000719050 0.0002357290 0.0000166260 0.0023174840 227.1395046407 81.6613506002 2.5523366340 33.8188907044 -0.1201731524 17.6148911613
1700030472.04107 -172.417798 468.100603 22.588419 0.018644 -0.006630 0.963419 0.267269 0.0002287457 -0.0000007539 0.0000746903 0.0002370533 0.0000270566 0.0023228649 227.7636324963 82.0900993153 2.5646643855 34.0667531134 -0.1399001893 17.6708446527
1700030472.10842 -172.945019 468.568574 22.693222 0.015205 -0.007885 0.963282 0.267945 0.0002289803 -0.0000012067 0.0000621776 0.0002379653 0.0000183502 0.0023296797 228.3991064057 82.5498324356 2.5714869937 34.3356855627 -0.1507278658 17.7301923886
1700030472.17537 -173.471102 469.032180 22.799988 0.011467 -0.006334 0.963197 0.268476 0.0002291688 -0.0000013351 0.0000452558 0.0002391103 0.0000205826 0.0023362903 229.0315463405 83.0091177376 2.5780495315 34.6063659862 -0.1623060965 17.7897275266
1700030472.24193 -174.153062 469.300638 23.688409 0.019884 -0.015876 0.960956 0.275529 0.0002307816 -0.0000027022 0.0000874083 0.0002396908 0.0000003342 0.0023395847 229.6493156709 83.4532972194 2.6046544367 34.8672666050 -0.1519872635 17.7413910790
1700030472.30848 -174.496852 469.838841 23.560715 0.024790 -0.017389 0.959130 0.281339 0.0002340881 -0.0000033633 0.0001132385 0.0002406390 -0.0000070184 0.0023427222 230.0206302692 83.9722875896 2.6417085810 35.2312097233 -0.1851102276 17.7586176291
1700030472.37504 -174.863908 470.445455 23.638249 0.024416 -0.017271 0.958523 0.283442 0.0002345209 -0.0000039165 0.0001139343 0.0002376328 -0.0000017066 0.0023471476 230.7387341740 84.3060264415 2.6785476266 35.3745900850 -0.1349899130 17.7286888927
1700030472.44160 -175.404576 470.897129 23.737045 0.020951 -0.008455 0.957927 0.286120 0.0002329666 -0.0000028112 0.0000854569 0.0002390538 0.0000273146 0.0023552888 231.5856896862 84.7068274018 2.6852332974 35.5742423976 -0.1450190715 17.7895599820
1700030472.50816 -175.947949 471.336652 23.844097 0.013704 -0.006172 0.957495 0.288059 0.0002319750 -0.0000032705 0.0000530209 0.0002401793 0.0000280114 0.0023632017 232.2003710798 85.1766635352 2.6929310038 35.8615746415 -0.1549199110 17.8457019016
1700030472.57472 -176.288459 471.866193 23.630797 0.012238 -0.003601 0.957574 0.287906 0.0002243234 -0.0000040607 0.0000452557 0.0002409603 0.0000329177 0.0023691843 232.7562746479 85.6196008273 2.7898153045 36.1348606203 -0.1144153828 17.7341996291
1700030472.64128 -176.827776 472.297911 23.732545 0.011544 -0.006273 0.958952 0.283263 0.0002253048 -0.0000040980 0.0000453601 0.0002419806 0.0000251145 0.0023752412 233.4865591577 85.9728646269 2.7908364844 36.3162249212 -0.1126169818 17.7879246886
1700030472.70785 -177.564675 472.876104 23.817284 0.006513 -0.012722 0.960210 0.278914 0.0002256393 -0.0000034669 0.0000386700 0.0002396360 -0.0000053583 0.0023816423 234.0761311507 86.4543352559 2.8008561226 36.6011658058 -0.1207907956 17.8455046825
1700030472.77441 -178.118251 473.311167 23.925551 0.006052 -0.014456 0.961453 0.274522 0.0002264465 -0.0000034883 0.0000327738 0.0002409258 -0.0000151196 0.0023876163 234.8954347120 87.1043513008 2.8165129394 37.0021515516 -0.1292450714 17.9267227126
1700030472.84098 -178.820930 473.570969 24.182816 0.017889 -0.022323 0.962217 0.270775 0.0002292150 -0.0000042738 0.0000903961 0.0002419650 -0.0000318889 0.0023891417 235.4362721569 87.5520867917 2.8560691299 37.2867919396 -0.1275147351 17.9725080346
1700030472.90755 -179.374220 473.991223 24.285211 0.024876 -0.025609 0.962651 0.268382 0.0002337284 -0.0000051793 0.0001252946 0.0002433936 -0.0000395846 0.0023912944 235.8058494044 88.0927777575 2.8714539351 37.6772550675 -0.1425761511 18.0288103623
1700030472.97412 -179.931799 474.413421 24.379828 0.028404 -0.021121 0.964064 0.263303 0.0002358896 -0.0000038199 0.0001350138 0.0002440078 -0.0000174254 0.0023966333 236.4085987036 88.5742497764 2.8826869182 37.9877714192 -0.1546606459 18.0907116834
1700030473.04069 -180.497718 474.847375 24.437631 0.024602 -0.012872 0.964991 0.260810 0.0002332224 -0.0000026903 0.0001099966 0.0002446374 0.0000120088 0.0024054241 237.0171233625 89.0626854491 2.8903035276 38.3001829141 -0.1521297501 18.0997958343
1700030473.10726 -181.112488 475.504181 23.624350 0.012081 -0.006956 0.966834 0.255024 0.0002290866 -0.0000035452 0.0000564121 0.0002451300 0.0000168868 0.0024153732 237.6251987857 89.5546728457 2.8978968001 38.6140690403 -0.1367966250 18.0680880510
1700030473.17366 -181.670445 475.920796 23.710897 0.011612 -0.010842 0.969250 0.245565 0.0002298412 -0.0000035239 0.0000534227 0.0002463057 0.0000054808 0.0024215852 238.5422865929 90.1402961943 2.8872303125 38.9523191399 -0.1127030690 18.1491430257
1700030473.23986 -182.228812 476.334331 23.789781 0.011047 -0.012016 0.971317 0.237227 0.0002307295 -0.0000033841 0.0000526149 0.0002475449 -0.0000003329 0.0024275791 239.1451175188 90.6248225342 2.8983700722 39.2732543006 -0.1236388406 18.2092395169
1700030473.30606 -182.792932 476.743762 23.864291 0.009777 -0.016953 0.973639 0.227251 0.0002316374 -0.0000035763 0.0000524868 0.0002490476 -0.0000229264 0.0024332963 239.7453071795 91.1133098896 2.9093662478 39.6003660179 -0.1350407316 18.2700648968
1700030473.37225 -183.361670 477.147845 23.942595 0.010489 -0.020923 0.978404 0.205374 0.0002327892 -0.0000033045 0.0000595213 0.0002508978 -0.0000402105 0.0024384028 240.3413877845 91.6045935566 2.9204160102 39.9331990402 -0.1472648126 18.3314918997
1700030473.43843 -183.921516 477.545378 24.034187 0.018571 -0.027885 0.980978 0.191207 0.0002366518 -0.0000046148 0.0001004008 0.0002532422 -0.0000639845 0.0024402782 240.9319808440 92.0888187699 2.9315613612 40.2643828338 -0.1608581103 18.3926978036
1700030473.50461 -184.483509 477.941357 24.122337 0.025639 -0.027080 0.982885 0.180404 0.0002406981 -0.0000045981 0.0001302471 0.0002539486 -0.0000558453 0.0024435935 241.5236386091 92.5751142877 2.9425329328 40.6000158951 -0.1751458662 18.4547925442
1700030473.57077 -185.049516 478.338580 24.200864 0.029018 -0.021073 0.983801 0.175638 0.0002428885 -0.0000028932 0.0001403382 0.0002539846 -0.0000277696 0.0024494428 242.1201739856 93.0655898276 2.9532068431 40.9411992432 -0.1899227542 18.5181900171
1700030473.63693 -185.559065 478.582865 24.950160 0.019550 -0.010209 0.984159 0.175910 0.0002378487 -0.0000009922 0.0000873590 0.0002544133 0.0000157527 0.0024611431 242.7219500072 93.5650656927 2.9547634730 41.2854891673 -0.1849509887 18.4930054849
1700030473.70308 -186.134910 478.958924 25.046137 0.011983 -0.014634 0.983742 0.178589 0.0002371063 -0.0000020960 0.0000608034 0.0002554550 -0.0000128014 0.0024689823 243.0984883958 93.9671257556 2.9827820485 41.6079380116 -0.2262177352 18.5374474781
1700030473.76922 -186.706298 479.328145 25.147295 0.008057 -0.009801 0.984053 0.177422 0.0002371655 -0.0000016252 0.0000397613 0.0002565080 0.0000052498 0.0024760442 243.6668692113 94.4559885048 2.9936782586 41.9624449039 -0.2426140553 18.5976380129
1700030473.83536 -187.119308 479.054715 26.279903 0.012549 -0.011504 0.984278 0.175802 0.0002336006 -0.0000091484 0.0000492997 0.0002445630 0.0000099894 0.0024816842 244.2166444996 94.9938242319 2.9437831776 42.1354386302 -0.0033537630 18.2858621982
1700030473.90148 -187.591270 479.412181 26.885011 0.010650 -0.016443 0.984090 0.176588 0.0002349444 -0.0000099551 0.0000557877 0.0002457212 -0.0000211641 0.0024872937 243.8672119056 95.1797460961 2.9660628227 42.3979984548 -0.0477700114 18.2548241418
1700030473.96760 -187.967883 479.616946 27.505854 0.008456 -0.016696 0.984230 0.175903 0.0002344298 -0.0000114908 0.0000433582 0.0002246880 -0.0000195929 0.0024932538 244.3089113364 95.7512692492 2.8749242589 42.5106249845 0.0550518129 18.1888260135
1700030474.03371 -189.756388 479.756114 29.321393 0.007683 -0.031141 0.982317 0.184459 0.0002235598 -0.0000094315 0.0000688706 0.0002147643 -0.0000487139 0.0024947399 244.4648659100 96.0780231460 2.9137622257 42.6159491183 0.1328559321 17.9881336317
1700030474.09982 -189.639730 480.432152 29.482305 0.016168 -0.033117 0.980590 0.192573 0.0002257234 -0.0000109956 0.0000925703 0.0002172801 -0.0000839693 0.0024873804 244.4768052011 97.3268174717 2.9826956204 43.6681848907 0.0891625430 18.0872623887
1700030474.16597 -190.724840 480.629750 29.808517 0.016959 -0.035349 0.980140 0.194390 0.0002252508 -0.0000108015 0.0000984516 0.0002182444 -0.0000880549 0.0024924327 245.4639694305 97.4432163578 2.9976711773 43.6012885582 0.0804926652 18.1023030558
1700030474.23218 -190.435775 481.623233 29.462321 0.007466 -0.026926 0.978636 0.203691 0.0002140445 -0.0000023012 0.0000830813 0.0002094435 -0.0000558411 0.0023735909 240.6148986215 96.1332579753 3.4680045949 43.3212352359 0.2492831861 18.0870152794
1700030474.29838 -190.125099 482.273547 29.587259 0.006257 -0.028902 0.977598 0.208394 0.0002103176 -0.0000025297 0.0000568132 0.0002101785 -0.0000735622 0.0023697964 241.5704683009 96.0939799558 3.4630250026 43.1192584709 0.2601356229 18.1148931001
1700030474.36458 -191.657221 482.366062 29.299936 -0.001535 -0.023407 0.978224 0.206220 0.0002002297 -0.0000011412 0.0000198094 0.0002061632 -0.0000620824 0.0023399979 241.4306454715 95.6531673739 3.2815719533 42.7606576743 0.1481335399 17.9904805382
1700030474.43076 -194.771342 481.771870 28.411480 -0.000134 -0.021055 0.980353 0.196123 0.0001963757 -0.0000004059 0.0000208761 0.0002003105 -0.0000552141 0.0023042136 240.4573928849 96.2455364444 3.2461119740 43.4078004261 0.1655667522 17.9802810673
1700030474.49694 -195.658503 481.893505 28.969763 -0.004238 -0.026578 0.980248 0.195931 0.0001932736 -0.0000003205 -0.0000035509 0.0002002510 -0.0000782144 0.0022859694 238.9965858526 97.8832874512 3.2295014752 45.0490345193 0.2305663528 18.0787404304
1700030474.56311 -196.260723 482.256671 28.966497 -0.006347 -0.028661 0.980187 0.195888 0.0001920933 -0.0000003659 -0.0000123866 0.0001995892 -0.0000826543 0.0022795453 238.8494290096 98.3611245292 3.2732161038 45.4896095753 0.2393855498 18.0960422035
1700030474.62927 -196.959024 482.678090 28.972100 -0.001528 -0.035664 0.979721 0.197161 0.0001902136 -0.0000022016 0.0000129461 0.0002003828 -0.0001045360 0.0022673118 238.8840535354 98.6520007175 3.2764133224 45.7292089846 0.2553953361 18.0960015930
1700030474.69542 -197.135536 483.153404 29.617997 0.012791 -0.038657 0.978275 0.203271 0.0001918045 -0.0000050030 0.0000700488 0.0001992526 -0.0000995035 0.0022591672 239.1175042842 99.0885914612 3.2860143381 46.0632083183 0.2651776882 18.1316968772
1700030474.76157 -196.888143 483.915852 29.767733 0.019289 -0.035639 0.977075 0.209005 0.0001931965 -0.0000058487 0.0000955511 0.0001979122 -0.0000864276 0.0022483874 239.3134698100 99.1253930315 3.3451365248 46.0623338111 0.2606388531 18.1594269310
1700030474.82770 -195.877961 485.079502 29.439996 0.013575 -0.021971 0.975519 0.218392 0.0001903364 -0.0000030402 0.0000695763 0.0001944046 -0.0000404902 0.0022369185 239.6865811061 98.8557117420 3.3979916386 45.7576060810 0.2703422971 18.1757305942
1700030474.89383 -196.337832 485.590216 29.164682 0.004482 -0.027545 0.974731 0.221631 0.0001876431 -0.0000016989 0.0000415402 0.0001944087 -0.0000650939 0.0022364387 241.0411816446 98.4121958468 3.4202941959 45.1218628490 0.2776226812 18.1644991309
1700030474.95995 -196.384203 486.248483 29.011066 0.002171 -0.026230 0.974546 0.222637 0.0001866742 -0.0000015712 0.0000282144 0.0001943289 -0.0000653919 0.0022331811 241.4348961452 98.7203494769 3.4678943615 45.3104802549 0.3117653000 18.2078251444
1700030475.02607 -196.298495 486.979428 28.880176 0.005042 -0.021508 0.975013 0.221048 0.0001862048 -0.0000009241 0.0000383584 0.0001922032 -0.0000437100 0.0022333364 242.1406771239 98.8410379476 3.5069733810 45.2831857210 0.3329985798 18.2083050877
1700030475.09217 -196.582572 487.532420 28.724650 0.000439 -0.025868 0.974702 0.222006 0.0001854009 -0.0000004525 0.0000261708 0.0001923577 -0.0000641309 0.0022335263 242.9956723900 98.9224302679 3.5366671546 45.1959140945 0.3458084240 18.2186397816
1700030475.15833 -196.925309 488.015989 28.624875 -0.006025 -0.024632 0.974670 0.222207 0.0001849741 0.0000011954 -0.0000025771 0.0001908829 -0.0000646754 0.0022353637 243.6344348876 99.2149482871 3.5415674012 45.3284049326 0.3525951816 18.2385440036
1700030475.22454 -197.626556 488.329530 28.622595 0.004387 -0.029235 0.973818 0.225397 0.0001814297 -0.0000005026 0.0000422540 0.0001891734 -0.0000745205 0.0022109041 243.4174641342 99.1921048697 3.4080490553 45.3458521123 0.3050543412 18.1797849195
1700030475.29074 -198.503436 488.557635 28.663221 0.012056 -0.032152 0.973452 0.226301 0.0001838030 -0.0000018385 0.0000762625 0.0001900906 -0.0000791805 0.0022107004 243.7513009834 99.7096599062 3.4118521546 45.7287071081 0.3072742949 18.2335520652
1700030475.35694 -199.274591 488.852773 28.618616 0.016757 -0.027147 0.974397 0.222558 0.0001853664 -0.0000014140 0.0000907680 0.0001891696 -0.0000548582 0.0022069750 243.7857418844 100.2333643973 3.4198439131 46.1739897262 0.3105960086 18.2966050950
1700030475.42312 -199.522778 489.480567 28.372753 0.009988 -0.020890 0.974479 0.223283 0.0001839237 -0.0000001567 0.0000623625 0.0001878360 -0.0000383705 0.0022117973 244.0955010591 100.7897753591 3.4443634873 46.5968905090 0.3273762087 18.3470990357
1700030475.48930 -200.372634 489.763571 28.199746 -0.003755 -0.015773 0.974922 0.221954 0.0001826967 0.0000008817 0.0000017668 0.0001874775 -0.0000304968 0.0022166467 244.8698851537 101.1050232116 3.4346072832 46.7241158048 0.3309159360 18.3733902928
1700030475.55547 -201.769951 489.785507 28.126567 -0.000993 -0.013078 0.977893 0.208693 0.0001817184 0.0000006897 0.0000116577 0.0001870320 -0.0000167748 0.0022181664 245.1386135783 101.7033461300 3.4242942049 47.1911421607 0.3462263365 18.3791325415
1700030475.62163 -202.291742 490.032635 28.687887 -0.002598 -0.022193 0.980256 0.196464 0.0001821613 0.0000005430 0.0000071210 0.0001868439 -0.0000519057 0.0022131403 244.9022900772 102.5189487896 3.4314159476 47.9458800789 0.3728253351 18.4198679085
1700030475.68778 -203.068895 490.227344 28.998527 -0.005544 -0.028142 0.982457 0.184270 0.0001826695 0.0000004019 0.0000041188 0.0001881938 -0.0000782311 0.0022096573 245.0351908891 102.8393542547 3.4564796005 48.2028888564 0.3708261721 18.4310262718
1700030475.75393 -204.125418 490.414013 29.026808 -0.004157 -0.027044 0.983739 0.177509 0.0001829490 -0.0000002561 0.0000119143 0.0001873276 -0.0000727123 0.0022025439 244.9179798324 103.2453161849 3.4132057845 48.5831152501 0.3540620531 18.4387595686
1700030475.82006 -204.974948 490.669047 29.056133 0.011229 -0.030236 0.984335 0.173331 0.0001860601 -0.0000024881 0.0000718066 0.0001879444 -0.0000750335 0.0021977827 244.9700412970 103.9094042602 3.4222086541 49.1634778126 0.3624580477 18.5063015758
1700030475.88619 -205.805085 490.906605 29.021182 0.017583 -0.034175 0.984615 0.170461 0.0001891438 -0.0000041883 0.0000996255 0.0001897651 -0.0000882205 0.0021987241 245.3085101325 104.5564508787 3.4306045154 49.6759604301 0.3681840361 18.5692483608
1700030475.95231 -206.557269 491.167598 29.138946 0.019432 -0.026634 0.984628 0.171522 0.0001900422 -0.0000026228 0.0001012980 0.0001882170 -0.0000557892 0.0022053192 245.6335765138 105.1855673065 3.4363470233 50.1771572724 0.3750435890 18.6301162780
1700030476.01843 -207.450327 491.372925 28.815619 0.005068 -0.029696 0.983954 0.175858 0.0001843271 -0.0000020168 0.0000466391 0.0001894157 -0.0000715842 0.0022048969 245.7314278118 105.6276263793 3.5304583056 50.5542695877 0.4279337700 18.6337562632
1700030476.08453 -208.115636 491.720519 28.725490 -0.003256 -0.032312 0.983840 0.176082 0.0001829969 -0.0000012412 0.0000169914 0.0001913876 -0.0000905550 0.0022055223 245.8715788782 106.2113965148 3.5619365861 51.0525062294 0.4663327322 18.6683799892
1700030476.15086 -210.071702 491.390642 28.538726 0.005030 -0.020120 0.985274 0.169718 0.0001818272 -0.0000028025 0.0000407605 0.0001860207 -0.0000497019 0.0022005431 246.0021797659 106.6053649824 3.4835835564 51.3836645781 0.4417887823 18.6628649446
1700030476.21741 -211.543269 491.291863 28.308238 0.002333 -0.025602 0.985299 0.168893 0.0001808987 -0.0000031455 0.0000317775 0.0001872791 -0.0000733768 0.0021873117 245.0509153306 107.5467322865 3.4757616819 52.4472103153 0.4653954459 18.7412490744
1700030476.28397 -212.013282 491.662336 28.603489 -0.007647 -0.029188 0.985107 0.169277 0.0001807657 -0.0000017033 -0.0000077814 0.0001887391 -0.0000868806 0.0021879071 244.8184782886 108.4390478269 3.4786923191 53.3263653408 0.4900886265 18.8170715195
1700030476.35052 -211.161602 492.675460 28.810635 -0.002552 -0.027841 0.983637 0.177977 0.0001808881 -0.0000023513 0.0000068469 0.0001867939 -0.0000837176 0.0021861248 245.0974253724 108.7487766874 3.4652255075 53.5564109253 0.4763734160 18.8269672511
1700030476.41708 -209.552078 493.983882 28.347740 0.014811 -0.026055 0.981520 0.188999 0.0001819939 -0.0000039533 0.0000774970 0.0001849728 -0.0000772361 0.0021744071 245.9958486623 108.2430936524 3.5014256593 52.8880434528 0.4716317979 18.7708399966
1700030476.48364 -209.041315 494.733956 28.184546 0.020909 -0.023762 0.980110 0.195916 0.0001823575 -0.0000028576 0.0001061706 0.0001823946 -0.0000549519 0.0021623900 247.2416276512 107.3044498111 3.4583133344 51.7530197224 0.4485499485 18.6984275336
1700030476.55019 -209.462267 495.149320 28.094326 0.015568 -0.011811 0.979538 0.200309 0.0001806174 -0.0000001503 0.0000801264 0.0001815408 -0.0000051492 0.0021694943 248.2098873540 107.1573849508 3.4588861009 51.4167567312 0.4456614923 18.7074164141
1700030476.61675 -210.262681 495.312768 28.195633 0.008049 -0.019067 0.978625 0.204609 0.0001795841 -0.0000010144 0.0000532631 0.0001827102 -0.0000388430 0.0021747011 248.7426645220 107.5566387724 3.4640045473 51.6699130354 0.4500110685 18.7566457917
1700030476.68331 -210.909781 495.553804 28.404283 0.003310 -0.017886 0.979069 0.202716 0.0001793847 -0.0000006856 0.0000348636 0.0001833094 -0.0000376718 0.0021794104 248.9257935228 108.1201149338 3.4807195233 52.1476906502 0.4574412775 18.8034185524
1700030476.74987 -211.529347 495.864305 28.242484 0.008009 -0.016826 0.979503 0.200565 0.0001809256 -0.0000010056 0.0000554384 0.0001837732 -0.0000313938 0.0021827539 249.2318404377 108.6151203868 3.5008978591 52.5396154335 0.4605949041 18.8450751109
1700030476.81643 -212.270547 496.072441 28.305598 0.004866 -0.022587 0.979245 0.201360 0.0001812379 -0.0000014102 0.0000461453 0.0001856073 -0.0000549636 0.0021864917 249.6414917439 109.1256238288 3.5027265781 52.9231383396 0.4684091836 18.9016117130
1700030476.88299 -213.013718 496.280663 28.370549 -0.003112 -0.020809 0.979026 0.202644 0.0001810565 -0.0000005161 0.0000133586 0.0001863967 -0.0000543702 0.0021917900 249.9161507249 109.6835905303 3.5114519294 53.3826024931 0.4701780179 18.9596862458
1700030476.94955 -213.692347 496.537389 28.272173 0.008293 -0.024308 0.977401 0.209829 0.0001826098 -0.0000024964 0.0000596525 0.0001870177 -0.0000628453 0.0021924922 250.1525586085 110.2212313047 3.4950006112 53.8330521812 0.4635099917 18.9806263223
1700030477.01612 -214.447657 496.729179 28.273880 0.017250 -0.027000 0.975806 0.216280 0.0001862060 -0.0000038124 0.0000975021 0.0001876354 -0.0000627815 0.0021933384 250.4835723170 110.7490147735 3.4919199816 54.2548958944 0.4665845496 19.0339200529
1700030477.08268 -215.181713 496.936875 28.334358 0.023557 -0.021986 0.975284 0.218594 0.0001892821 -0.0000029059 0.0001185144 0.0001871631 -0.0000359605 0.0021967217 250.7429839536 111.3163030907 3.4999037818 54.7321487587 0.4705493837 19.0951035121
1700030477.14924 -215.900750 497.169789 28.368897 0.017571 -0.017677 0.975490 0.218627 0.0001872302 -0.0000019628 0.0000914841 0.0001875745 -0.0000247616 0.0022041585 251.0171771503 111.8761557370 3.5087058295 55.2018314691 0.4721693104 19.1528162875
1700030477.21580 -216.644332 497.362326 28.434813 0.006150 -0.013833 0.977196 0.211799 0.0001848055 -0.0000011984 0.0000429080 0.0001883486 -0.0000196144 0.0022118409 251.3134223715 112.4283853158 3.5182956016 55.6616787099 0.4736414259 19.2144995826
1700030477.28275 -217.389514 497.547518 28.502192 0.011229 -0.013430 0.979725 0.199583 0.0001866452 -0.0000011259 0.0000629331 0.0001891658 -0.0000144457 0.0022152592 251.5638368900 112.9865037514 3.5284539225 56.1399416042 0.4741675562 19.2761797068
1700030477.34971 -218.141213 497.726807 28.559756 0.008475 -0.021118 0.981575 0.189718 0.0001871562 -0.0000019585 0.0000580550 0.0001910806 -0.0000478441 0.0022189100 251.8071533584 113.5480044167 3.5382598817 56.6254916657 0.4745761717 19.3384375653
1700030477.41666 -218.900713 497.903812 28.612096 0.000721 -0.023592 0.983565 0.179004 0.0001867023 -0.0000013954 0.0000286149 0.0001928571 -0.0000640805 0.0022236654 252.0484124861 114.1149153384 3.5479137939 57.1192856916 0.4747147980 19.4015982498
1700030477.48362 -218.737920 499.113698 27.231573 0.002220 -0.021853 0.983380 0.180223 0.0001843230 -0.0000040095 0.0000428910 0.0001923651 -0.0000667075 0.0022248036 252.2008234684 114.5988282254 3.6306995780 57.5288620028 0.5764409387 19.2942833928
1700030477.55058 -220.061610 498.979381 26.989381 0.015196 -0.024522 0.983221 0.180125 0.0001871137 -0.0000055669 0.0000883316 0.0001920542 -0.0000588502 0.0022075559 253.3727688333 114.6432211633 3.4447921107 57.2901604663 0.5356081908 19.2851872608
1700030477.61754 -221.222477 498.819501 26.773798 0.023974 -0.025447 0.982810 0.181278 0.0001884038 -0.0000031746 0.0001126694 0.0001856749 -0.0000542111 0.0022072686 253.1321812396 115.4846221008 3.4327403520 58.1389908305 0.5468015935 19.3463463904
1700030477.68450 -221.895500 499.067140 26.839252 0.024665 -0.012826 0.982663 0.183303 0.0001891544 -0.0000003044 0.0001127064 0.0001849399 -0.0000021568 0.0022128822 252.9065959424 116.2094055259 3.4326575319 58.8951463581 0.5639635622 19.4096989936
1700030477.75146 -222.628269 499.266821 26.893119 0.012215 -0.021574 0.981806 0.188260 0.0001861551 -0.0000017796 0.0000703204 0.0001868019 -0.0000456221 0.0022200248 253.2305214370 116.7463509036 3.4436821789 59.3436874082 0.5673306074 19.4674984701
1700030477.81843 -223.355217 499.458746 26.953264 0.005165 -0.018284 0.982332 0.186179 0.0001853255 -0.0000009285 0.0000396104 0.0001873394 -0.0000379451 0.0022263487 253.4964101793 117.3034763353 3.4544482320 59.8276623302 0.5710426378 19.5265100791
1700030477.88539 -224.080579 499.646848 27.010439 0.012161 -0.013637 0.983088 0.182223 0.0001874086 -0.0000006192 0.0000642571 0.0001875904 -0.0000141874 0.0022300633 253.7579515501 117.8591869114 3.4650945710 60.3133102586 0.5744340046 19.5855658908
1700030477.95236 -224.813426 499.830504 27.059448 0.008581 -0.019944 0.982776 0.183523 0.0001876869 -0.0000012989 0.0000545979 0.0001892180 -0.0000420793 0.0022342280 254.0142143829 118.4194829327 3.4755255997 60.8068201390 0.5777409802 19.6452977634
1700030478.01933 -225.549962 500.013952 27.107879 0.000830 -0.019375 0.982611 0.184663 0.0001873369 -0.0000006890 0.0000229586 0.0001902328 -0.0000455455 0.0022396574 254.2711918036 118.9831869554 3.4860254906 61.3057103198 0.5807120743 19.7057068261
1700030478.08630 -226.313802 500.165915 27.552149 0.008234 -0.021447 0.981442 0.190380 0.0001882164 -0.0000016551 0.0000518243 0.0001907780 -0.0000416810 0.0022430339 254.5227299293 119.5370337375 3.4984858974 61.7982263038 0.5848846499 19.7483691845
1700030478.15327 -227.070911 500.317554 27.654442 0.018035 -0.026541 0.979806 0.197359 0.0001922850 -0.0000034998 0.0000975177 0.0001924698 -0.0000588350 0.0022432496 254.7213088993 120.1139642253 3.5222882601 62.3320968798 0.5781250871 19.8094530081
1700030478.22024 -227.814368 500.481923 27.689203 0.024207 -0.023165 0.979316 0.199544 0.0001955346 -0.0000031151 0.0001200685 0.0001924883 -0.0000408423 0.0022461419 254.9371683980 120.6883733870 3.5347666424 62.8594475026 0.5796715295 19.8729462657
1700030478.28688 -228.415740 500.715509 27.687577 0.020927 -0.015807 0.978491 0.204616 0.0001942637 -0.0000014096 0.0001004568 0.0001926271 -0.0000141923 0.0022531530 255.1613689287 121.2512869184 3.5470779586 63.3751643082 0.5831421728 19.9365647978
1700030478.35351 -228.922622 500.977726 27.668959 0.003994 -0.013244 0.978110 0.207628 0.0001905838 -0.0000009414 0.0000297334 0.0001935610 -0.0000185494 0.0022617703 255.4639543532 121.7338403033 3.5582551941 63.7911753716 0.5852723518 19.9936022509
1700030478.42015 -229.662078 501.120743 27.711282 0.007579 -0.015658 0.979453 0.200923 0.0001921104 -0.0000011905 0.0000471574 0.0001946241 -0.0000244399 0.0022654231 255.8240091238 122.1610581737 3.5657998248 64.1374769975 0.5848837401 20.0460695692
1700030478.48679 -230.281036 501.363355 27.712025 0.006300 -0.016927 0.981805 0.189032 0.0001902255 -0.0000018272 0.0000446881 0.0001957682 -0.0000353341 0.0022695922 256.0230496140 122.7162906562 3.5831679858 64.6527118921 0.6092177208 20.0401555755
1700030478.55344 -231.119385 501.565246 27.524685 0.003339 -0.019164 0.984281 0.175532 0.0001902177 -0.0000020253 0.0000348476 0.0001967899 -0.0000451804 0.0022740018 256.3732347495 123.2308676801 3.5892638713 65.0897732620 0.6186019327 20.0749603498
1700030478.62009 -231.867067 501.713374 27.574311 0.001382 -0.019654 0.985738 0.167130 0.0001907479 -0.0000017165 0.0000245963 0.0001978116 -0.0000468290 0.0022786754 256.6682280549 123.8810128355 3.5945076367 65.6845805545 0.6291713173 20.1462955678
1700030478.68674 -232.606349 501.853641 27.634864 0.015952 -0.024637 0.986912 0.158567 0.0001949841 -0.0000034972 0.0000878541 0.0001993107 -0.0000578102 0.0022791749 256.8762047155 124.4391575426 3.6065223044 66.2122994649 0.6316677505 20.2075094879
1700030478.75339 -233.351633 501.991370 27.688364 0.024185 -0.027198 0.987979 0.150245 0.0001993940 -0.0000047337 0.0001232308 0.0002006048 -0.0000638601 0.0022797090 257.0818007052 125.0012663713 3.6183922952 66.7474498508 0.6340070066 20.2695697239
1700030478.82004 -234.138910 502.169986 27.611957 0.025118 -0.015134 0.988615 0.147585 0.0001993926 -0.0000022886 0.0001207045 0.0001992279 -0.0000151175 0.0022863205 257.2930372115 125.5721002787 3.6231108380 67.2880307165 0.6432731505 20.3095272351
1700030478.88670 -234.907065 502.397974 27.464569 0.008434 -0.015927 0.990318 0.137643 0.0001940981 -0.0000024028 0.0000531168 0.0002003287 -0.0000313583 0.0022960629 257.5469947017 126.1854629844 3.6308160691 67.8656247321 0.6532984696 20.3706818228
1700030478.95336 -235.665617 502.531400 27.519253 -0.006432 -0.014801 0.992582 0.120505 0.0001935665 -0.0000011855 -0.0000116811 0.0002013450 -0.0000319833 0.0023018300 257.8744424674 126.7959869922 3.6373532551 68.4239683565 0.6605666106 20.4406734720
1700030479.02003 -236.420500 502.659688 27.575023 -0.005275 -0.011043 0.994624 0.102830 0.0001942834 -0.0000010404 -0.0000084514 0.0002019442 -0.0000156201 0.0023067511 258.0724225615 127.3645366465 3.6493637162 68.9783135621 0.6622016161 20.5053103494
1700030479.08669 -237.200049 502.328317 28.871356 -0.002976 -0.023838 0.995818 0.088141 0.0001913827 -0.0000024042 0.0000014522 0.0002029928 -0.0000532977 0.0023097877 258.2471689984 127.9349124897 3.6516944081 69.5262678468 0.6985267503 20.4687790931
1700030479.15336 -238.046889 502.276542 29.255325 -0.005372 -0.030619 0.996877 0.072594 0.0001913745 -0.0000022761 -0.0000044783 0.0002062796 -0.0000936433 0.0023113869 257.7636019696 128.3462336588 3.6986306998 70.1137193124 0.6805322591 20.4812507683
1700030479.22004 -238.945317 502.377696 29.285200 -0.001885 -0.034415 0.997474 0.062109 0.0001898971 -0.0000009179 0.0000179331 0.0001987346 -0.0001121208 0.0023084294 257.3411746287 128.7896827803 3.6868952477 70.6670623372 0.6916245417 20.4974581709
1700030479.28632 -239.033318 502.553169 29.517828 0.010943 -0.037591 0.998122 0.047103 0.0001906791 -0.0000034074 0.0000604847 0.0001995277 -0.0001240230 0.0023090390 257.4312297549 129.4420453921 3.6787107715 71.3410484546 0.6933903169 20.5414350774
1700030479.35259 -238.731487 503.251497 29.193174 0.015754 -0.031953 0.998770 0.034481 0.0001908183 -0.0000034119 0.0000826544 0.0001963710 -0.0001084113 0.0023044178 257.3634912024 129.3863137809 3.6750872323 71.2994096217 0.6794269229 20.5305104000
1700030479.41886 -238.877212 503.554212 29.575911 0.005555 -0.012590 0.999527 0.027497 0.0001873088 0.0000013005 0.0000297128 0.0001904678 -0.0000271189 0.0023151310 258.2719627422 129.4010910073 3.6683255123 71.0479951899 0.6818084498 20.5113307972
1700030479.48513 -239.235016 503.830539 29.124997 -0.006966 -0.024050 0.999399 0.023982 0.0001864602 0.0000032737 -0.0000170513 0.0001930449 -0.0000848354 0.0023144668 258.5682412886 129.5416638932 3.7005907641 71.1156501227 0.6791332785 20.5112201212
1700030479.55138 -239.980812 503.859955 29.190170 -0.010613 -0.015425 0.999739 0.013106 0.0001875706 0.0000032747 -0.0000309577 0.0001910963 -0.0000415592 0.0023212156 258.9517297447 129.8799411432 3.6909991284 71.3662014103 0.6905401345 20.5507283666
1700030479.61763 -240.397073 504.086737 29.504579 -0.007284 -0.019131 0.999779 0.004724 0.0001873933 0.0000025179 -0.0000150244 0.0001911968 -0.0000564628 0.0023242750 258.9510701670 130.3917535210 3.6582970269 71.9188391702 0.6792685862 20.5341997215
1700030479.68387 -241.140294 504.122475 29.521259 -0.007029 -0.022769 0.999716 0.000543 0.0001880638 0.0000026121 -0.0000157120 0.0001926896 -0.0000724066 0.0023277726 259.2658872936 130.7702371699 3.6773055889 72.2394626173 0.6747905640 20.5675374709
1700030479.75011 -241.892411 504.119127 29.766838 -0.014756 -0.018528 0.999717 0.002322 0.0001892793 0.0000027939 -0.0000487288 0.0001914599 -0.0000510001 0.0023324064 259.3114167356 131.3007933032 3.6897896601 72.8015379174 0.6925688529 20.5698163781
1700030479.81633 -242.854287 504.081291 29.395975 0.002759 -0.021997 0.999713 0.009092 0.0001886419 0.0000000996 0.0000288875 0.0001929595 -0.0000724853 0.0023361687 259.2892085558 131.8112447166 3.6833087494 73.3674292992 0.6858886689 20.5763173004
1700030479.88255 -243.599912 504.067158 29.605908 0.015776 -0.028644 0.999376 0.013361 0.0001918608 -0.0000027352 0.0000811009 0.0001953204 -0.0000957075 0.0023362012 259.2277854962 132.4723370490 3.6753787735 74.1092526897 0.7039102688 20.6282526047
1700030479.94877 -244.362894 504.072223 29.668392 0.021092 -0.023360 0.999394 0.014849 0.0001946348 -0.0000027024 0.0001049151 0.0001943230 -0.0000734265 0.0023404429 259.2070274753 132.9893295323 3.6879124256 74.6890179042 0.7026006121 20.6820379808
1700030480.01497 -245.135299 504.074149 29.726971 0.013382 -0.018846 0.999538 0.019711 0.0001926146 -0.0000009335 0.0000716603 0.0001939590 -0.0000541392 0.0023488805 259.2102791570 133.5283232488 3.6955434201 75.2877925877 0.7042031628 20.7387190431
1700030480.08117 -245.928416 504.003292 30.062470 -0.004678 -0.025514 0.999394 0.023204 0.0001905242 0.0000007529 -0.0000066495 0.0001962269 -0.0000822615 0.0023540057 259.1915308654 134.0594360392 3.7050472824 75.8865007130 0.7135714763 20.7530821876
1700030480.14737 -246.692758 503.978910 30.125605 0.001150 -0.023827 0.999570 0.017035 0.0001914349 -0.0000001421 0.0000191934 0.0001965859 -0.0000767090 0.0023588396 259.0838602732 134.5758832737 3.7221865445 76.5033960293 0.7080571205 20.8095051866
1700030480.21356 -247.126944 504.006664 30.927716 0.001623 -0.028542 0.999441 0.017313 0.0001911507 -0.0000008076 0.0000151684 0.0001978173 -0.0000896602 0.0023621803 259.0358333271 135.0989866051 3.7106401811 77.1090033033 0.7049162509 20.8259939220
1700030480.28019 -247.781930 503.997279 31.130494 -0.002656 -0.038581 0.999070 0.019065 0.0001915525 -0.0000004860 0.0000016370 0.0002037260 -0.0001392854 0.0023614887 259.0572675858 135.4107379914 3.7366448921 77.4635482791 0.6826971701 20.8557616544
1700030480.34683 -248.583037 504.048577 30.767417 -0.007500 -0.036158 0.999068 0.022356 0.0001918535 -0.0000007847 -0.0000140776 0.0002004664 -0.0001329886 0.0023666690 259.0453699057 135.8612913312 3.7428826257 77.9710426943 0.7137083118 20.7762814832
1700030480.41348 -249.354174 504.014025 30.754497 0.006569 -0.033534 0.998995 0.029015 0.0001933819 -0.0000042346 0.0000444551 0.0001990204 -0.0001178630 0.0023721088 259.1182082229 136.4383818383 3.7398493016 78.6008212963 0.7348405086 20.8176744731
1700030480.48012 -250.113978 503.903372 31.027731 0.013225 -0.036951 0.998643 0.034242 0.0001955384 -0.0000063464 0.0000723002 0.0002001999 -0.0001294722 0.0023738689 259.0637020443 136.9665593040 3.7395393897 79.2202129824 0.7479523712 20.8415974769
1700030480.54677 -250.895393 503.832390 31.092612 0.015321 -0.028529 0.998789 0.037042 0.0001970157 -0.0000055592 0.0000816580 0.0001971624 -0.0000937779 0.0023815329 258.9118779615 137.4568940469 3.7512775750 79.8369780309 0.7464039543 20.8916395685
1700030480.61342 -251.796973 503.634758 31.441376 0.006912 -0.030440 0.998639 0.041771 0.0001955060 -0.0000042187 0.0000451521 0.0001984992 -0.0001003717 0.0023877123 258.8034707846 137.9730356189 3.7619713124 80.4710124400 0.7540408214 20.9342265502
1700030480.68007 -252.591138 503.546604 31.462640 -0.003649 -0.031075 0.998565 0.043453 0.0001954208 -0.0000021615 0.0000001544 0.0002000681 -0.0001081142 0.0023926051 258.5115471198 138.5174484672 3.7777108326 81.2068134249 0.7506125195 20.9958825399
1700030480.74673 -253.391070 503.482903 31.316999 0.002478 -0.026693 0.998897 0.038562 0.0001958041 -0.0000041397 0.0000262669 0.0001980634 -0.0000894500 0.0023986373 258.3835421300 139.0351131396 3.7659381235 81.8521034009 0.7619376181 20.9928387737
1700030480.81339 -254.505227 503.358442 30.680506 0.000613 -0.032743 0.998748 0.037823 0.0001952823 -0.0000054058 0.0000231655 0.0002012990 -0.0001228380 0.0023996917 258.2772084550 139.5704472070 3.7358471167 82.5144942851 0.7660097054 21.0006927076
1700030480.88004 -255.273898 503.300248 30.628025 -0.002306 -0.035653 0.998655 0.037566 0.0001955923 -0.0000042112 0.0000048076 0.0002027417 -0.0001303235 0.0024037847 258.1124813808 140.3103121193 3.7196205787 83.4417011149 0.7884736418 21.0823478829
1700030480.94671 -255.534320 503.588762 29.891638 0.001951 -0.033632 0.998505 0.043046 0.0001927592 -0.0000023284 0.0000173257 0.0002014826 -0.0001326328 0.0024076702 258.0102067742 140.7998204895 3.7556657949 84.0594184874 0.8129678674 21.0754570751
1700030481.01337 -256.241777 503.524151 29.397240 0.014439 -0.032270 0.998162 0.049217 0.0001956441 -0.0000049382 0.0000761881 0.0002001423 -0.0001161982 0.0024112921 258.4105563182 141.0801734118 3.7272235336 84.2482076689 0.8216873698 21.0873706048
1700030481.08003 -256.938385 503.493641 29.096229 0.019447 -0.030112 0.997999 0.052084 0.0001982385 -0.0000055240 0.0001007346 0.0001994863 -0.0001030298 0.0024151626 258.3140995212 141.5411111613 3.7082670515 84.8314772461 0.8328018937 21.1251300651
1700030481.14670 -257.758904 503.374556 29.126160 0.015324 -0.019985 0.998086 0.056485 0.0001968628 -0.0000025424 0.0000829557 0.0001967635 -0.0000542633 0.0024246338 258.2697647642 142.0106604205 3.7126227185 85.4111638390 0.8481200619 21.1725568872
1700030481.21337 -258.517026 503.285023 29.117568 0.005970 -0.023653 0.997873 0.060452 0.0001954474 -0.0000019188 0.0000418504 0.0001987925 -0.0000738974 0.0024305843 258.0907592109 142.5309792594 3.7214223289 86.1069599675 0.8508813090 21.2322794630
1700030481.28042 -259.504036 502.953139 29.392471 0.006058 -0.020766 0.997921 0.060714 0.0001954681 -0.0000016961 0.0000412580 0.0001986260 -0.0000559676 0.0024360340 257.9518674513 143.0087541961 3.7431684308 86.7390328582 0.8668891243 21.2745553939
1700030481.34796 -260.835224 502.866406 28.483891 0.005312 -0.020546 0.998029 0.059058 0.0001961970 -0.0000032878 0.0000486659 0.0001966924 -0.0000657637 0.0024394229 257.4331397329 143.5644760095 3.6840189261 87.5944964412 0.8698697835 21.2170037120
1700030481.41551 -261.623864 502.771530 28.459474 0.001624 -0.028577 0.997787 0.060022 0.0001962969 -0.0000029089 0.0000237087 0.0002000372 -0.0000986898 0.0024426874 257.3235489344 144.4869878036 3.6594402291 88.7624395505 0.9001104059 21.3180410508
1700030481.48308 -262.406097 502.712517 28.254886 -0.005299 -0.027341 0.997684 0.062053 0.0001968174 -0.0000016610 -0.0000072957 0.0001998772 -0.0000970972 0.0024479032 257.2003486432 145.0016155711 3.6637531162 89.4445801416 0.9079068594 21.3676611665
1700030481.55067 -263.144468 502.641875 27.923219 0.008233 -0.025478 0.997253 0.069059 0.0001983752 -0.0000038744 0.0000504625 0.0001991501 -0.0000856199 0.0024525538 257.1269986287 145.5204910193 3.6591591419 90.1149438056 0.9207490047 21.3933632853
1700030481.61827 -263.329766 502.838658 27.747808 0.018431 -0.026951 0.996618 0.075405 0.0002008258 -0.0000045458 0.0000928073 0.0001992103 -0.0000927628 0.0024537694 256.9932459621 145.9860800441 3.6627375500 90.7462136266 0.9377253036 21.4438129858
1700030481.68588 -264.080385 502.702639 27.695101 0.021215 -0.017554 0.996587 0.077823 0.0002030954 -0.0000026698 0.0001084342 0.0001969091 -0.0000420733 0.0024602284 257.2866373677 146.1941373340 3.6603815861 90.8935085542 0.9389188805 21.4635299162
1700030481.75351 -264.696682 502.702985 27.532792 0.011377 -0.020534 0.996227 0.083552 0.0001998549 -0.0000022829 0.0000667248 0.0001987351 -0.0000614639 0.0024674618 257.0793334611 146.6513316606 3.6761626596 91.5504685560 0.9524560393 21.5071451015
1700030481.82116 -265.445366 502.595356 27.503127 0.001845 -0.019165 0.996225 0.084651 0.0001991063 -0.0000010534 0.0000235583 0.0001994449 -0.0000560585 0.0024744078 257.0824318332 147.0767047783 3.6774620719 92.0875598589 0.9580153436 21.5552752047
1700030481.88882 -266.335136 502.499506 27.132786 0.005473 -0.014489 0.996729 0.079313 0.0001995299 -0.0000014175 0.0000388895 0.0001996066 -0.0000377008 0.0024793961 256.9309210036 147.5540715168 3.6679664602 92.7514285929 0.9648862748 21.5732059170
1700030481.95649 -267.166941 502.405543 26.878933 0.004478 -0.025055 0.996547 0.079037 0.0001998139 -0.0000024183 0.0000376574 0.0002030826 -0.0000851793 0.0024816658 256.8038506538 148.1454183117 3.6550931116 93.5529718350 0.9805195695 21.6228761469
1700030482.02418 -267.783939 502.344123 26.928734 -0.001548 -0.027455 0.996430 0.079824 0.0001990672 -0.0000013552 0.0000085886 0.0002045729 -0.0000983676 0.0024860650 256.6829041888 148.6915365193 3.6475160563 94.2975872071 0.9925553732 21.6775435161
1700030482.09188 -268.719533 502.107148 26.868851 0.006575 -0.028930 0.995868 0.085825 0.0002008048 -0.0000029145 0.0000484363 0.0002052808 -0.0000965480 0.0024900383 256.6112421627 149.0828780684 3.6577143714 94.8344502185 0.9950188532 21.7207840166
1700030482.15960 -269.376184 502.036345 26.854421 0.020461 -0.034798 0.994839 0.093090 0.0002063233 -0.0000067523 0.0001129720 0.0002083812 -0.0001200046 0.0024881149 256.2825364858 149.6356255615 3.6615963328 95.6874840735 1.0023519627 21.7847918780
1700030482.22733 -270.100094 501.930452 26.823455 0.031328 -0.029933 0.994590 0.094413 0.0002132425 -0.0000073428 0.0001621508 0.0002067731 -0.0000921325 0.0024897458 256.2038981312 150.0707835037 3.6676155239 96.2902874879 1.0064542168 21.8338630074
1700030482.29453 -270.841084 501.821528 26.777698 0.024637 -0.018880 0.994620 0.098833 0.0002098314 -0.0000032633 0.0001273990 0.0002049403 -0.0000440305 0.0025020342 256.0811559313 150.5403951703 3.6751789184 96.9597797329 1.0120377771 21.8890339896
1700030482.36157 -271.580024 501.697468 26.736597 0.009514 -0.022629 0.994530 0.101529 0.0002053574 -0.0000025996 0.0000599765 0.0002071566 -0.0000680370 0.0025113588 255.9303545404 151.0084168289 3.6828480467 97.6431947737 1.0178159085 21.9451287534
1700030482.42898 -272.314999 501.566940 26.699204 0.013093 -0.018910 0.995018 0.097005 0.0002072243 -0.0000024231 0.0000746675 0.0002073044 -0.0000496220 0.0025164781 255.7723357471 151.4707043253 3.6910313604 98.3266617074 1.0234183867 22.0013375333
1700030482.49640 -273.053888 501.431253 26.652192 0.010784 -0.021250 0.995072 0.096245 0.0002076740 -0.0000025488 0.0000651032 0.0002089549 -0.0000615077 0.0025215356 255.6085914721 151.9334140822 3.6992680282 99.0175667841 1.0291894945 22.0583891015
1700030482.56384 -273.754726 501.292845 26.629613 0.001445 -0.032888 0.994771 0.096676 0.0002070566 -0.0000025773 0.0000265384 0.0002132361 -0.0001196507 0.0025235284 255.4046103804 152.4045216488 3.6728272779 99.7158560596 1.0442104497 22.0765793014
1700030482.63129 -273.622610 502.118260 26.487178 -0.001878 -0.029985 0.994203 0.103240 0.0001996655 -0.0000072272 0.0000244933 0.0002103786 -0.0001159456 0.0025226069 255.1256711143 152.7177837244 3.6523796747 100.2387504265 1.0254541932 22.1038949538
1700030482.69875 -274.266383 502.237741 26.139589 0.011963 -0.027291 0.993375 0.110986 0.0001993971 -0.0000080171 0.0000870619 0.0002070356 -0.0000911561 0.0025150456 255.8418937411 152.6727922880 3.6153270987 99.8578572575 1.0161748018 22.0807947159
1700030482.76622 -274.471631 502.891293 25.790644 0.018220 -0.024575 0.992671 0.116911 0.0001986407 -0.0000102931 0.0001233774 0.0002037593 -0.0000854777 0.0025094883 255.7453815539 152.9927461531 3.5821791999 100.3061804362 1.0224774107 22.1158806151
1700030482.83371 -273.890775 503.982553 25.860437 0.020880 -0.012814 0.992024 0.123648 0.0001926457 -0.0000034860 0.0001159534 0.0001981797 -0.0000226245 0.0024879094 255.8361692282 152.7332893651 3.5856282335 99.8810126577 1.0364647864 22.1033863631
1700030482.90120 -273.543032 504.594109 25.987459 0.016246 -0.018485 0.990921 0.132171 0.0001900379 -0.0000035506 0.0001086212 0.0001981591 -0.0000596435 0.0024840519 256.9949817429 152.5495530511 3.6178464806 99.1341358568 1.0406330384 22.0770313073
1700030482.96871 -273.600373 504.968061 26.129697 0.012453 -0.007628 0.990925 0.133618 0.0001872719 -0.0000002966 0.0000905709 0.0001961708 -0.0000135653 0.0024882612 257.6439143084 152.4172646994 3.6441503225 98.6853093562 1.0408032716 22.0520414125
1700030483.03623 -274.300973 504.840402 26.241187 0.018793 -0.004129 0.991179 0.131123 0.0001885159 0.0000008014 0.0001142793 0.0001921168 0.0000071414 0.0024867863 258.0335772511 152.5126145146 3.6604752482 98.6346905709 1.0444971318 22.0476493040
1700030483.10377 -275.418147 504.271523 26.621252 0.017097 -0.012148 0.991334 0.129682 0.0001871015 -0.0000006445 0.0001084643 0.0001910137 -0.0000274152 0.0024882649 257.7674191311 152.8648354952 3.6696128235 99.2026808521 1.0547565608 22.0749538913
1700030483.17131 -276.355055 503.744607 26.912225 0.011314 -0.011927 0.991403 0.129804 0.0001851252 0.0000002394 0.0000848179 0.0001903927 -0.0000220683 0.0024907134 256.8796834229 153.2955656394 3.6980866872 100.1398646273 1.0855722789 22.1120679459
1700030483.23887 -277.076781 503.648815 27.082070 0.025081 -0.013450 0.990205 0.136687 0.0001915324 0.0000000731 0.0001554449 0.0001899407 -0.0000189501 0.0024830868 256.0402920779 153.5933459717 3.7388780464 100.8934343317 1.1166041944 22.1438419595
1700030483.30644 -278.065396 503.288943 27.185826 0.033568 -0.013982 0.989404 0.140564 0.0001958866 0.0000004172 0.0001898707 0.0001896473 -0.0000144060 0.0024770436 255.8102672157 153.9579393100 3.7756180333 101.4708379386 1.1479926144 22.1739189924
1700030483.37340 -278.920754 503.018940 27.233530 0.037867 -0.006520 0.989175 0.141618 0.0001972451 0.0000042937 0.0002020189 0.0001897874 0.0000270604 0.0024742425 255.2289408049 154.3846901211 3.8096566657 102.2913376051 1.1850646925 22.2167113976
1700030483.43973 -279.735948 502.887271 26.960479 0.029197 -0.009378 0.988601 0.147401 0.0001908505 0.0000023914 0.0001629494 0.0001901248 0.0000172631 0.0024803771 254.7286954878 154.7353476994 3.8214491442 102.9850785373 1.1997267574 22.2700672627
1700030483.50607 -280.496566 502.734870 26.940041 0.019554 -0.004360 0.988931 0.147020 0.0001861657 0.0000022336 0.0001220244 0.0001909804 0.0000252551 0.0024888584 254.4971902804 155.1986949860 3.8100192633 103.7169291887 1.2080822598 22.3312981882
1700030483.57239 -281.180100 502.639868 26.847117 0.026704 -0.001380 0.989374 0.142913 0.0001897885 0.0000038670 0.0001490111 0.0001924821 0.0000481990 0.0024892270 254.2606376534 155.6235615198 3.8119669330 104.4040152130 1.2147194132 22.3884566017
1700030483.63871 -281.710519 502.510477 26.719447 0.026377 -0.011329 0.989197 0.143751 0.0001894173 0.0000002175 0.0001475533 0.0001909343 0.0000077314 0.0024935505 254.0678769612 156.0110937759 3.8113855964 105.0217234352 1.2215713111 22.4427836358
1700030483.70502 -282.579625 502.134175 26.749893 0.024024 -0.012505 0.989466 0.142209 0.0001874924 -0.0000003907 0.0001468089 0.0001906510 -0.0000058629 0.0024968397 253.8441348635 156.2648040980 3.8201853527 105.4419211327 1.2649263982 22.4210356035
1700030483.77133 -283.275297 501.973476 26.712600 0.022402 -0.016877 0.988268 0.150133 0.0001865323 -0.0000020125 0.0001423308 0.0001915186 -0.0000253547 0.0025017373 253.2956595084 156.6580500613 3.8227748340 106.2383193170 1.2751858269 22.4666854878
1700030483.83763 -284.109018 501.740287 26.576495 0.036164 -0.020150 0.986782 0.156678 0.0001948212 -0.0000035128 0.0002068588 0.0001919924 -0.0000271119 0.0024961546 253.0365581155 157.0298481558 3.8216537332 106.8722837303 1.2829903229 22.5005353991
1700030483.90393 -284.788884 501.641746 26.611397 0.044888 -0.018005 0.986071 0.159136 0.0002008046 -0.0000027666 0.0002436131 0.0001922589 -0.0000142030 0.0024916820 252.6594710739 157.4449110600 3.8073210726 107.6228118568 1.2844377066 22.5398530643
1700030483.97022 -285.394116 501.543400 26.742738 0.038637 -0.005334 0.985838 0.163101 0.0001932215 0.0000015246 0.0002085381 0.0001932625 0.0000367033 0.0025012061 252.4943375103 157.8350261907 3.8102226011 108.2442724515 1.2898730757 22.5809417392
1700030484.03650 -286.062507 501.395942 26.647898 0.027640 -0.009182 0.985802 0.165368 0.0001852207 -0.0000009511 0.0001595888 0.0001934684 0.0000169114 0.0025135763 252.3156599238 158.1690590407 3.8194533908 108.7970276190 1.2958254026 22.6171742840
1700030484.10278 -286.791927 501.206551 26.549322 0.029273 -0.005191 0.985895 0.164705 0.0001854291 0.0000000501 0.0001652671 0.0001944438 0.0000349241 0.0025161994 252.0699265227 158.5164934374 3.8183508553 109.4035126811 1.3047584693 22.6568641806
1700030484.16905 -287.549766 500.972928 26.455289 0.029406 -0.007744 0.985936 0.164333 0.0001857076 -0.0000008109 0.0001682101 0.0001949011 0.0000242611 0.0025206334 251.7796234761 158.9053944857 3.8146327987 110.0942131364 1.3123377218 22.7086357514
1700030484.23532 -288.349299 500.685823 26.425503 0.023855 -0.018733 0.985726 0.165605 0.0001836444 -0.0000049237 0.0001532663 0.0001958900 -0.0000334910 0.0025271234 251.4272835065 159.2959731214 3.8114512458 110.8226128973 1.3202826734 22.7632149049
1700030484.30157 -289.094692 500.430085 26.362686 0.017647 -0.017430 0.985600 0.167265 0.0001804710 -0.0000045303 0.0001244667 0.0001965366 -0.0000311011 0.0025353435 251.0126030623 159.6855915310 3.8118687128 111.5864601277 1.3279642113 22.8204613051
1700030484.36788 -289.948227 500.108278 26.340787 0.028264 -0.017815 0.984264 0.173518 0.0001871730 -0.0000051669 0.0001756156 0.0001967702 -0.0000247779 0.0025335348 250.6272693690 160.0442111599 3.8110899787 112.2958337256 1.3352307701 22.8739496895
1700030484.43422 -290.609211 499.954863 26.360595 0.037263 -0.020098 0.983019 0.178554 0.0001937502 -0.0000059859 0.0002134695 0.0001975072 -0.0000258616 0.0025319424 250.1664966392 160.4585191346 3.8129821709 113.1296056999 1.3440061544 22.9370318445
1700030484.50055 -291.262067 499.803413 26.377950 0.041818 -0.010824 0.982661 0.180311 0.0001967256 -0.0000017511 0.0002276852 0.0001980968 0.0000202547 0.0025340625 249.9499944986 160.8215100988 3.8166171863 113.7673968853 1.3496322964 22.9893939470
1700030484.56688 -291.955124 499.619033 26.384555 0.032937 -0.014292 0.981943 0.185737 0.0001907129 -0.0000041384 0.0001909672 0.0001986120 -0.0000022586 0.0025455803 249.7217995869 161.1737560986 3.8196619619 114.3993104183 1.3548986532 23.0418685123
1700030484.63320 -292.693325 499.386806 26.349731 0.024908 -0.004548 0.982476 0.184662 0.0001847920 -0.0000015762 0.0001464671 0.0001999056 0.0000367612 0.0025561528 249.4439039795 161.5304069239 3.8212170884 115.0675297371 1.3600773917 23.0961081982
1700030484.69952 -293.590099 499.039402 26.265161 0.029065 -0.001365 0.982978 0.181407 0.0001879802 0.0000004432 0.0001678013 0.0002011723 0.0000565346 0.0025572107 249.0940807922 161.8937453639 3.8179673358 115.7878959186 1.3649323237 23.1519103880
1700030484.76583 -294.191526 498.894093 26.122327 0.025413 -0.009498 0.982776 0.182798 0.0001867210 -0.0000027828 0.0001548544 0.0002004456 0.0000141301 0.0025645780 248.5843824217 162.3165006580 3.8174047987 116.6873100279 1.3757917377 23.2209579509
1700030484.83213 -295.323734 498.390242 26.024169 0.020501 -0.010243 0.983105 0.181603 0.0001845911 -0.0000035474 0.0001310521 0.0002012483 0.0000031213 0.0025720081 248.3585188057 162.6344419361 3.8127523183 117.2827907044 1.3837009002 23.2718941613
1700030484.89843 -296.590847 497.879290 25.549293 0.021374 -0.012989 0.981960 0.187427 0.0001874253 -0.0000047137 0.0001513527 0.0002010809 -0.0000101766 0.0025738299 247.6371718566 163.1248059086 3.8076038467 118.4124562508 1.3954414476 23.3510507211
1700030484.96473 -297.417944 497.646877 25.647577 0.033146 -0.017792 0.980256 0.194120 0.0001947164 -0.0000059182 0.0001970547 0.0002016652 -0.0000170057 0.0025715304 246.9099460944 163.7229484060 3.7942561056 119.7177503960 1.4208209842 23.4510198385
1700030485.03101 -298.097490 497.485099 25.667248 0.040944 -0.014224 0.979611 0.196174 0.0002012613 -0.0000039581 0.0002296645 0.0002021349 0.0000069735 0.0025703459 246.5860594985 164.1554476324 3.8028066632 120.5594001127 1.4291922941 23.5189751406
1700030485.09729 -299.015495 497.187878 25.534601 0.034988 -0.006497 0.979252 0.199499 0.0001962732 -0.0000015200 0.0001981057 0.0002030821 0.0000382882 0.0025799926 246.3529553681 164.5180473763 3.8024237974 121.2480039761 1.4341889931 23.5747719237
1700030485.16357 -299.854974 496.906938 25.439042 0.019266 -0.003620 0.979179 0.202049 0.0001867080 -0.0000029429 0.0001195508 0.0002038946 0.0000373389 0.0025952871 245.9175814505 164.9710283256 3.7990810872 122.1957287838 1.4466915844 23.6515196176
1700030485.22984 -300.853136 496.574553 25.353140 0.024025 -0.002545 0.980355 0.195754 0.0001899179 -0.0000019224 0.0001433078 0.0002049598 0.0000449984 0.0025972407 245.5100079407 165.3717663438 3.7976319073 123.0542234999 1.4586055591 23.7210699678
1700030485.29610 -301.577860 496.411348 25.298925 0.022392 -0.005524 0.980378 0.195775 0.0001899458 -0.0000030143 0.0001370981 0.0002053071 0.0000295326 0.0026033811 245.0493272097 165.8718327797 3.7983974541 124.1044733048 1.4741269601 23.8065245219
1700030485.36241 -302.292505 496.213788 25.323471 0.014575 -0.015636 0.980090 0.197399 0.0001878059 -0.0000059357 0.0001068677 0.0002062356 -0.0000248200 0.0026114705 244.8216924553 166.2698109212 3.8021464493 124.8658501172 1.4863121111 23.8741302899
1700030485.42875 -303.136568 495.945036 25.435078 0.010082 -0.016255 0.979480 0.200634 0.0001869960 -0.0000065700 0.0000876635 0.0002072046 -0.0000341213 0.0026172798 244.5469670596 166.6267972911 3.8141374421 125.5967798669 1.4990984707 23.9365684561
1700030485.49508 -303.824764 495.750241 25.478885 0.026318 -0.018684 0.977486 0.208518 0.0001961588 -0.0000075593 0.0001652715 0.0002079279 -0.0000261560 0.0026143551 244.1833798646 167.0379009003 3.8265850035 126.4726041036 1.5102801250 24.0116716760
1700030485.56142 -304.516491 495.554516 25.516689 0.035011 -0.019994 0.976213 0.213033 0.0002037445 -0.0000079952 0.0002078437 0.0002088406 -0.0000223327 0.0026128473 243.9213731135 167.3885107594 3.8353979695 127.1969754998 1.5214981670 24.0762445023
1700030485.62774 -305.212432 495.363810 25.548247 0.037750 -0.010647 0.975785 0.215185 0.0002052938 -0.0000040583 0.0002113656 0.0002099404 0.0000251057 0.0026172142 243.6677292594 167.7443293439 3.8444544156 127.9292984428 1.5333561042 24.1421722506
1700030485.69406 -305.911643 495.166044 25.582252 0.027997 -0.014193 0.974854 0.220625 0.0001996799 -0.0000066297 0.0001689249 0.0002106623 -0.0000008164 0.0026291554 243.4059773313 168.0981167562 3.8539698518 128.6685664777 1.5456863594 24.2090565358
1700030485.76037 -306.604523 494.961168 25.622047 0.020469 -0.004934 0.975330 0.219743 0.0001951268 -0.0000048397 0.0001235235 0.0002123073 0.0000347321 0.0026391426 243.1361891418 168.4431907516 3.8640266662 129.4043183618 1.5583320697 24.2759549309
1700030485.82668 -307.439846 494.684970 25.570564 0.025315 -0.002551 0.975728 0.217501 0.0001982622 -0.0000036647 0.0001447698 0.0002139936 0.0000499797 0.0026409691 242.8485704161 168.7771939285 3.8670413393 130.1376619117 1.5681315170 24.3381271167
1700030485.89298 -308.137520 494.471650 25.593247 0.021251 -0.013276 0.975380 0.219102 0.0001982752 -0.0000069992 0.0001363631 0.0002140841 -0.0000041043 0.0026479894 242.4777475710 169.1839888266 3.8723461442 131.0473106266 1.5848576796 24.4180215972
1700030485.95927 -308.832781 494.259935 25.616640 0.014507 -0.011364 0.975445 0.219473 0.0001959101 -0.0000069550 0.0001021646 0.0002152165 -0.0000022314 0.0026563716 242.2033287198 169.5254253714 3.8820752361 131.7970234408 1.5991281591 24.4865242802
1700030486.02556 -309.514617 494.044062 25.651864 0.021610 -0.014613 0.973409 0.227583 0.0002008027 -0.0000078354 0.0001396996 0.0002161615 -0.0000085947 0.0026577135 241.9252933491 169.8548182183 3.8926167784 132.5353456203 1.6136078504 24.5544153469
1700030486.09185 -310.196487 493.825610 25.684913 0.030789 -0.017903 0.971495 0.234371 0.0002083243 -0.0000087174 0.0001872655 0.0002171452 -0.0000123756 0.0026564191 241.6456494509 170.1823318270 3.9034695314 133.2773243607 1.6287163540 24.6230991763
1700030486.15812 -310.880455 493.610516 25.711300 0.038605 -0.012960 0.970746 0.236629 0.0002146228 -0.0000061184 0.0002189772 0.0002183489 0.0000208032 0.0026561545 241.3725484725 170.5127116380 3.9145553635 134.0253567388 1.6445987061 24.6930456289
1700030486.22440 -311.568831 493.395935 25.736476 0.031931 -0.007585 0.969838 0.241532 0.0002095296 -0.0000053718 0.0001808467 0.0002198300 0.0000395951 0.0026670333 241.1022293490 170.8459517762 3.9261253597 134.7820809884 1.6612251506 24.7644722395
1700030486.29066 -312.254496 493.169532 25.767797 0.021454 -0.001929 0.969890 0.242589 0.0002035346 -0.0000056801 0.0001240646 0.0002215455 0.0000542194 0.0026786120 240.8179700647 171.1701952473 3.9382859487 135.5395116755 1.6783812497 24.8363650846
1700030486.35718 -312.936131 492.935042 25.801122 0.028818 -0.001014 0.971301 0.236099 0.0002083439 -0.0000039139 0.0001592335 0.0002235551 0.0000663470 0.0026791429 240.5250280919 171.4865313218 3.9509159724 136.2961625938 1.6961649334 24.9087131784
1700030486.42394 -313.625584 492.695085 25.825287 0.026324 -0.007439 0.973025 0.229072 0.0002086338 -0.0000059543 0.0001554243 0.0002236166 0.0000314937 0.0026861878 240.2268897147 171.8045504397 3.9636218097 137.0656142520 1.7148949339 24.9828097735
1700030486.49071 -314.320227 492.453509 25.845581 0.018934 -0.010449 0.975259 0.220007 0.0002057897 -0.0000071877 0.0001236783 0.0002247454 0.0000072814 0.0026953189 239.9288917455 172.1246596006 3.9766613573 137.8450321113 1.7344359129 25.0584959832
1700030486.55749 -315.001449 492.210019 25.877501 0.022928 -0.008909 0.975191 0.219995 0.0002087156 -0.0000065500 0.0001416241 0.0002260899 0.0000191620 0.0026984860 239.6309936449 172.4338967320 3.9906037964 138.6131113034 1.7543157936 25.1339423236
1700030486.62427 -315.677950 491.960148 25.913519 0.036631 -0.012611 0.974520 0.220929 0.0002198302 -0.0000063752 0.0002122367 0.0002272459 0.0000167022 0.0026936784 239.3270141616 172.7356767884 4.0050962742 139.3798294502 1.7747464587 25.2099517737
1700030486.69106 -316.358528 491.709779 25.941050 0.043298 -0.011619 0.975408 0.215798 0.0002265267 -0.0000049258 0.0002439448 0.0002288312 0.0000275255 0.0026928810 239.0248406876 173.0394025041 4.0197116728 140.1554256412 1.7960440114 25.2876734476
1700030486.75785 -317.044979 491.464229 25.959744 0.038162 0.004034 0.977617 0.206865 0.0002200096 0.0000006189 0.0002038495 0.0002337252 0.0000956408 0.0027020042 238.7317965629 173.3493667974 4.0345343701 140.9420883703 1.8182474907 25.3675056903
1700030486.82465 -317.734650 491.201368 25.984104 0.024946 -0.009267 0.979362 0.200352 0.0002136352 -0.0000059318 0.0001536067 0.0002315862 0.0000162857 0.0027180415 238.4179791458 173.6508864627 4.0498923709 141.7367792584 1.8410613060 25.4486709608
1700030486.89145 -318.488301 490.953521 26.169053 0.021507 0.001481 0.981800 0.188690 0.0002111504 -0.0000034244 0.0001280153 0.0002344183 0.0000619890 0.0027244427 238.0964468423 173.9464432637 4.0781548984 142.5275805883 1.8611113913 25.5033701282
1700030486.95826 -319.172848 490.681574 26.199557 0.022436 -0.003573 0.984039 0.176499 0.0002128655 -0.0000038946 0.0001375544 0.0002350069 0.0000375331 0.0027296872 237.8049677713 174.2971791440 4.1041786678 143.4069529222 1.8836555548 25.5919071772
1700030487.02507 -319.741289 490.245803 25.439470 0.019661 -0.018331 0.985760 0.165994 0.0002095614 -0.0000074334 0.0001324035 0.0002362633 -0.0000323385 0.0027332161 237.4600127786 174.5963930167 4.1276492006 144.2086059771 1.8699333035 25.3937273983
1700030487.09189 -320.425654 489.952364 25.445162 0.020720 -0.020522 0.987258 0.156434 0.0002113470 -0.0000080872 0.0001414288 0.0002383197 -0.0000508288 0.0027369071 236.8843156268 174.6996657070 4.0989234866 144.8732516179 1.8966802314 25.4414214030
1700030487.15871 -321.100767 489.651030 25.460204 0.036821 -0.024065 0.988312 0.145957 0.0002241774 -0.0000098014 0.0002242996 0.0002400939 -0.0000579942 0.0027298454 236.5326650457 174.9661758572 4.1146090630 145.6708490497 1.9162246534 25.5048546550
1700030487.22554 -321.779710 489.346063 25.468786 0.045949 -0.027268 0.989294 0.135800 0.0002343866 -0.0000115934 0.0002717204 0.0002421401 -0.0000699487 0.0027251364 236.1792005215 175.2323257316 4.1303418921 146.4774005764 1.9361249614 25.5693958694
1700030487.29237 -322.463957 489.044419 25.468995 0.047848 -0.016401 0.991030 0.123699 0.0002357196 -0.0000052336 0.0002744414 0.0002417270 -0.0000185570 0.0027317679 235.8334014669 175.5032214676 4.1461571093 147.2947732740 1.9564124465 25.6354737182
1700030487.35912 -323.154161 488.735418 25.467413 0.030114 -0.018068 0.992682 0.115542 0.0002205412 -0.0000056208 0.0001870635 0.0002435723 -0.0000399127 0.0027526610 235.4808784224 175.7729254658 4.1621908864 148.1238254976 1.9769361440 25.7029286115
1700030487.42578 -323.836501 488.416341 25.473401 0.017408 -0.012644 0.994591 0.101614 0.0002132916 -0.0000027633 0.0001200673 0.0002445050 -0.0000223512 0.0027665413 235.1182621544 176.0303730630 4.1787012806 148.9480572123 1.9973251727 25.7701849184
1700030487.49327 -324.894712 487.647366 25.225476 0.019940 -0.008205 0.995763 0.089392 0.0002102747 -0.0000004087 0.0001332200 0.0002449893 0.0000081413 0.0027701330 234.6997401496 176.2531036184 4.1748434320 149.7155761253 1.9872315335 25.8226105478
1700030487.56077 -325.381414 487.220655 25.432470 0.019164 -0.017974 0.996342 0.081315 0.0002102956 -0.0000028245 0.0001270791 0.0002468431 -0.0000484422 0.0027751609 233.6848054863 176.4899369153 4.1659788671 151.0132202348 2.0209591838 25.9139444416
1700030487.62828 -326.301999 487.060608 25.541178 0.010561 -0.017304 0.996711 0.078466 0.0002074053 -0.0000020037 0.0000889967 0.0002464623 -0.0000524721 0.0027834401 233.0983070548 176.5025795224 4.1623376801 151.5726364511 2.0152381454 25.9474749886
1700030487.69581 -327.174240 486.976075 25.808620 0.017120 -0.019663 0.996058 0.084784 0.0002095231 -0.0000043336 0.0001212687 0.0002471508 -0.0000659691 0.0027846900 232.8880949153 176.9708339183 4.1702889188 152.6438040924 2.0088082489 26.0224342744
1700030487.76335 -328.278076 486.586736 25.796326 0.028085 -0.024089 0.995223 0.090349 0.0002172371 -0.0000079894 0.0001824970 0.0002487309 -0.0000822769 0.0027815982 232.8279008240 177.4889765274 4.1985776072 153.7089381127 2.0244925020 26.1150859729
1700030487.83091 -328.987093 486.241314 25.833117 0.034879 -0.018770 0.994934 0.092394 0.0002225944 -0.0000063293 0.0002112427 0.0002482355 -0.0000484373 0.0027844281 232.3897498574 177.9886812226 4.2175580768 155.0869549490 2.0516239095 26.2305778316
1700030487.89847 -329.703532 485.895008 25.865325 0.026673 -0.012485 0.994883 0.096651 0.0002170014 -0.0000040491 0.0001664425 0.0002486931 -0.0000197438 0.0027972930 232.0073169699 178.2405961996 4.2356631675 155.9790258789 2.0720588491 26.3058234742
1700030487.96606 -330.414862 485.533893 25.902889 0.010629 -0.011813 0.994877 0.099834 0.0002100097 -0.0000038981 0.0000834656 0.0002500151 -0.0000240450 0.0028107326 231.6091883947 178.4787291604 4.2541487975 156.8696844906 2.0925635456 26.3811115760
1700030488.03365 -331.117187 485.168301 25.945491 0.019380 -0.006775 0.995092 0.096803 0.0002144300 -0.0000026787 0.0001264489 0.0002511314 0.0000057535 0.0028129966 231.2093998487 178.7068270932 4.2731229834 157.7541020379 2.1131194727 26.4561856043
1700030488.10126 -331.823970 484.795307 25.979397 0.018710 -0.013462 0.994929 0.097902 0.0002154406 -0.0000045502 0.0001264783 0.0002527256 -0.0000285659 0.0028182200 230.8038006298 178.9320838888 4.2919812034 158.6491171497 2.1340789881 26.5324789718
1700030488.16889 -332.537192 484.416985 26.007840 0.009315 -0.021904 0.994831 0.098719 0.0002129086 -0.0000057409 0.0000820836 0.0002559858 -0.0000765112 0.0028253518 230.3953887775 179.1570695296 4.3109696871 159.5573242853 2.1554648245 26.6103012473
1700030488.23652 -333.239791 484.038358 26.045802 0.009496 -0.022861 0.994268 0.104015 0.0002141182 -0.0000064910 0.0000838987 0.0002574881 -0.0000807914 0.0028305326 229.9914164040 179.3734889437 4.3307597957 160.4573512128 2.1768827643 26.6879165882
1700030488.30417 -334.292159 483.986793 26.419228 0.025020 -0.023125 0.993325 0.110199 0.0002232670 -0.0000098753 0.0001693284 0.0002580166 -0.0000761522 0.0028280160 229.5684610944 179.5974213455 4.3676492830 161.3369178685 2.1829482950 26.7500766667
1700030488.37184 -334.999920 483.615821 26.475395 0.034655 -0.020867 0.992688 0.113725 0.0002309352 -0.0000097993 0.0002139991 0.0002581924 -0.0000545074 0.0028281384 229.6351221953 180.2693083494 4.4195390119 162.7051038408 2.2069953434 26.8735643372
1700030488.43951 -335.715974 483.248652 26.524167 0.030410 -0.006411 0.992699 0.116542 0.0002273823 -0.0000043921 0.0001837007 0.0002584385 0.0000176391 0.0028394460 229.2597294268 180.4996602475 4.4433246242 163.6382089829 2.2280473337 26.9542370569
1700030488.50628 -336.423152 482.872227 26.577889 0.022077 -0.015544 0.992319 0.120721 0.0002237817 -0.0000079921 0.0001460047 0.0002600119 -0.0000337455 0.0028494069 228.8755245853 180.7172069508 4.4674192653 164.5651225412 2.2490872221 27.0347578425
1700030488.57352 -337.161482 482.514419 26.665191 0.017624 -0.006014 0.992275 0.122651 0.0002219017 -0.0000059439 0.0001172017 0.0002608033 0.0000123450 0.0028581964 228.4823005021 180.9340394549 4.4982066110 165.4923910309 2.2659760821 27.1111917098
1700030488.64065 -337.866142 482.128545 26.720683 0.021179 -0.004776 0.991651 0.127109 0.0002247509 -0.0000058685 0.0001345734 0.0002621802 0.0000220918 0.0028620119 228.1301572613 181.1791344841 4.5262939132 166.4681528976 2.2875917244 27.1968434789
1700030488.70778 -338.577668 481.733767 26.768826 0.015602 -0.020435 0.991111 0.130533 0.0002241767 -0.0000101628 0.0001158824 0.0002647640 -0.0000620976 0.0028680806 227.7373448794 181.3844965273 4.5520952527 167.4172620936 2.3094029392 27.2802276933
1700030488.77492 -339.283704 481.341780 26.821270 0.007610 -0.020631 0.991089 0.131377 0.0002223021 -0.0000095375 0.0000741630 0.0002664530 -0.0000686856 0.0028763730 227.3538606172 181.5868106312 4.5787138612 168.3650007983 2.3314851197 27.3641523160
1700030488.84206 -339.976715 480.947883 26.883925 0.020386 -0.019031 0.990098 0.137582 0.0002289910 -0.0000109773 0.0001405799 0.0002668190 -0.0000503560 0.0028774610 226.9737902357 181.7780765499 4.6062864684 169.3015886691 2.3536717192 27.4476931301
1700030488.90920 -340.828414 480.699570 27.112689 0.029385 -0.018093 0.989050 0.143488 0.0002362952 -0.0000119146 0.0001892833 0.0002674737 -0.0000391983 0.0028773702 226.5900763934 181.9748238286 4.6416422265 170.2408877752 2.3694189566 27.5245830360
1700030488.97635 -341.700517 480.465979 27.346991 0.031932 -0.006861 0.988602 0.146967 0.0002381599 -0.0000080634 0.0001943387 0.0002681741 0.0000215484 0.0028826969 226.4240331706 182.3828215072 4.6936605435 171.4016575791 2.3866981185 27.6230455229
1700030489.04350 -342.409135 480.075324 27.418361 0.025425 -0.011519 0.987771 0.153395 0.0002351600 -0.0000106188 0.0001616669 0.0002691958 -0.0000049709 0.0028929278 226.2732936874 182.7957688236 4.7406413098 172.5975100853 2.4110309832 27.7320361284
1700030489.11066 -343.062317 479.971341 27.754176 0.017117 -0.005058 0.988038 0.153177 0.0002281202 -0.0000089622 0.0001105268 0.0002705406 0.0000181593 0.0029023349 225.8855847724 182.9327933651 4.7183623715 173.4475299113 2.3130773638 27.6998615423
1700030489.17782 -343.755482 479.580876 27.835082 0.025355 -0.002161 0.988287 0.150470 0.0002332659 -0.0000070380 0.0001525468 0.0002727035 0.0000435846 0.0029033148 225.9332145958 183.2800355359 4.7671025697 174.3405458434 2.3253080679 27.7805956625
1700030489.24498 -344.454157 479.185130 27.907677 0.023862 -0.011182 0.987912 0.152757 0.0002344323 -0.0000101262 0.0001518887 0.0002733638 -0.0000042095 0.0029098060 225.5838656547 183.4641192985 4.7968992080 175.3109887542 2.3406373888 27.8638121304
1700030489.31215 -345.154520 478.790645 27.979224 0.014484 -0.009299 0.987876 0.154287 0.0002308280 -0.0000102123 0.0001007304 0.0002747652 -0.0000019495 0.0029203593 225.2426039541 183.6488469319 4.8273135969 176.2896063832 2.3561939376 27.9483963959
1700030489.37933 -345.838544 478.392310 28.064268 0.025589 -0.013558 0.986540 0.160934 0.0002384267 -0.0000117649 0.0001631994 0.0002760250 -0.0000136528 0.0029198875 224.9033938460 183.8189651022 4.8587542013 177.2523560799 2.3715466268 28.0321952861
1700030489.44650 -346.807775 478.135508 28.264046 0.038561 -0.016618 0.985138 0.166553 0.0002508725 -0.0000133935 0.0002370240 0.0002769945 -0.0000180193 0.0029144716 224.5429724642 183.9984084005 4.9005629954 178.2152790655 2.3822111372 28.1133490014
1700030489.51355 -347.500047 477.743575 28.348805 0.046925 -0.009124 0.984549 0.168455 0.0002587817 -0.0000089972 0.0002719485 0.0002786080 0.0000303385 0.0029133793 224.4181143872 184.4606316173 4.9491862344 179.5853857066 2.4022584612 28.2353012211
1700030489.58035 -348.197775 477.351306 28.429399 0.036920 -0.004500 0.984229 0.172944 0.0002497802 -0.0000088876 0.0002150627 0.0002803484 0.0000464372 0.0029290731 224.1049922855 184.6408057839 4.9835718250 180.5852629976 2.4181694227 28.3244220892
1700030489.64715 -348.892233 476.944671 28.516535 0.019799 -0.004903 0.984455 0.174451 0.0002396450 -0.0000115348 0.0001245893 0.0002812880 0.0000284760 0.0029467430 223.7804421407 184.8078420981 5.0187297545 181.5870329521 2.4342565861 28.4143881090
1700030489.71420 -349.580046 476.533820 28.608962 0.028823 -0.000657 0.984951 0.170414 0.0002455092 -0.0000089237 0.0001693377 0.0002839879 0.0000586442 0.0029467141 223.4587336129 184.9663455426 5.0548027288 182.5863952341 2.4504804881 28.5049474265
1700030489.78126 -350.272706 476.117451 28.693181 0.026987 -0.007490 0.984902 0.170833 0.0002463283 -0.0000114889 0.0001659026 0.0002843801 0.0000211240 0.0029540639 223.1370091395 185.1229445795 5.0911289783 183.5988674093 2.4671335017 28.5974399029
1700030489.84832 -350.971050 475.698909 28.772063 0.018010 -0.016449 0.984896 0.171420 0.0002433182 -0.0000145756 0.0001261011 0.0002861780 -0.0000344545 0.0029638700 222.8199157295 185.2804353647 5.1279733588 184.6257540779 2.4842215049 28.6920599119
1700030489.91539 -351.657147 475.281088 28.861109 0.018918 -0.017780 0.983907 0.176783 0.0002454484 -0.0000155797 0.0001323681 0.0002875832 -0.0000398257 0.0029689617 222.5120539092 185.4291417516 5.1659278421 185.6425454728 2.5013107488 28.7867229979
1700030489.98245 -352.179308 474.750714 28.785710 0.033651 -0.019872 0.982022 0.184678 0.0002571186 -0.0000174503 0.0002117650 0.0002880710 -0.0000339382 0.0029648557 222.1748591190 185.5895886563 5.2335690471 186.6440120539 2.5008408729 28.8560951479
1700030490.04952 -353.836378 474.854157 29.233514 0.042048 -0.015675 0.981250 0.187442 0.0002668959 -0.0000170963 0.0002620110 0.0002870505 -0.0000084776 0.0029619386 221.5548309502 185.6402961867 5.3456065941 187.3965219907 2.4688353332 28.8789004004
1700030490.11660 -354.559346 474.467501 29.339603 0.037280 -0.002620 0.980818 0.191307 0.0002600693 -0.0000118857 0.0002153470 0.0002896547 0.0000607862 0.0029747736 221.9800817631 186.8211547766 5.4534355326 189.8163302289 2.4956735599 29.0943140773
1700030490.18367 -355.261992 474.053933 29.439403 0.025698 -0.006025 0.980485 0.194816 0.0002535691 -0.0000153529 0.0001565521 0.0002899965 0.0000312651 0.0029896780 221.7203601214 187.0071220105 5.5057419746 190.9099791446 2.5090923163 29.1929457644
1700030490.25075 -355.955932 473.634490 29.543781 0.026734 -0.004877 0.980569 0.194284 0.0002553577 -0.0000149842 0.0001611782 0.0002917926 0.0000384148 0.0029948753 221.4435366255 187.1600987108 5.5575607115 191.9711133261 2.5221999177 29.2893446679
1700030490.31783 -356.650559 473.211483 29.641173 0.030001 -0.005672 0.980773 0.192750 0.0002588779 -0.0000148051 0.0001799046 0.0002934546 0.0000374622 0.0029985009 221.1704446481 187.3099324520 5.6100343682 193.0403892672 2.5355392293 29.3872251531
1700030490.38492 -357.351857 472.784663 29.732022 0.023710 -0.014557 0.980543 0.194322 0.0002573026 -0.0000184864 0.0001552550 0.0002945401 -0.0000162972 0.0030078305 220.9009603735 187.4602815378 5.6633468355 194.1263990728 2.5492350066 29.4873883590
1700030490.45201 -358.045628 472.359795 29.827729 0.015551 -0.013477 0.980368 0.196100 0.0002543953 -0.0000186327 0.0001100746 0.0002960582 -0.0000192704 0.0030180920 220.6432515910 187.6060953675 5.7179725994 195.2092043537 2.5629193977 29.5881547946
1700030490.51910 -358.749067 472.016366 30.722195 0.029923 -0.015194 0.978730 0.202388 0.0002650466 -0.0000195899 0.0001916055 0.0002968973 -0.0000119512 0.0030151279 220.3696096117 187.7467396906 5.7684450683 196.2775570951 2.5678816648 29.5978820305
1700030490.58619 -359.456112 471.599685 30.872952 0.037583 -0.015510 0.977508 0.206941 0.0002729019 -0.0000196548 0.0002316134 0.0002980723 -0.0000032167 0.0030149724 220.2767315556 187.9632507662 5.8696009536 197.4016188005 2.5769094956 29.6722934986
1700030490.65329 -360.255143 471.257548 31.165500 0.040792 -0.006221 0.977102 0.208730 0.0002756980 -0.0000154131 0.0002396278 0.0003003566 0.0000497862 0.0030187226 220.0594559381 188.1311528914 5.9300677419 198.5306682957 2.5861670950 29.7399489132
1700030490.71955 -360.942631 470.837382 31.298750 0.031451 -0.009088 0.976049 0.215074 0.0002699562 -0.0000186737 0.0001910882 0.0003008165 0.0000256428 0.0030328958 219.9544510898 188.4001638794 6.0058316357 199.7913160582 2.6005590689 29.8491254912
1700030490.78581 -361.624383 470.408986 31.437749 0.021915 -0.002050 0.976320 0.215210 0.0002643609 -0.0000181321 0.0001314014 0.0003031739 0.0000517107 0.0030450616 219.7377124662 188.5315969712 6.0680124512 200.8947771787 2.6138088198 29.9445163997
1700030490.85206 -362.301263 469.975947 31.575676 0.028714 0.000879 0.976785 0.212287 0.0002691089 -0.0000160089 0.0001654629 0.0003061201 0.0000751740 0.0030463218 219.5249380193 188.6555877172 6.1311472750 201.9990837320 2.6271961874 30.0405019723
1700030490.91830 -362.983357 469.538919 31.705751 0.026519 -0.008150 0.976440 0.213999 0.0002704613 -0.0000193727 0.0001639801 0.0003057979 0.0000244659 0.0030542742 219.3167627280 188.7790040058 6.1951201528 203.1189061055 2.6409696087 30.1384391004
1700030490.98453 -363.666586 469.103653 31.834176 0.020974 -0.006736 0.976508 0.214352 0.0002684938 -0.0000197880 0.0001322345 0.0003074438 0.0000253973 0.0030636101 219.1210510202 188.9034350946 6.2603414381 204.2485233961 2.6549946811 30.2378900085
1700030491.05076 -364.221051 468.719342 32.178828 0.023727 -0.009854 0.975055 0.220472 0.0002722150 -0.0000210391 0.0001503098 0.0003083768 0.0000123005 0.0030679487 218.9241021166 189.0110950183 6.3146538108 205.3635315276 2.6628589498 30.3145166101
1700030491.11698 -364.885910 468.278996 32.327348 0.035275 -0.012304 0.973062 0.227497 0.0002829661 -0.0000212992 0.0002165020 0.0003094271 0.0000160783 0.0030652255 218.8270217527 189.0870670548 6.3931241555 206.3176231034 2.6727756208 30.3987246889
1700030491.18319 -365.553478 467.841232 32.469371 0.042344 -0.008829 0.972196 0.230138 0.0002903264 -0.0000189560 0.0002505897 0.0003114589 0.0000446648 0.0030649402 218.6610190914 189.1970405534 6.4620202695 207.4490772376 2.6867725364 30.4989577236
1700030491.24940 -366.225969 467.406499 32.608427 0.039948 -0.001906 0.971308 0.234440 0.0002883449 -0.0000169610 0.0002286758 0.0003143030 0.0000798236 0.0030732141 218.5098010589 189.3114459888 6.5323020904 208.5963499504 2.7011711164 30.6014404173
1700030491.31559 -366.897678 466.959156 32.754307 0.026119 0.000758 0.970877 0.238148 0.0002794448 -0.0000198664 0.0001496523 0.0003154693 0.0000763702 0.0030901212 218.3544652706 189.4151313170 6.6041179499 209.7512998887 2.7159224164 30.7053328125
1700030491.38178 -367.562610 466.503220 32.905818 0.030435 -0.000818 0.971340 0.235736 0.0002836735 -0.0000193230 0.0001757971 0.0003172379 0.0000733709 0.0030933294 218.2003104846 189.5072512884 6.6772852156 210.9051298337 2.7308798197 30.8098406426
1700030491.44797 -368.229995 466.045620 33.050354 0.031010 -0.004538 0.971447 0.235177 0.0002861179 -0.0000205121 0.0001840084 0.0003181223 0.0000540004 0.0030992320 218.0554463530 189.5987138175 6.7514422979 212.0714875672 2.7462533880 30.9162633788
1700030491.51414 -368.904128 465.586349 33.189296 0.021905 -0.012665 0.971413 0.236042 0.0002830831 -0.0000243883 0.0001445765 0.0003187497 -0.0000021994 0.0031109029 217.9201657721 189.6921968868 6.8268504990 213.2569866331 2.7621474472 31.0252298593
1700030491.58031 -369.565959 465.127060 33.336863 0.019758 -0.009889 0.971125 0.237545 0.0002832094 -0.0000241083 0.0001292509 0.0003203614 0.0000101299 0.0031184596 217.7977498718 189.7770416167 6.9038257152 214.4334543996 2.7780541870 31.1342420465
1700030491.64648 -369.760447 464.724454 34.100684 0.037216 -0.011701 0.969115 0.243504 0.0002971622 -0.0000232476 0.0002250674 0.0003195923 0.0000231795 0.0031118316 217.3383070612 189.8435342138 6.7107936482 215.6021909591 2.7791503563 31.0074348930
1700030491.71275 -370.539480 464.512963 34.565204 0.045975 -0.010484 0.967767 0.247395 0.0003077747 -0.0000217416 0.0002753659 0.0003211648 0.0000420923 0.0031085277 217.3452259496 189.6895295547 6.8152500341 216.0809756036 2.7604203676 31.0204067690
1700030491.77902 -371.290223 464.258480 34.943603 0.048273 0.001177 0.967202 0.249375 0.0003084580 -0.0000157106 0.0002712921 0.0003262750 0.0001098369 0.0031118497 217.5976486026 190.0551172406 6.9228332325 217.4624322589 2.7612386957 31.1221940975
1700030491.84528 -371.951092 463.805291 35.123022 0.038328 -0.006248 0.965929 0.255878 0.0003025921 -0.0000222515 0.0002255976 0.0003243074 0.0000588347 0.0031290926 217.7854838939 190.3506875518 7.0178823877 218.8217162546 2.7756927080 31.2356707071
1700030491.91153 -372.858432 463.328157 35.227839 0.027593 -0.000095 0.966145 0.256519 0.0002855784 -0.0000152242 0.0001592469 0.0003207983 0.0000772409 0.0031433328 216.0725759067 189.4473245578 6.3628667456 219.4341201294 2.3525589598 31.0122837654
1700030491.97778 -373.511085 462.865680 35.409406 0.034344 0.002460 0.966656 0.253754 0.0002908264 -0.0000127104 0.0001919348 0.0003241708 0.0001000800 0.0031440944 215.9287349150 189.6264407670 6.4213634491 221.0162924792 2.3599619774 31.1401030204
1700030492.04401 -374.169487 462.400199 35.583749 0.030134 -0.005729 0.966643 0.254286 0.0002908516 -0.0000165130 0.0001804664 0.0003232078 0.0000492961 0.0031544446 215.8222383228 189.6614000862 6.4772278160 222.2297352503 2.3614695546 31.2373740091
1700030492.11025 -374.826724 461.937468 35.758563 0.020296 -0.002436 0.966927 0.254233 0.0002860969 -0.0000174957 0.0001211872 0.0003251036 0.0000528539 0.0031667487 215.7316871315 189.6959349503 6.5340251253 223.4510732668 2.3629851770 31.3359384458
1700030492.17647 -375.468156 461.468866 35.946566 0.030580 -0.009630 0.965404 0.258781 0.0002952478 -0.0000183652 0.0001886815 0.0003257995 0.0000295432 0.0031663786 215.6475698686 189.7143628942 6.5918488745 224.6581002112 2.3642296158 31.4338285718
1700030492.24269 -376.108881 460.999896 36.134837 0.041261 -0.010880 0.963565 0.264048 0.0003064994 -0.0000174514 0.0002495254 0.0003273550 0.0000402511 0.0031630750 215.5760137705 189.7302775898 6.6505459489 225.8739228593 2.3655478623 31.5331467849
1700030492.30890 -376.751719 460.535009 36.316092 0.048055 -0.004728 0.962679 0.266302 0.0003134030 -0.0000130605 0.0002778350 0.0003308725 0.0000850829 0.0031621827 215.5221515489 189.7488714968 6.7098704589 227.1028976504 2.3669951456 31.6344237753
1700030492.37510 -377.400004 460.072101 36.494895 0.042255 0.002101 0.961764 0.270592 0.0003076120 -0.0000124133 0.0002351250 0.0003343436 0.0001146929 0.0031740605 215.4839395412 189.7705571622 6.7702145161 228.3505097208 2.3686679191 31.7381743678
1700030492.44130 -378.048162 459.597241 36.680587 0.028075 0.006767 0.961639 0.272795 0.0002978514 -0.0000159717 0.0001490012 0.0003362611 0.0001184687 0.0031914993 215.4452600848 189.7810128268 6.8316506022 229.6084876936 2.3705965289 31.8436005424
1700030492.50749 -378.689000 459.115039 36.870448 0.033133 0.006718 0.962251 0.270055 0.0003024016 -0.0000142591 0.0001779425 0.0003389204 0.0001258206 0.0031939173 215.4118795169 189.7793860295 6.8938221325 230.8656514180 2.3725654103 31.9497121721
1700030492.57367 -377.855645 458.406395 38.387325 0.032324 -0.000140 0.961967 0.271248 0.0003034527 -0.0000169617 0.0001737476 0.0003361346 0.0000851555 0.0032032318 215.1222128783 189.8239089321 6.7333273933 232.1297123693 2.4126981713 31.8622640134
1700030492.63985 -378.483640 457.917484 38.600290 0.021190 -0.005425 0.962292 0.271137 0.0003005174 -0.0000205007 0.0001299981 0.0003359157 0.0000392834 0.0032160668 214.9427218738 188.7322464752 6.8102871739 231.1000236110 2.3826933332 31.7640642542
1700030492.70656 -378.993802 461.321663 39.596655 0.023333 -0.003899 0.961462 0.273920 0.0002738059 0.0000107732 0.0001482284 0.0002756223 0.0000071726 0.0032159523 199.6463954413 184.7747638929 4.3008180865 229.8278744943 1.5187796541 31.3512491785
1700030492.77364 -379.707589 461.105968 39.536815 0.040198 -0.008738 0.958876 0.280827 0.0002881622 0.0000128840 0.0002464913 0.0002731983 0.0000333243 0.0032035850 202.8851950740 187.8197180512 4.1441171832 230.7881422218 1.5318138548 31.3268655601
1700030492.84064 -380.122855 461.090536 39.627582 0.050853 -0.006850 0.957368 0.284276 0.0002995336 0.0000166429 0.0003015877 0.0002739523 0.0000585144 0.0031961451 202.2752699692 187.8558384278 4.0897098117 232.0600982721 1.5197165914 31.4106025233
1700030492.90763 -380.733818 460.687433 39.834579 0.052865 0.005438 0.956625 0.286433 0.0002990247 0.0000240634 0.0002924803 0.0002805325 0.0001342802 0.0031993375 202.3454694523 187.9877795503 4.1107799068 232.9273947744 1.5131301185 31.4847045874
1700030492.97463 -381.348095 460.274833 40.046037 0.039777 -0.002097 0.955865 0.291093 0.0002893293 0.0000162443 0.0002322651 0.0002777264 0.0000712934 0.0032211380 201.9205758211 187.9108499999 4.1333680727 234.1211933613 1.5143091697 31.5830258062
1700030493.04163 -381.955361 459.855425 40.266056 0.032581 0.003541 0.956846 0.288740 0.0002838501 0.0000162792 0.0001824762 0.0002801382 0.0000905725 0.0032335435 201.4902718704 187.8203491973 4.1571194974 235.3135749434 1.5160108862 31.6819428623
1700030493.10863 -382.559694 459.433696 40.482349 0.036856 0.007949 0.957665 0.285407 0.0002876755 0.0000190164 0.0001995970 0.0002837417 0.0001220265 0.0032354801 201.0599565012 187.7223881907 4.1814082767 236.5108137161 1.5182323072 31.7819468171
1700030493.17564 -383.169900 459.009427 40.691308 0.029766 -0.000919 0.957533 0.286781 0.0002859036 0.0000143454 0.0001748939 0.0002814473 0.0000600124 0.0032489461 200.6293916391 187.6220893888 4.2060654168 237.7270455820 1.5210818859 31.8841713755
1700030493.24264 -384.607062 459.540118 40.190977 0.021188 0.002506 0.957682 0.287038 0.0002821236 0.0000125826 0.0001287205 0.0002815342 0.0000591794 0.0032596570 200.0922234081 187.6449879722 4.1339116040 238.8025973427 1.6362772777 31.9012705640
1700030493.30965 -385.214187 459.128684 40.392196 0.031755 0.000270 0.955142 0.294442 0.0002890658 0.0000143867 0.0001834745 0.0002838233 0.0000707939 0.0032598788 200.8197136118 188.8264832166 4.1370248975 241.3493085048 1.6416242217 32.1025358552
1700030493.37666 -385.822112 458.717258 40.591522 0.039173 -0.002359 0.952740 0.301242 0.0002967016 0.0000154384 0.0002298331 0.0002855959 0.0000702392 0.0032599513 200.4074150722 188.7283842305 4.1595465728 242.5888452764 1.6511245212 32.2036048302
1700030493.44367 -386.431297 458.311778 40.784810 0.044837 0.004554 0.951861 0.303198 0.0003012409 0.0000201057 0.0002491469 0.0002904023 0.0001200998 0.0032601127 200.0052234482 188.6320411757 4.1826331429 243.8405548238 1.6613098237 32.3063573096
1700030493.51069 -387.043178 457.905566 40.980030 0.036425 0.008353 0.950932 0.307134 0.0002943586 0.0000183410 0.0001942703 0.0002926854 0.0001276465 0.0032742455 199.6052365269 188.5327828305 4.2066629206 245.1072076776 1.6723171278 32.4110479666
1700030493.57770 -387.672899 457.545950 41.350854 0.028614 0.013720 0.950448 0.309259 0.0002894775 0.0000167227 0.0001397772 0.0002957147 0.0001435229 0.0032854465 199.1959618945 188.4215769429 4.2382986927 246.3732907561 1.6671002253 32.4660050358
1700030493.64472 -388.275793 457.126902 41.559004 0.035589 0.016126 0.950911 0.306989 0.0002948436 0.0000200937 0.0001753634 0.0003000036 0.0001705041 0.0032853888 198.8567857664 188.3559048898 4.2764543330 247.6874957543 1.6781770618 32.5728418247
1700030493.71165 -388.883688 456.705217 41.760378 0.032275 0.008138 0.950658 0.308450 0.0002958237 0.0000169344 0.0001715447 0.0002966135 0.0001191328 0.0032974145 198.4478805602 188.2297957349 4.3031967560 248.9796973486 1.6907299677 32.6792279688
1700030493.77818 -389.692437 456.992818 42.954272 0.028943 0.007670 0.950568 0.309068 0.0002942985 0.0000146498 0.0001547038 0.0002946186 0.0001021413 0.0033062359 197.9208546146 188.2286931692 4.2293159805 250.1201139191 1.7211099134 32.4449904474
1700030493.87805 -390.914806 456.960654 43.705445 0.037779 0.000689 0.947301 0.318107 0.0003027668 0.0000144782 0.0002190201 0.0002955467 0.0000818532 0.0033091383 198.1411362088 188.8223481150 4.4091163676 252.2655150998 1.6244416236 32.5268045716
1700030493.94464 -391.107226 456.579943 44.036043 0.046983 -0.001798 0.945159 0.323209 0.0003112085 0.0000165964 0.0002675832 0.0002964399 0.0000903189 0.0033064534 198.3943346140 189.3854553453 4.4625104145 254.0990691291 1.5678662965 32.5499583699
1700030494.01122 -391.697434 456.190658 44.268776 0.052635 0.005747 0.945778 0.320468 0.0003170853 0.0000225236 0.0002904335 0.0003021002 0.0001438199 0.0033045605 198.0449478981 189.0367379304 4.4956584220 254.7282217155 1.5702669625 32.5855035812
1700030494.07781 -392.293468 455.796793 44.503697 0.039858 0.003005 0.948126 0.315372 0.0003073794 0.0000163188 0.0002241206 0.0003000442 0.0001025440 0.0033259985 197.6774215588 188.9147652242 4.5267451717 256.0485046226 1.5786621308 32.6736575924
1700030494.14439 -392.885145 455.395027 44.745694 0.027413 0.010440 0.951409 0.306531 0.0002990948 0.0000143952 0.0001395481 0.0003025875 0.0001206886 0.0033414584 197.3041753641 188.7795323620 4.5588998593 257.3733183869 1.5877663510 32.7624606272
1700030494.21098 -393.472602 454.987669 44.987065 0.030940 0.012065 0.954925 0.294983 0.0003029699 0.0000160372 0.0001587922 0.0003049054 0.0001346866 0.0033450169 196.9279636426 188.6330627041 4.5916642165 258.7027158941 1.5974893162 32.8518599103
1700030494.27757 -394.065541 454.576150 45.222825 0.028167 0.001102 0.958045 0.285228 0.0003053898 0.0000125608 0.0001636642 0.0003014933 0.0000640642 0.0033557948 196.5505110955 188.4822690888 4.6248127964 260.0530138666 1.6078799801 32.9431328162
1700030494.34417 -394.657230 454.168156 45.457313 0.021702 0.002253 0.959444 0.281052 0.0003034023 0.0000115869 0.0001242565 0.0003027139 0.0000591012 0.0033663827 196.1810593566 188.3295590038 4.6587286199 261.4132124220 1.6186597725 33.0354185949
1700030494.41076 -395.229812 453.756563 45.705456 0.031692 0.001153 0.957090 0.288052 0.0003107803 0.0000134536 0.0001844219 0.0003050901 0.0000709030 0.0033664808 195.8115379532 188.1582003578 4.6940491786 262.7537869348 1.6297627277 33.1264576428
1700030494.47735 -395.803191 453.341929 45.952362 0.040153 -0.005299 0.954947 0.293999 0.0003206777 0.0000131236 0.0002452370 0.0003060768 0.0000491758 0.0033654778 195.4424828504 187.9805283428 4.7300245169 264.1080137586 1.6414522907 33.2189093030
1700030494.54395 -396.377220 452.931018 46.192703 0.048668 -0.003563 0.954372 0.294605 0.0003304469 0.0000163510 0.0002917299 0.0003087625 0.0000746409 0.0033629315 195.0818379906 187.8022509453 4.7664927065 265.4755935138 1.6536047751 33.3128685147
1700030494.61054 -396.955089 452.527867 46.428969 0.044911 0.009699 0.953601 0.297546 0.0003237698 0.0000209665 0.0002453579 0.0003157020 0.0001465812 0.0033726030 194.7344323123 187.6286453059 4.8037574375 266.8623249580 1.6661757652 33.4088355428
1700030494.67714 -397.534234 452.112219 46.672452 0.030117 0.008061 0.953356 0.300233 0.0003141381 0.0000150433 0.0001618375 0.0003143873 0.0001108556 0.0033935225 194.3768739397 187.4406815934 4.8420574414 268.2645889461 1.6796534165 33.5065654528
1700030494.74386 -398.105291 451.689843 46.923224 0.034911 0.010880 0.954232 0.296823 0.0003185505 0.0000174471 0.0001853676 0.0003178802 0.0001355343 0.0033956418 194.0163095226 187.2374741513 4.8814920579 269.6671932714 1.6937835301 33.6047833020
1700030494.80977 -398.671110 451.271453 47.164723 0.036533 0.010285 0.954480 0.295850 0.0003215538 0.0000179167 0.0001963694 0.0003193997 0.0001347285 0.0034010480 193.6632160441 187.0324444462 4.9208741134 271.0685825046 1.7083418444 33.7035389392
1700030494.87604 -399.245636 450.850412 47.402075 0.028384 0.002773 0.954300 0.297486 0.0003191394 0.0000133328 0.0001624021 0.0003170709 0.0000758123 0.0034158125 193.3122984023 186.8249023742 4.9610122105 272.5004687618 1.7236178669 33.8051407229
1700030494.94230 -399.811721 450.430278 47.645625 0.024033 0.004828 0.953636 0.299962 0.0003178556 0.0000128047 0.0001327666 0.0003190485 0.0000803749 0.0034251738 192.9673047202 186.6087550453 5.0023475273 273.9316516910 1.7393537145 33.9071849688
1700030495.00855 -400.365770 450.004737 47.899420 0.036292 0.004185 0.952114 0.303552 0.0003273948 0.0000160148 0.0002062703 0.0003220032 0.0000998220 0.0034227651 192.6211399817 186.3763879726 5.0449556548 275.3562297675 1.7557018828 34.0092367725
1700030495.07480 -400.920641 449.579756 48.150512 0.045920 0.002894 0.951179 0.305192 0.0003380000 0.0000188707 0.0002654056 0.0003244834 0.0001104538 0.0034197902 192.2805607627 186.1405486028 5.0882915551 276.7960562643 1.7726655178 34.1130863877
1700030495.14105 -401.477309 449.162120 48.394429 0.052416 0.014110 0.950467 0.306049 0.0003425962 0.0000266774 0.0002818402 0.0003338556 0.0001891230 0.0034159528 191.9533630979 185.9077612770 5.1322630552 278.2527954964 1.7900630093 34.2189641866
1700030495.20728 -402.037796 448.738952 48.641653 0.042972 0.012000 0.949045 0.311965 0.0003353405 0.0000212653 0.0002297849 0.0003324872 0.0001605730 0.0034347340 191.6250663172 185.6677437265 5.1772762716 279.7308541761 1.8083459456 34.3273115439
1700030495.27351 -402.593260 448.307416 48.896320 0.038447 0.019525 0.948599 0.313530 0.0003313449 0.0000212995 0.0001880510 0.0003384003 0.0001969170 0.0034430113 191.2926959962 185.4128163204 5.2234380827 281.2151910887 1.8275263498 34.4369483861
1700030495.33973 -403.256241 449.068386 50.728532 0.045340 0.021797 0.948927 0.311460 0.0003353669 0.0000251422 0.0002221310 0.0003414982 0.0002102446 0.0034435328 190.9536306254 185.1617487228 5.2824675507 282.5241218522 1.6014954014 34.1935117040
1700030495.40594 -403.809266 448.651417 51.007824 0.041589 0.008027 0.948706 0.313310 0.0003381082 0.0000200640 0.0002305588 0.0003348752 0.0001344223 0.0034576550 192.0621615104 186.0130676707 5.4697406580 284.3271561592 1.5798062042 34.2988706663
1700030495.47215 -404.360668 448.237981 51.287154 0.039294 0.007402 0.948960 0.312853 0.0003380651 0.0000189975 0.0002185286 0.0003358771 0.0001261868 0.0034669791 191.7654825107 185.7589063124 5.5203701657 285.8459077120 1.5896573430 34.3992810944
1700030495.53835 -404.896595 447.821176 51.578496 0.046368 0.004389 0.946787 0.318472 0.0003468627 0.0000206292 0.0002660143 0.0003376414 0.0001233882 0.0034667298 191.4710881075 185.4880301139 5.5724117130 287.3533668407 1.5998868525 34.4993428583
1700030495.60455 -405.429531 447.402716 51.870816 0.058550 -0.000333 0.943472 0.326240 0.0003640738 0.0000235980 0.0003465697 0.0003396344 0.0001219225 0.0034578550 191.1807959677 185.2092443612 5.6253642459 288.8711709890 1.6106040132 34.6008341131
1700030495.67073 -404.855729 444.053034 50.887131 0.067718 -0.002940 0.941656 0.329681 0.0003543332 0.0000162093 0.0003935846 0.0003353351 0.0001468998 0.0034505725 189.9937085370 186.9844894168 6.2319827609 285.5903946481 0.1415509035 34.0491801023
1700030495.73732 -405.385255 443.590170 51.157358 0.069443 0.006110 0.940052 0.333829 0.0003561123 0.0000206319 0.0003941724 0.0003409348 0.0001840052 0.0034534462 186.3120172436 183.4664422446 6.1244689746 284.9163792129 0.1658182559 33.9943760897
1700030495.80401 -405.917785 443.116363 51.435309 0.056024 0.006287 0.939711 0.337292 0.0003396000 0.0000130885 0.0003146618 0.0003397691 0.0001584518 0.0034814307 185.9667998948 183.1769072204 6.1882931351 286.3083839283 0.1345557232 34.0835078622
1700030495.87085 -406.442954 442.637164 51.719104 0.060029 0.008544 0.939976 0.335810 0.0003451895 0.0000163614 0.0003340562 0.0003438253 0.0001798134 0.0034821550 185.6227836224 182.8740245692 6.2534835569 287.7010209294 0.1028720976 34.1734907943
1700030495.93784 -406.971725 442.155234 51.995991 0.058591 0.004416 0.940496 0.334687 0.0003469227 0.0000134327 0.0003349577 0.0003426308 0.0001518015 0.0034920369 185.2827245569 182.5663292743 6.3194421388 289.1136450240 0.0708057740 34.2658364417
1700030496.00483 -407.508470 441.669613 52.270087 0.049687 -0.008672 0.945299 0.322282 0.0003434379 0.0000029366 0.0003110052 0.0003380376 0.0000505511 0.0035105833 184.9454587758 182.2556069576 6.3863876566 290.5536475617 0.0385529155 34.3611463886
1700030496.07183 -408.037241 441.184556 52.551983 0.045441 -0.006503 0.949908 0.309141 0.0003395534 0.0000031558 0.0002820353 0.0003399247 0.0000510341 0.0035230965 184.6161811408 181.9367466806 6.4548421946 291.9929362143 0.0057461836 34.4572541124
1700030496.13883 -408.552733 440.693536 52.843521 0.057045 -0.009059 0.949351 0.308863 0.0003563857 0.0000051573 0.0003574663 0.0003419640 0.0000582047 0.0035147727 184.2879686525 181.6008746070 6.5246448804 293.4220910717 -0.0275690170 34.5534872328
1700030496.20583 -409.069132 440.201908 53.128844 0.063990 -0.010432 0.949029 0.308448 0.0003687821 0.0000066166 0.0004022171 0.0003439613 0.0000632881 0.0035109488 183.9663131875 181.2607841888 6.5951234979 294.8661832038 -0.0613844639 34.6518552344
1700030496.27283 -410.525611 440.858881 52.804121 0.067481 -0.000418 0.949943 0.305050 0.0003716189 0.0000090033 0.0004126406 0.0003320859 0.0001185620 0.0035082394 182.4724223466 182.2867619226 5.9475944141 294.7514864341 0.7318191873 34.3145841733
1700030496.33983 -411.062733 440.386539 53.069639 0.051920 0.000036 0.949903 0.308203 0.0003492487 0.0000027080 0.0003069272 0.0003322005 0.0000957530 0.0035410066 183.3664599450 183.5753048806 5.9917699363 297.9139041787 0.7096263315 34.5142406967
1700030496.40684 -412.265180 440.510475 53.590124 0.040294 0.002948 0.951550 0.304830 0.0003388491 -0.0000003056 0.0002388016 0.0003277183 0.0000846075 0.0035598119 182.6991162781 183.3674808504 6.1280016667 299.2775351321 0.6694080788 34.5748268310
1700030496.47385 -412.938225 440.940988 54.943580 0.048507 0.010615 0.952859 0.299323 0.0003425650 0.0000071592 0.0002674421 0.0003293269 0.0001384534 0.0035580387 182.8375340037 183.8667558198 6.1978340463 301.5490336413 0.6859155249 34.5767296467
1700030496.54085 -413.477679 440.480740 55.240660 0.044218 0.003436 0.952642 0.300843 0.0003423446 0.0000032230 0.0002557746 0.0003279053 0.0000958574 0.0035702287 183.5342602482 184.5058519856 6.3490681733 303.3639507565 0.6655908254 34.6677225280
1700030496.60787 -414.017753 440.022513 55.536108 0.039543 0.002096 0.952880 0.300753 0.0003401150 0.0000011579 0.0002297927 0.0003286646 0.0000782841 0.0035822894 183.2202940823 184.2297921422 6.4089117573 304.8795229365 0.6629206987 34.7492093295
1700030496.67488 -414.563317 440.247137 56.234291 0.037141 0.001533 0.950524 0.308420 0.0003372886 0.0000001577 0.0002151960 0.0003296176 0.0000651470 0.0035921084 182.9092688103 183.9484248476 6.4756659803 306.0614092430 0.4786311224 34.7264585506
1700030496.74189 -414.651522 439.895843 57.040919 0.050528 -0.001541 0.947326 0.316255 0.0003509077 0.0000042221 0.0002993576 0.0003302058 0.0000767747 0.0035853933 183.2834365036 184.2711437580 6.4641532822 307.5618712504 0.3812790056 34.6423760823
1700030496.80891 -415.158756 439.451357 57.355537 0.059204 0.001389 0.945881 0.319064 0.0003632538 0.0000098911 0.0003520190 0.0003343687 0.0001181588 0.0035795265 183.1248377600 183.8384034393 6.5501681053 308.2676139227 0.3624605617 34.6584356516
1700030496.87552 -415.666113 439.016382 57.665254 0.055728 0.011713 0.944620 0.323188 0.0003561401 0.0000137073 0.0003087484 0.0003412598 0.0001761643 0.0035903511 182.8559575159 183.5525117516 6.6090905417 309.7614521877 0.3508980142 34.7335656752
1700030496.94173 -416.169974 438.573007 57.980565 0.043135 0.014007 0.944321 0.325886 0.0003442493 0.0000083256 0.0002261784 0.0003416904 0.0001646314 0.0036123894 182.5838460809 183.2543050531 6.6686873000 311.2599011615 0.3397616954 34.8095260807
1700030497.00794 -416.664723 438.125345 58.300668 0.048108 0.018639 0.944514 0.324393 0.0003490152 0.0000123102 0.0002474237 0.0003478003 0.0002034987 0.0036121217 182.3142354052 182.9437636893 6.7291062164 312.7554881260 0.3286378920 34.8854918433
1700030497.07413 -417.161411 437.675834 58.614111 0.048023 0.015397 0.944512 0.324583 0.0003517187 0.0000110894 0.0002541013 0.0003471160 0.0001832030 0.0036207356 182.0494801110 182.6291788811 6.7898335964 314.2686163529 0.3175590824 34.9629781688
1700030497.14032 -417.663736 437.225775 58.922497 0.037518 0.005071 0.944568 0.326126 0.0003473261 0.0000030637 0.0002112087 0.0003414574 0.0000967090 0.0036414629 181.7911772096 182.3137152129 6.8510849026 315.8066613518 0.3065517992 35.0425177827
1700030497.20649 -418.152107 436.777546 59.239080 0.035738 0.008160 0.943315 0.329867 0.0003468938 0.0000033974 0.0001932496 0.0003441702 0.0001128263 0.0036498947 181.5425310717 181.9891132965 6.9134167836 317.3333114233 0.2952922369 35.1214174674
1700030497.27266 -418.934118 436.023594 59.128786 0.049575 0.006304 0.939814 0.338011 0.0003602242 0.0000107139 0.0002873411 0.0003458125 0.0001379267 0.0036412912 181.1715179112 181.5760616459 6.8225113348 318.7889755988 0.1816491601 35.0046303143
1700030497.33882 -420.509201 437.773992 59.384561 0.057685 0.007076 0.937475 0.343167 0.0003624385 0.0000158418 0.0003423526 0.0003455699 0.0001479370 0.0036367959 180.3455128245 181.2393595331 6.6846329799 319.4272566132 -0.4230845095 34.6597356880
1700030497.40498 -421.011647 437.354546 59.688398 0.060457 0.018621 0.936222 0.345668 0.0003602607 0.0000234451 0.0003230995 0.0003574784 0.0002353075 0.0036377441 182.4698508849 183.6436617242 6.8030461325 323.0784159126 -0.5143177324 34.8531272931
1700030497.47112 -421.516269 436.926688 59.998025 0.049381 0.013548 0.934722 0.351671 0.0003516026 0.0000146842 0.0002657902 0.0003522487 0.0001804203 0.0036623409 182.2505089379 183.3295866067 6.8554355648 324.6511715550 -0.5481821071 34.9231238651
1700030497.53726 -422.012527 436.493482 60.314502 0.043268 0.025553 0.935774 0.349002 0.0003441069 0.0000147661 0.0002001554 0.0003615890 0.0002405235 0.0036712402 182.0333018969 183.0021167347 6.9084665363 326.2228818147 -0.5823541999 34.9932912600
1700030497.60339 -421.924915 435.954000 61.170652 0.050891 0.027434 0.936406 0.346122 0.0003499961 0.0000203255 0.0002375720 0.0003649436 0.0002638471 0.0036699717 181.6583061871 182.7236353228 6.8278770509 327.7649053361 -0.5765429958 34.9476473611
1700030497.66951 -422.409024 435.517484 61.486107 0.047300 0.021247 0.936022 0.348100 0.0003514670 0.0000171688 0.0002363450 0.0003605970 0.0002222945 0.0036836369 181.3627700828 181.9701158827 6.8972596386 328.2476695554 -0.6132156347 34.9399844194
1700030497.73562 -422.892099 435.083952 61.801453 0.041432 0.023774 0.935951 0.348875 0.0003476738 0.0000144137 0.0001936800 0.0003626706 0.0002248509 0.0036961861 181.1627978582 181.6261635609 6.9460837253 329.8368145473 -0.6483228059 35.0086621565
1700030497.80173 -425.788333 435.306619 61.408415 0.041356 0.018314 0.933847 0.354800 0.0003516388 0.0000221931 0.0002361855 0.0003390393 0.0001900087 0.0036983025 179.1527716526 181.4209961887 6.4659451022 331.2468495857 -0.6330531117 34.9215907093
1700030497.88264 -426.269651 435.507010 62.382525 0.055798 0.012433 0.930535 0.361713 0.0003636023 0.0000252197 0.0003099220 0.0003393535 0.0001731444 0.0036970729 179.5062339760 182.9446979887 6.5187042273 337.8313017766 -0.8028641022 35.2268701156
1700030497.93473 -426.667432 435.183522 62.642634 0.062380 0.016360 0.929611 0.362856 0.0003714930 0.0000320870 0.0003433466 0.0003465825 0.0002224215 0.0036904224 180.1069781053 183.3368782836 6.6024819385 338.9122315266 -0.8608431922 35.2590422991
1700030498.00137 -427.180040 434.774351 62.972866 0.056596 0.024428 0.928964 0.365003 0.0003625036 0.0000315628 0.0002871620 0.0003537061 0.0002600311 0.0037031390 179.8886813414 183.0205014380 6.6468741032 340.6269380001 -0.9016036466 35.3350744491
1700030498.06801 -428.745552 435.271675 62.987144 0.038829 0.027761 0.930889 0.362169 0.0003486120 0.0000244903 0.0001816619 0.0003408263 0.0002339914 0.0037277773 178.7402574907 182.9976138537 6.4354565435 342.1356002726 -0.8499727630 35.3412795042
1700030498.13466 -429.352401 435.676319 63.757626 0.047232 0.031679 0.932855 0.355736 0.0003527595 0.0000293941 0.0002145466 0.0003473620 0.0002704628 0.0037258374 179.4322700545 184.1497039891 6.4767075078 345.8159629928 -1.0376550380 35.4424113000
1700030498.20130 -429.853750 435.532529 64.310889 0.044728 0.023484 0.937509 0.344275 0.0003552477 0.0000259988 0.0002210046 0.0003402713 0.0002137723 0.0037406688 180.0662809018 184.7063618773 6.5572380046 347.7606871622 -1.1504788625 35.4888237317
1700030498.26795 -430.383566 435.133991 64.650720 0.037172 0.019259 0.942542 0.331453 0.0003533849 0.0000209863 0.0001856894 0.0003363143 0.0001698898 0.0037574347 180.1244687425 184.6558609999 6.6167543585 349.5357442341 -1.2083923124 35.5620163459
1700030498.33460 -431.713724 434.207241 64.514625 0.036076 0.025904 0.941586 0.333831 0.0003481172 0.0000288477 0.0001732283 0.0003378904 0.0002204477 0.0037604849 179.4622327287 184.0446370697 6.3905582026 351.1203366641 -1.4381001157 35.4788484959
1700030498.40126 -432.237104 433.792595 64.872825 0.050031 0.017993 0.938255 0.341834 0.0003618454 0.0000332751 0.0002700548 0.0003368708 0.0001927015 0.0037587196 178.6509882836 183.5930252768 6.3967625395 354.5716835593 -1.4600586961 35.6689922049
1700030498.46791 -432.762659 433.379991 65.225091 0.057641 0.014336 0.936601 0.345327 0.0003733180 0.0000362223 0.0003269853 0.0003382716 0.0001874687 0.0037568199 178.4113258015 183.2488636723 6.4322079319 356.4219198964 -1.5131532182 35.7520018043
1700030498.53457 -433.288873 432.976379 65.569301 0.062692 0.026673 0.935652 0.346287 0.0003754969 0.0000453552 0.0003290093 0.0003526034 0.0002790191 0.0037513012 178.1865090274 182.9100930472 6.4674938755 358.2910330109 -1.5675405336 35.8367273573
1700030498.60123 -438.710630 442.789312 64.354461 0.041930 0.031276 0.936390 0.347042 0.0003514133 0.0000243944 0.0002528567 0.0003249672 0.0002098944 0.0037738302 176.6966171580 184.4600568507 6.1167839391 353.3485611795 -0.9112132524 35.7924293061
1700030498.66790 -439.464311 442.939340 64.711503 0.029623 0.034692 0.939469 0.339584 0.0003362231 0.0000151119 0.0001001842 0.0003300376 0.0002415355 0.0037930576 187.3060764103 197.6503650177 6.2772741956 364.9787780397 -1.3220057881 36.3532683369
1700030498.73456 -439.081211 453.344460 65.098158 0.041078 0.046052 0.942533 0.328366 0.0003272383 0.0000248598 0.0001575928 0.0003313614 0.0002796215 0.0037784399 187.0667785473 196.9433633957 6.2311000494 361.2306441482 -1.5981838336 36.3992996601
1700030498.80123 -439.094025 456.015009 65.455919 0.043372 0.041325 0.946095 0.318300 0.0003295017 0.0000294075 0.0001844354 0.0003300189 0.0002886799 0.0037789954 198.7415772616 207.3197080152 6.3330989052 360.1733079743 -1.9438793865 36.2950850656
1700030498.86790 -440.774567 457.470126 65.346026 0.040499 0.046355 0.949238 0.308476 0.0003285075 0.0000347734 0.0001777762 0.0003226215 0.0003180711 0.0037776670 200.8896589313 209.6893369452 6.1208455887 360.2435875694 -2.0772615078 36.2342104051
1700030498.93457 -441.764009 457.971347 65.745566 0.046990 0.048645 0.946486 0.315578 0.0003319037 0.0000396396 0.0002085576 0.0003301445 0.0003499939 0.0037750300 202.6761580379 212.1559313972 6.1666593021 363.8396666594 -2.1729786948 36.4519015154
1700030499.00124 -442.814966 458.894823 65.983881 0.055038 0.041360 0.943874 0.323050 0.0003428862 0.0000448489 0.0002788848 0.0003238482 0.0003283406 0.0037700539 203.2425615034 213.3344943814 6.2111593511 365.9502010322 -2.1878222641 36.5903168769
1700030499.06792 -443.543530 458.976827 66.239133 0.060117 0.042008 0.942641 0.325652 0.0003483732 0.0000491579 0.0003033874 0.0003285015 0.0003466966 0.0037688312 204.4294640796 214.7847318249 6.2549977533 368.7144628993 -2.2244595170 36.7393923770
1700030499.13460 -444.129051 458.904267 66.482724 0.056097 0.053242 0.941486 0.328058 0.0003407084 0.0000484674 0.0002468306 0.0003445899 0.0004123817 0.0037710235 204.6152507125 215.1227610351 6.2894626925 370.8168135912 -2.2363948125 36.8463322267
1700030499.20128 -445.743727 459.783111 66.111110 0.033740 0.049229 0.942557 0.328672 0.0003240316 0.0000354072 0.0001357407 0.0003208156 0.0003305728 0.0037895928 204.0294966284 214.6934201983 6.0620455056 369.7038182341 -2.3841642894 36.7834057569
1700030499.26796 -449.826150 468.140388 66.221933 0.031897 0.057525 0.943271 0.325443 0.0003136222 0.0000288535 0.0001243973 0.0003181940 0.0003381257 0.0037919460 204.5146559709 217.7469684929 6.1220240674 369.6744430730 -2.6445401177 36.9308314199
1700030499.33465 -450.472058 468.178445 66.443743 0.032298 0.056512 0.943989 0.323493 0.0003134572 0.0000268469 0.0000945374 0.0003263086 0.0003720072 0.0037944426 215.0718091463 229.2396072698 6.2033942071 378.9678430257 -2.8441740035 37.5115431903
1700030499.40134 -452.998370 473.678680 67.033242 0.023996 0.049707 0.944150 0.324862 0.0003065183 0.0000216065 0.0000648786 0.0003098469 0.0002809862 0.0038122472 214.9725178473 230.0419622922 6.3219698441 378.5290102377 -3.0857593276 37.5253852235
1700030499.46803 -454.073079 474.806304 66.824873 0.019904 0.051701 0.943170 0.327662 0.0003010354 0.0000161596 0.0000260718 0.0003145995 0.0003134897 0.0038139919 222.0301493918 238.0713092808 6.4645692945 383.1460469710 -3.3695158863 37.8748101973
1700030499.53473 -457.897086 476.290790 67.257356 0.034092 0.051107 0.943950 0.324320 0.0002942259 0.0000222545 0.0000954135 0.0003124763 0.0003139853 0.0037441739 222.9455614274 240.4491276912 6.6098976962 382.4630172082 -3.2101000984 37.9282301168
1700030499.60142 -460.515201 479.946124 67.387995 0.043541 0.049474 0.942631 0.327266 0.0002975139 0.0000273732 0.0001559018 0.0003171685 0.0003418632 0.0037362943 224.7302111355 245.4231535225 6.6555479370 388.2898557691 -3.2206184297 38.4492693629
1700030499.66812 -461.472485 481.287282 67.504743 0.049992 0.057558 0.940930 0.329906 0.0003018352 0.0000345926 0.0001854313 0.0003361092 0.0004207153 0.0037225538 229.7251798150 251.2752898066 6.6923653332 394.1378804162 -3.2771432685 38.8605983284
1700030499.73483 -462.155243 481.564230 67.668261 0.039472 0.059288 0.939444 0.335220 0.0002964576 0.0000251486 0.0001100206 0.0003354594 0.0004118675 0.0037386435 231.5904789793 253.3332400358 6.7178967985 396.5372635717 -3.3056488650 39.0184055702
1700030499.80153 -463.177809 482.061521 68.171914 0.029862 0.066673 0.939140 0.335678 0.0002926480 0.0000155048 0.0000316627 0.0003403948 0.0004281319 0.0037420775 231.9595885880 254.0061618352 6.7664058916 398.0768509052 -3.2913981942 39.0820111024
1700030499.86823 -464.659326 484.731757 68.796983 0.036956 0.073017 0.938858 0.334438 0.0002920223 0.0000200185 0.0000719850 0.0003528847 0.0004757818 0.0037325486 232.6226804566 255.3109747126 6.8522047156 399.9448583979 -3.3424349071 39.1888602042
1700030499.93567 -465.918372 486.987653 69.210277 0.033343 0.067245 0.938678 0.336525 0.0002904118 0.0000159306 0.0000600523 0.0003429234 0.0004382646 0.0037494359 236.3144757974 259.6041652758 6.9369997928 402.4612637284 -3.4523649132 39.4407402861
1700030500.00279 -466.915497 488.512996 69.610966 0.028893 0.069369 0.938660 0.336556 0.0002884301 0.0000119373 0.0000195912 0.0003450175 0.0004476467 0.0037477823 239.5242370554 262.9997627682 6.9912186753 404.9830826281 -3.2945059719 39.5614765402
1700030500.06991 -467.707996 490.446685 69.541050 0.030063 0.067289 0.936133 0.343837 0.0002885140 0.0000137887 0.0000233212 0.0003462694 0.0004512401 0.0037462134 241.6604880347 265.3475600660 7.0761058929 407.1399452510 -3.2622884019 39.6977618681
1700030500.13703 -469.198258 494.446575 70.120207 0.042373 0.066518 0.932150 0.353377 0.0002900525 0.0000243355 0.0000999950 0.0003480040 0.0004547146 0.0037407613 244.4150760866 268.3064688770 7.0845380814 406.8783033245 -3.2107887616 39.8103656687
1700030500.20416 -469.949708 495.196738 70.243219 0.049174 0.070146 0.930226 0.356850 0.0002934937 0.0000311921 0.0001331273 0.0003666947 0.0005143110 0.0037283385 250.3180399380 273.9455706203 7.1481725751 410.4602366934 -3.2573053305 40.1151014252
1700030500.27130 -470.682178 495.444413 70.478861 0.047136 0.079870 0.928323 0.360022 0.0002919101 0.0000263024 0.0000908029 0.0003850613 0.0005692089 0.0037187586 251.3710408692 275.3464967002 7.1441204978 412.3007672516 -3.2434005463 40.2286624496
1700030500.33843 -471.826806 494.848063 71.373952 0.032108 0.086283 0.928005 0.361015 0.0002876233 0.0000051252 -0.0000254467 0.0003796844 0.0005654294 0.0037185116 251.6753526422 276.3209766382 7.1915680197 411.9845866785 -3.0426125294 40.2681563722
1700030500.40558 -472.883293 500.242185 72.379201 0.039262 0.091439 0.926883 0.361920 0.0002827268 0.0000091272 0.0000192338 0.0003845910 0.0005979225 0.0036914457 250.5171440061 276.7651178465 7.2321667968 411.2444982672 -2.9502109029 40.3019591810
1700030500.47272 -474.690516 503.569827 72.215452 0.036051 0.089881 0.927490 0.361088 0.0002822699 0.0000088417 0.0000179581 0.0003846386 0.0006024219 0.0036855678 258.5342239283 283.7806170775 7.3073188422 412.9380752819 -2.8713927983 40.5528133857
1700030500.53987 -475.733778 505.899722 72.436097 0.026345 0.085072 0.927904 0.362027 0.0002836522 -0.0000027750 -0.0000510922 0.0003691302 0.0005564573 0.0037074552 263.6415130201 289.1031858564 7.3197369799 416.9809416051 -2.9009165120 40.8973175764
1700030500.60702 -476.866337 506.955220 72.625105 0.023510 0.086188 0.926595 0.365295 0.0002859487 -0.0000094186 -0.0000868585 0.0003739432 0.0005699168 0.0037076770 267.2599728366 292.6041372697 7.3496183091 419.3701850354 -2.9109127942 41.1111541501
1700030500.67418 -477.606398 507.468064 72.208566 0.036255 0.080100 0.923697 0.372899 0.0002843544 0.0000096861 0.0000239808 0.0003734868 0.0005691289 0.0037131061 268.8822089120 294.6253063868 7.3960631410 421.7876188698 -2.8860298063 41.2619718033
1700030500.74134 -478.160823 508.769949 72.189482 0.043957 0.078901 0.921145 0.378595 0.0002867509 0.0000174463 0.0000692246 0.0003762103 0.0005734114 0.0037163177 269.6671027621 295.7511272804 7.3827186977 423.5465148620 -2.8649603044 41.3774626979
1700030500.80850 -478.867416 509.415855 72.316139 0.044239 0.093188 0.919069 0.380356 0.0002869198 0.0000117807 0.0000299521 0.0004093679 0.0006591549 0.0036928596 271.7286087138 297.6925227367 7.3898420975 424.9333833743 -2.8672827037 41.4993413720
1700030500.87531 -479.572940 510.057937 72.448248 0.033066 0.090155 0.917869 0.385090 0.0002882956 -0.0000003916 -0.0000361557 0.0003926535 0.0006123559 0.0037180257 272.7317369001 298.9572545392 7.4099066553 426.6718549660 -2.8713735916 41.6194386941
1700030500.94127 -480.365074 511.471679 72.508546 0.028161 0.097118 0.916294 0.387532 0.0002865408 -0.0000118758 -0.0000910689 0.0004052666 0.0006426542 0.0037107948 273.7053872131 300.2285848226 7.4755112084 428.3069221990 -2.9060192721 41.6387689929
1700030501.00755 -481.589043 513.910278 73.226019 0.036030 0.097472 0.915572 0.388495 0.0002811557 -0.0000048674 -0.0000523507 0.0004102608 0.0006547686 0.0037117769 275.9378533017 302.5401228705 7.5166887955 429.7383896000 -2.9858957567 41.6812605849
1700030501.07382 -482.592047 517.825485 73.202651 0.029775 0.089947 0.914428 0.393503 0.0002821643 -0.0000062067 -0.0000637660 0.0003915804 0.0006020315 0.0037338373 279.8920519069 306.3969911240 7.5752197478 432.1326521551 -3.0081119299 41.9328028753
1700030501.14008 -483.293155 518.549174 73.257435 0.027044 0.092056 0.914176 0.393798 0.0002844299 -0.0000103263 -0.0000866901 0.0003947756 0.0006072211 0.0037381370 286.3310986602 311.8933805498 7.5796668456 434.5886342147 -3.0129888650 42.2268546912
1700030501.20633 -484.048180 521.811374 72.343336 0.034558 0.082231 0.910265 0.404304 0.0002825400 0.0000043056 -0.0000057559 0.0003835178 0.0005936186 0.0037391106 287.4779973989 313.0983348538 7.6418466104 434.9509899625 -2.6510410865 42.2426884585
1700030501.27258 -484.788166 523.554617 72.096764 0.041501 0.076923 0.906734 0.412545 0.0002838369 0.0000119462 0.0000396487 0.0003758734 0.0005696298 0.0037524207 292.9178235092 317.6228927061 7.5905677719 436.6528850648 -2.5761333468 42.4702229025
1700030501.33882 -485.682072 525.820363 71.581022 0.048317 0.081962 0.904281 0.416201 0.0002859778 0.0000188160 0.0000726372 0.0003943890 0.0006198531 0.0037394938 295.8607124639 320.3332905645 7.5772008704 438.3101644866 -2.5139244687 42.6287420327
1700030501.40506 -486.355631 526.376952 72.075164 0.043195 0.089860 0.901873 0.420338 0.0002852603 0.0000061950 0.0000010422 0.0004035083 0.0006408767 0.0037403527 299.7312320100 323.8319783770 7.5482895311 440.5410643125 -2.4866750702 42.8343411644
1700030501.47128 -487.387579 525.892096 72.583358 0.033574 0.094949 0.900192 0.423688 0.0002885755 -0.0000102255 -0.0000884574 0.0004067359 0.0006513460 0.0037383204 300.6613868712 324.9859985500 7.6154093702 441.9463919210 -2.4025357510 42.9151921277
1700030501.53750 -488.966534 522.467683 73.849663 0.045632 0.096288 0.902595 0.417095 0.0002785064 -0.0000004022 -0.0000245602 0.0004196395 0.0006906121 0.0037165713 299.7525984479 324.9715500021 7.6926334713 442.9454287439 -2.3945813188 42.7702829117
1700030501.60372 -489.971392 521.997989 74.111707 0.040424 0.089622 0.904409 0.415185 0.0002775209 0.0000016817 -0.0000134428 0.0004003493 0.0006404596 0.0037339159 293.8633396546 321.9417598583 7.8336195966 446.0619666479 -2.3267870508 42.7848223479
1700030501.66992 -490.786209 522.289446 74.218592 0.027491 0.087054 0.906312 0.412630 0.0002803148 -0.0000106961 -0.0000870798 0.0003836085 0.0005918408 0.0037527365 293.0501751635 322.1396435975 7.8803544498 448.2729075966 -2.2839292466 42.8889695868
1700030501.73612 -491.715707 522.170714 74.160124 0.029657 0.083355 0.904518 0.417156 0.0002785887 -0.0000113867 -0.0000727851 0.0003794064 0.0005886982 0.0037541018 293.4708736504 322.9745101711 7.8856671183 449.7205873595 -2.3197050817 43.0053028007
1700030501.80231 -492.200305 523.042708 74.388572 0.043079 0.075244 0.900443 0.426245 0.0002749754 0.0000053509 0.0000484363 0.0003705107 0.0005711254 0.0037504803 293.0770936277 323.1806148064 7.8256408131 451.0195122199 -2.4613760127 43.0518185432
1700030501.86886 -492.632862 524.144849 74.495025 0.053842 0.073708 0.897887 0.430658 0.0002794264 0.0000173980 0.0001166425 0.0003796677 0.0005958692 0.0037444983 294.5482126508 324.6295240545 7.8557260142 452.1224739595 -2.4439277462 43.1508539237
1700030501.93486 -493.282490 524.941356 74.510956 0.053837 0.084927 0.895987 0.432547 0.0002789751 0.0000139816 0.0000862714 0.0004071043 0.0006659376 0.0037269438 296.4128382357 326.3276446661 7.8756847715 453.1395044374 -2.4325813242 43.2579138466
1700030502.00114 -493.966599 525.591709 74.782528 0.037647 0.080919 0.896043 0.434904 0.0002781646 -0.0000043148 -0.0000095744 0.0003812889 0.0005951075 0.0037628850 297.7597733342 327.8476462696 7.8931267605 454.7268889298 -2.4165620378 43.3762499382
1700030502.06740 -494.529974 527.468784 73.643340 0.030374 0.088015 0.896940 0.432237 0.0002758824 -0.0000115863 -0.0000668865 0.0003944061 0.0006351313 0.0037510957 298.8598715746 329.1862135811 7.9462778007 456.1102666321 -2.1325896422 43.1742874853
1700030502.13367 -494.913546 528.518832 74.043146 0.035640 0.091127 0.897428 0.430173 0.0002736351 -0.0000089974 -0.0000600644 0.0004006930 0.0006516443 0.0037509311 302.0375244579 331.9650790489 7.8700802821 457.4190359979 -1.9751066141 43.1604382426
1700030502.19992 -495.524733 529.111665 74.607756 0.028691 0.083041 0.898011 0.431112 0.0002746857 -0.0000121327 -0.0000813624 0.0003713251 0.0005805098 0.0037809613 303.8014317873 333.5223182251 7.9172201338 458.2408922153 -1.9435053429 43.2274870834
1700030502.26617 -496.076834 529.972542 74.727125 0.024027 0.085451 0.897532 0.431923 0.0002770086 -0.0000171280 -0.0001079187 0.0003748282 0.0005884845 0.0037833154 304.8196308499 334.7480688252 7.9610778409 459.6585314631 -1.9478156789 43.3250021873
1700030502.33241 -496.556323 531.151462 74.689920 0.034317 0.082500 0.894181 0.438698 0.0002726005 -0.0000057050 -0.0000352758 0.0003790478 0.0005986282 0.0037865212 306.2441605666 336.2042054007 7.9250523703 460.8385570679 -1.9432496390 43.3349066994
1700030502.39864 -496.962345 532.386944 74.256406 0.038469 0.079603 0.888617 0.450048 0.0002728328 0.0000010479 0.0000032218 0.0003805889 0.0006029920 0.0037916486 308.2938161998 338.0689538805 7.9378023750 461.9682529255 -1.9044041806 43.4220371822
1700030502.46486 -497.505191 533.343634 74.230631 0.039351 0.083432 0.877235 0.471115 0.0002740023 -0.0000046652 -0.0000275954 0.0003893451 0.0006246505 0.0037902962 310.4715253170 339.9724144155 7.9183930928 462.9659396188 -1.8723270718 43.5315554409
1700030502.53108 -498.094085 534.174723 74.390000 0.032488 0.088652 0.868554 0.486518 0.0002778546 -0.0000181329 -0.0001017857 0.0003926081 0.0006302789 0.0037926007 312.1652459946 341.6475811962 7.9281614172 464.3040150531 -1.8560122447 43.6472397392
1700030502.59729 -498.575732 534.716705 75.696790 0.032552 0.090128 0.870456 0.482829 0.0002785068 -0.0000193979 -0.0001146898 0.0003909255 0.0006239771 0.0038009833 313.6140549053 343.1815309997 7.9495994417 465.7189323838 -1.8177967710 43.6901100273
1700030502.66350 -499.198634 535.918017 75.411271 0.043719 0.095469 0.871250 0.479477 0.0002732118 -0.0000077135 -0.0000522634 0.0004276775 0.0007176459 0.0037730408 314.5942205350 344.2614175681 8.0490727733 466.7387501879 -1.7240936481 43.5747769721
1700030502.72969 -499.882499 536.732851 75.347352 0.039635 0.090965 0.871235 0.480733 0.0002743223 -0.0000096122 -0.0000640395 0.0004107322 0.0006746380 0.0037973787 316.7042800863 346.3084363805 8.0271453456 468.2866178603 -1.7074714965 43.7028469080
1700030502.79588 -500.485504 537.625548 75.310879 0.031528 0.089843 0.871733 0.480641 0.0002773597 -0.0000169201 -0.0001101521 0.0003983367 0.0006410926 0.0038152389 318.1602509049 347.9452076651 8.0366352942 469.9854683557 -1.6772003616 43.8010463226
1700030502.86238 -501.099173 539.461128 73.650077 0.028563 0.088091 0.867326 0.489049 0.0002754580 -0.0000171550 -0.0001177256 0.0003971786 0.0006398915 0.0038212744 319.7515587891 349.5902880686 8.0462508739 471.3632155679 -1.5301086096 43.7024304628
1700030502.92842 -501.586482 540.187905 74.361712 0.039830 0.084789 0.858852 0.503585 0.0002727416 -0.0000073169 -0.0000630977 0.0003934993 0.0006292306 0.0038348262 323.0058531373 352.4245359943 7.9450961423 472.8912019625 -1.4551996004 43.8275469369
1700030502.99469 -502.297689 541.285202 73.832579 0.045883 0.079791 0.846680 0.524081 0.0002717864 -0.0000004951 -0.0000197776 0.0003980445 0.0006382364 0.0038395742 324.3453399283 353.7940259779 7.9943168094 474.0643045079 -1.4452691024 43.8966986133
1700030503.06095 -502.861558 542.168517 73.865048 0.046774 0.086061 0.833591 0.543628 0.0002732519 -0.0000068547 -0.0000496568 0.0004113138 0.0006695676 0.0038343649 326.3430999419 355.8375223166 7.9724483714 475.8568562065 -1.4126120807 44.0524904054
