1700030415399691008,-0.00170,-0.00036,0.00611,0.00635,-0.00050,0.00047,0.01461,0.01462
1700030415467052544,-0.00168,-0.00089,0.00622,0.00650,-0.00193,-0.00013,0.00829,0.00851
1700030415534420480,-0.00402,0.00188,0.00534,0.00694,-0.00291,-0.00204,0.01104,0.01160
1700030415601795072,-0.00680,0.00260,0.00429,0.00845,-0.00616,-0.00278,0.00992,0.01200
1700030415669176576,-0.00776,0.00359,0.00360,0.00927,-0.00635,-0.00330,0.01110,0.01321
1700030415736564736,-0.00866,0.00379,0.00370,0.01015,-0.00637,-0.00367,0.01108,0.01330
1700030415803959552,-0.00866,0.00379,0.00370,0.01015,-0.00637,-0.00367,0.01108,0.01330
1700030415871361280,-0.00876,0.00308,0.00350,0.00992,-0.00559,-0.00306,0.01503,0.01632
1700030415938769920,-0.00619,0.00183,0.00426,0.00773,-0.00770,-0.00032,0.01976,0.02121
1700030416006184960,-0.00757,0.00249,0.00547,0.00966,-0.01109,-0.00346,0.01099,0.01599
1700030416073535232,-0.00451,0.00814,0.00715,0.01173,-0.01282,0.00124,0.00620,0.01430
1700030416140360192,-0.00412,0.00665,0.00697,0.01047,-0.01442,-0.00182,0.00233,0.01472
1700030416206819584,-0.00383,0.00660,0.00659,0.01008,-0.01256,-0.00427,-0.00172,0.01338
1700030416273274624,-0.00383,0.00660,0.00659,0.01008,-0.01256,-0.00427,-0.00172,0.01338
1700030416339725312,-0.00383,0.00660,0.00659,0.01008,-0.01256,-0.00427,-0.00172,0.01338
1700030416406171136,-0.00383,0.00660,0.00659,0.01008,-0.01256,-0.00427,-0.00172,0.01338
1700030416472612608,-0.00368,0.00402,0.00789,0.00959,-0.02178,-0.00516,0.01433,0.02658
1700030416539049472,-0.00321,0.00334,0.00830,0.00950,-0.02375,-0.00747,0.01634,0.02978
1700030416605481472,-0.00362,0.00287,0.00864,0.00980,-0.02211,-0.00786,0.01796,0.02955
1700030416671909120,-0.00362,0.00287,0.00864,0.00980,-0.02211,-0.00786,0.01796,0.02955
1700030416738332160,-0.00306,0.00215,0.00952,0.01023,-0.02293,-0.01236,0.01261,0.02894
1700030416804750336,-0.00306,0.00215,0.00952,0.01023,-0.02293,-0.01236,0.01261,0.02894
1700030416871164672,-0.00306,0.00215,0.00952,0.01023,-0.02293,-0.01236,0.01261,0.02894
1700030416937573632,-0.00306,0.00215,0.00952,0.01023,-0.02293,-0.01236,0.01261,0.02894
1700030417003978496,-0.00306,0.00215,0.00952,0.01023,-0.02293,-0.01236,0.01261,0.02894
1700030417070378752,-0.00306,0.00215,0.00952,0.01023,-0.02293,-0.01236,0.01261,0.02894
1700030417136712192,-0.00306,0.00215,0.00952,0.01023,-0.02293,-0.01236,0.01261,0.02894
1700030417203898112,-0.00369,0.00171,0.00950,0.01033,-0.02576,-0.00797,0.01610,0.03140
1700030417271088640,-0.00369,0.00171,0.00950,0.01033,-0.02576,-0.00797,0.01610,0.03140
1700030417338284032,-0.00369,0.00171,0.00950,0.01033,-0.02576,-0.00797,0.01610,0.03140
1700030417405483776,-0.00369,0.00171,0.00950,0.01033,-0.02576,-0.00797,0.01610,0.03140
1700030417472688128,-0.00420,0.00238,0.00929,0.01047,-0.02422,-0.00525,0.00940,0.02650
1700030417539897088,-0.00485,0.00308,0.00909,0.01076,-0.02281,-0.00230,0.00937,0.02477
1700030417607110912,-0.00506,0.00337,0.00895,0.01081,-0.02159,-0.00137,0.00754,0.02291
1700030417674329344,-0.00495,0.00123,0.00877,0.01015,-0.02077,-0.00271,0.00586,0.02174
1700030417741552640,-0.00436,0.00038,0.00823,0.00932,-0.01924,-0.00450,0.00569,0.02056
1700030417808780288,-0.00411,0.00254,0.00938,0.01055,-0.02254,-0.00729,0.01267,0.02687
1700030417876012544,-0.00411,0.00254,0.00938,0.01055,-0.02254,-0.00729,0.01267,0.02687
1700030417943249408,-0.00394,0.00259,0.00945,0.01056,-0.02186,-0.00810,0.01471,0.02757
1700030418010490880,-0.00394,0.00259,0.00945,0.01056,-0.02186,-0.00810,0.01471,0.02757
1700030418077737216,-0.00366,0.00255,0.00961,0.01060,-0.02068,-0.00989,0.01098,0.02541
1700030418144988416,-0.00368,0.00255,0.00961,0.01060,-0.02069,-0.00980,0.01088,0.02535
1700030418211922432,-0.00368,0.00255,0.00961,0.01060,-0.02069,-0.00980,0.01088,0.02535
1700030418279016704,-0.00368,0.00255,0.00961,0.01060,-0.02069,-0.00980,0.01088,0.02535
1700030418346114048,-0.00368,0.00255,0.00961,0.01060,-0.02069,-0.00980,0.01088,0.02535
1700030418413215232,-0.00357,0.00255,0.00963,0.01058,-0.01942,-0.01095,0.00248,0.02243
1700030418480318976,-0.00450,0.00291,0.00926,0.01070,-0.01854,-0.00958,0.00810,0.02238
1700030418547426048,-0.00382,0.00102,0.00976,0.01053,-0.02657,-0.01538,0.01424,0.03384
1700030418614536192,-0.00382,0.00102,0.00976,0.01053,-0.02657,-0.01538,0.01424,0.03384
1700030418681649664,-0.00382,0.00102,0.00976,0.01053,-0.02657,-0.01538,0.01424,0.03384
1700030418748766208,-0.00382,0.00102,0.00976,0.01053,-0.02657,-0.01538,0.01424,0.03384
1700030418815885824,-0.00382,0.00102,0.00976,0.01053,-0.02657,-0.01538,0.01424,0.03384
1700030418883008768,-0.00382,0.00102,0.00976,0.01053,-0.02657,-0.01538,0.01424,0.03384
1700030418950134784,-0.00382,0.00102,0.00976,0.01053,-0.02657,-0.01538,0.01424,0.03384
1700030419017263872,-0.00382,0.00102,0.00976,0.01053,-0.02657,-0.01538,0.01424,0.03384
1700030419084395776,-0.00456,0.00085,0.00963,0.01069,-0.02847,-0.01206,0.01419,0.03401
1700030419151531520,-0.00456,0.00085,0.00963,0.01069,-0.02847,-0.01206,0.01419,0.03401
1700030419218990336,-0.00461,0.00104,0.00961,0.01071,-0.02815,-0.01165,0.01894,0.03587
1700030419285211648,-0.00461,0.00104,0.00961,0.01071,-0.02815,-0.01165,0.01894,0.03587
1700030419351425024,-0.00461,0.00104,0.00961,0.01071,-0.02815,-0.01165,0.01894,0.03587
1700030419417630464,-0.00551,0.00105,0.00936,0.01091,-0.03053,-0.00767,0.02518,0.04031
1700030419483827456,-0.00560,0.00046,0.00958,0.01111,-0.03354,-0.00573,0.03514,0.04891
1700030419550016768,-0.00584,-0.00014,0.00966,0.01128,-0.03519,-0.00460,0.02629,0.04417
1700030419616197632,-0.00570,-0.00007,0.00972,0.01127,-0.03445,-0.00577,0.02634,0.04375
1700030419682370304,-0.00548,-0.00008,0.00980,0.01123,-0.03399,-0.00672,0.02622,0.04345
1700030419748535040,-0.00561,-0.00013,0.00980,0.01130,-0.03537,-0.00452,0.03551,0.05032
1700030419814691328,-0.00561,-0.00013,0.00980,0.01130,-0.03537,-0.00452,0.03551,0.05032
1700030419880839936,-0.00561,-0.00013,0.00980,0.01130,-0.03537,-0.00452,0.03551,0.05032
1700030419946980096,-0.00561,-0.00013,0.00980,0.01130,-0.03537,-0.00452,0.03551,0.05032
1700030420013112064,-0.00577,-0.00061,0.00981,0.01139,-0.03541,-0.00350,0.01979,0.04072
1700030420079236096,-0.00566,-0.00057,0.00984,0.01137,-0.03517,-0.00193,0.02768,0.04480
1700030420145352192,-0.00566,-0.00057,0.00984,0.01137,-0.03517,-0.00193,0.02768,0.04480
1700030420211422720,-0.00566,-0.00057,0.00984,0.01137,-0.03517,-0.00193,0.02768,0.04480
1700030420277640960,-0.00566,-0.00057,0.00984,0.01137,-0.03517,-0.00193,0.02768,0.04480
1700030420343851264,-0.00566,-0.00057,0.00984,0.01137,-0.03517,-0.00193,0.02768,0.04480
1700030420410053632,-0.00566,-0.00057,0.00984,0.01137,-0.03517,-0.00193,0.02768,0.04480
1700030420476247808,-0.00566,-0.00057,0.00984,0.01137,-0.03517,-0.00193,0.02768,0.04480
1700030420542433792,-0.00566,-0.00057,0.00984,0.01137,-0.03517,-0.00193,0.02768,0.04480
1700030420608611840,-0.00531,-0.00066,0.00988,0.01124,-0.03322,-0.00177,0.01428,0.03621
1700030420674781696,-0.00530,-0.00051,0.00980,0.01115,-0.03440,0.00023,0.02470,0.04235
1700030420740943616,-0.00491,-0.00071,0.00965,0.01085,-0.03471,-0.00061,0.02552,0.04309
1700030420807097344,-0.00491,-0.00071,0.00965,0.01085,-0.03471,-0.00061,0.02552,0.04309
1700030420873242880,-0.00491,-0.00071,0.00965,0.01085,-0.03471,-0.00061,0.02552,0.04309
1700030420939380736,-0.00418,-0.00064,0.00988,0.01075,-0.03400,-0.00281,0.03521,0.04903
1700030421005510144,-0.00317,-0.00180,0.01032,0.01095,-0.03536,-0.00640,0.03677,0.05141
1700030421071631360,-0.00317,-0.00180,0.01032,0.01095,-0.03536,-0.00640,0.03677,0.05141
1700030421137744896,-0.00317,-0.00180,0.01032,0.01095,-0.03536,-0.00640,0.03677,0.05141
1700030421203813120,-0.00347,-0.00195,0.01028,0.01102,-0.03696,-0.00520,0.03981,0.05458
1700030421270029824,-0.00386,-0.00273,0.01024,0.01128,-0.03822,-0.00423,0.02733,0.04717
1700030421336238848,-0.00394,-0.00446,0.01053,0.01210,-0.04434,-0.00482,0.03148,0.05459
1700030421402439680,-0.00407,-0.00539,0.01069,0.01264,-0.05223,-0.00662,0.03715,0.06444
1700030421468632576,-0.00407,-0.00539,0.01069,0.01264,-0.05223,-0.00662,0.03715,0.06444
1700030421534817536,-0.00407,-0.00539,0.01069,0.01264,-0.05223,-0.00662,0.03715,0.06444
1700030421600994048,-0.00407,-0.00539,0.01069,0.01264,-0.05223,-0.00662,0.03715,0.06444
1700030421667162880,-0.00407,-0.00539,0.01069,0.01264,-0.05223,-0.00662,0.03715,0.06444
1700030421733323776,-0.00407,-0.00539,0.01069,0.01264,-0.05223,-0.00662,0.03715,0.06444
1700030421799476480,-0.00433,-0.00543,0.01066,0.01272,-0.05219,-0.00486,0.02933,0.06006
1700030421865620992,-0.00527,-0.00488,0.01028,0.01254,-0.05538,0.00066,0.03887,0.06766
1700030421931757824,-0.00529,-0.00521,0.01034,0.01272,-0.05714,0.00102,0.04326,0.07168
1700030421997886464,-0.00529,-0.00521,0.01034,0.01272,-0.05714,0.00102,0.04326,0.07168
1700030422064007168,-0.00553,-0.00536,0.01023,0.01280,-0.05686,0.00249,0.03575,0.06721
1700030422130119680,-0.00550,-0.00539,0.01022,0.01280,-0.05716,0.00244,0.03671,0.06798
1700030422196187648,-0.00549,-0.00540,0.01022,0.01280,-0.05713,0.00236,0.03654,0.06786
1700030422262404352,-0.00541,-0.00602,0.01003,0.01289,-0.05886,0.00138,0.04650,0.07502
1700030422328613632,-0.00541,-0.00602,0.01003,0.01289,-0.05886,0.00138,0.04650,0.07502
1700030422394814720,-0.00555,-0.00632,0.00998,0.01305,-0.05941,0.00166,0.04380,0.07383
1700030422461007872,-0.00552,-0.00679,0.00997,0.01326,-0.05922,0.00185,0.03716,0.06993
1700030422527192832,-0.00473,-0.00749,0.01010,0.01343,-0.05790,-0.00207,0.03458,0.06747
1700030422593370112,-0.00473,-0.00643,0.00954,0.01244,-0.05327,-0.00361,0.01499,0.05546
1700030422659539456,-0.00445,-0.00622,0.00965,0.01231,-0.05032,-0.00316,0.01279,0.05201
1700030422725700864,-0.00445,-0.00622,0.00965,0.01231,-0.05032,-0.00316,0.01279,0.05201
1700030422791854080,-0.00376,-0.00710,0.00984,0.01270,-0.05371,-0.00731,0.02442,0.05945
1700030422857999872,-0.00376,-0.00711,0.00984,0.01271,-0.05394,-0.00731,0.02508,0.05994
1700030422924137472,-0.00376,-0.00711,0.00984,0.01271,-0.05394,-0.00731,0.02508,0.05994
1700030422990266880,-0.00376,-0.00711,0.00984,0.01271,-0.05394,-0.00731,0.02508,0.05994
1700030423056388608,-0.00399,-0.00715,0.00976,0.01274,-0.05486,-0.00527,0.02398,0.06010
1700030423122502400,-0.00447,-0.00687,0.00993,0.01287,-0.05781,-0.00297,0.04481,0.07321
1700030423188572160,-0.00447,-0.00687,0.00993,0.01287,-0.05781,-0.00297,0.04481,0.07321
1700030423254790656,-0.00447,-0.00687,0.00993,0.01287,-0.05781,-0.00297,0.04481,0.07321
1700030423321000704,-0.00447,-0.00687,0.00993,0.01287,-0.05781,-0.00297,0.04481,0.07321
1700030423387203328,-0.00447,-0.00687,0.00993,0.01287,-0.05781,-0.00297,0.04481,0.07321
1700030423453398016,-0.00447,-0.00687,0.00993,0.01287,-0.05781,-0.00297,0.04481,0.07321
1700030423519584768,-0.00465,-0.00670,0.00981,0.01275,-0.05975,-0.00111,0.05328,0.08006
1700030423585763584,-0.00465,-0.00670,0.00981,0.01275,-0.05975,-0.00111,0.05328,0.08006
1700030423639916800,-0.00477,-0.00677,0.00975,0.01280,-0.05975,-0.00067,0.04971,0.07773
1700030423706050048,-0.00510,-0.00657,0.00956,0.01267,-0.06072,0.00023,0.05211,0.08001
1700030423772175104,-0.00576,-0.00657,0.00934,0.01279,-0.05666,0.00077,0.02190,0.06075
1700030423838291456,-0.00570,-0.00637,0.00931,0.01264,-0.05500,-0.00010,0.01267,0.05644
1700030423904400896,-0.00547,-0.00593,0.00928,0.01230,-0.05227,0.00057,0.00698,0.05274
1700030423970502656,-0.00296,-0.00446,0.00890,0.01039,-0.05801,0.01114,0.01902,0.06206
1700030424036596480,-0.00215,-0.00403,0.01018,0.01116,-0.04931,0.00733,0.01498,0.05205
1700030424102682368,-0.00260,-0.00320,0.01013,0.01094,-0.04919,0.02046,-0.00764,0.05382
1700030424168760576,-0.00291,-0.00284,0.01054,0.01130,-0.05007,0.02730,-0.00495,0.05724
1700030424234892800,-0.00283,-0.00250,0.01027,0.01094,-0.04486,0.03950,0.01564,0.06179
1700030424301073664,-0.00301,-0.00190,0.00893,0.00962,-0.05904,0.03676,0.02196,0.07293
1700030424367247360,-0.00321,-0.00145,0.00785,0.00861,-0.06424,0.03195,0.01085,0.07257
1700030424433413632,-0.00232,-0.00103,0.00808,0.00847,-0.05922,0.02877,-0.00727,0.06624
1700030424499571968,-0.00198,-0.00123,0.00776,0.00811,-0.05497,0.02767,0.00034,0.06154
1700030424565722624,-0.00198,-0.00100,0.00775,0.00806,-0.05572,0.01886,0.01245,0.06013
1700030424631865856,-0.00180,-0.00025,0.00924,0.00942,-0.05727,0.00821,0.01416,0.05956
1700030424698000896,-0.00168,-0.00025,0.00981,0.00996,-0.05700,0.01482,-0.01082,0.05988
1700030424764127744,-0.00158,-0.00049,0.01006,0.01019,-0.05629,0.01832,-0.00609,0.05951
1700030424830247424,-0.00176,-0.00060,0.01032,0.01049,-0.05729,0.02335,0.00255,0.06191
1700030424896359680,-0.00178,-0.00085,0.01052,0.01071,-0.05596,0.02646,0.00400,0.06203
1700030424962463744,-0.00189,-0.00085,0.01056,0.01076,-0.05834,0.02766,0.01224,0.06571
1700030425028560640,-0.00218,-0.00007,0.01102,0.01123,-0.06696,0.02963,-0.00503,0.07339
1700030425094649600,-0.00228,-0.00056,0.01085,0.01110,-0.06013,0.03363,-0.01094,0.06976
1700030425160729856,-0.00253,-0.00062,0.01030,0.01063,-0.05869,0.03189,-0.00226,0.06683
1700030425227025920,-0.00229,-0.00074,0.01014,0.01042,-0.05649,0.03599,0.00929,0.06762
1700030425308249344,-0.00227,-0.00046,0.01066,0.01091,-0.06388,0.03242,0.02510,0.07591
1700030425375658240,-0.00269,-0.00023,0.01100,0.01133,-0.06760,0.03053,0.01959,0.07671
1700030425443079424,-0.00278,-0.00008,0.01115,0.01149,-0.06872,0.03022,0.01452,0.07647
1700030425510513664,-0.00276,-0.00012,0.01108,0.01142,-0.06915,0.03280,0.01478,0.07795
1700030425577960192,-0.00276,-0.00005,0.01103,0.01137,-0.06854,0.04395,0.00454,0.08154
1700030425645419520,-0.00308,0.00020,0.01109,0.01152,-0.07200,0.05272,0.01610,0.09067
1700030425712891904,-0.00290,0.00017,0.01108,0.01145,-0.06899,0.05149,-0.00356,0.08616
1700030425767077888,-0.00301,0.00003,0.01112,0.01152,-0.07052,0.04362,-0.00015,0.08292
1700030425834540288,-0.00307,-0.00004,0.01109,0.01150,-0.06893,0.03756,-0.01378,0.07970
1700030425902015744,-0.00296,-0.00019,0.01106,0.01145,-0.06959,0.03179,-0.01058,0.07723
1700030425969503488,-0.00295,-0.00028,0.01116,0.01155,-0.07093,0.03396,-0.01705,0.08046
1700030426037004032,-0.00292,-0.00033,0.01109,0.01147,-0.07096,0.03477,-0.01594,0.08062
1700030426104516096,-0.00295,-0.00046,0.01096,0.01136,-0.07323,0.03478,0.00731,0.08139
1700030426172041984,-0.00340,-0.00063,0.01103,0.01156,-0.08831,0.03996,0.01870,0.09872
1700030426238824448,-0.00354,-0.00117,0.01096,0.01158,-0.10231,0.02907,-0.00240,0.10639
1700030426305226752,-0.00380,-0.00146,0.01126,0.01197,-0.10783,0.01661,-0.01720,0.11045
1700030426371418112,-0.00371,-0.00144,0.01103,0.01173,-0.10826,0.00458,-0.02092,0.11035
1700030426437601792,-0.00349,-0.00150,0.01054,0.01121,-0.11041,-0.00295,-0.00564,0.11059
1700030426503777280,-0.00311,-0.00155,0.01027,0.01084,-0.11239,-0.01164,0.01648,0.11418
1700030426569946624,-0.00334,-0.00174,0.01030,0.01097,-0.11894,-0.01420,-0.00315,0.11983
1700030426636108288,-0.00342,-0.00179,0.01033,0.01103,-0.12099,-0.01357,-0.00230,0.12177
1700030426702263040,-0.00341,-0.00130,0.01019,0.01083,-0.12745,0.01486,0.01257,0.12893
1700030426768410368,-0.00356,-0.00115,0.00967,0.01037,-0.13703,0.02673,0.02225,0.14137
1700030426834550528,-0.00353,-0.00139,0.00948,0.01022,-0.14345,0.02190,0.00755,0.14531
1700030426900683264,-0.00367,-0.00130,0.00914,0.00993,-0.14279,0.01255,-0.00763,0.14354
1700030426966807552,-0.00357,-0.00144,0.00914,0.00991,-0.12887,0.00253,-0.01043,0.12932
1700030427032925696,-0.00317,-0.00126,0.00909,0.00971,-0.11989,-0.00208,0.00570,0.12005
1700030427099036416,-0.00281,-0.00117,0.00937,0.00985,-0.11944,-0.01279,0.01454,0.12100
1700030427165139968,-0.00302,-0.00115,0.01011,0.01062,-0.11587,-0.01779,-0.00432,0.11731
1700030427231236096,-0.00282,-0.00082,0.01017,0.01058,-0.11534,-0.00328,-0.00885,0.11572
1700030427297385984,-0.00284,-0.00090,0.01018,0.01060,-0.11547,-0.00073,-0.01039,0.11593
1700030427363585536,-0.00291,-0.00097,0.01015,0.01060,-0.11699,0.00401,-0.01201,0.11768
1700030427429776896,-0.00284,-0.00106,0.00999,0.01044,-0.11759,0.00583,-0.01502,0.11869
1700030427495961856,-0.00297,-0.00114,0.00980,0.01030,-0.11968,0.01427,-0.02380,0.12286
1700030427562140160,-0.00288,-0.00123,0.00991,0.01039,-0.11657,0.01468,-0.02011,0.11920
1700030427628311296,-0.00295,-0.00096,0.01002,0.01048,-0.12219,0.01371,-0.00663,0.12314
1700030427694475520,-0.00311,-0.00092,0.01018,0.01069,-0.13021,-0.00328,0.00575,0.13038
1700030427760632064,-0.00316,-0.00086,0.01026,0.01077,-0.13302,-0.00764,0.00758,0.13346
1700030427826780928,-0.00314,-0.00087,0.01020,0.01071,-0.13340,-0.00819,0.00939,0.13398
1700030427892923904,-0.00318,-0.00087,0.01014,0.01066,-0.13520,-0.00338,0.01296,0.13586
1700030427959059200,-0.00327,-0.00083,0.01009,0.01064,-0.14013,0.00181,0.02423,0.14222
1700030428025188096,-0.00339,-0.00090,0.01003,0.01062,-0.14338,0.00940,0.00697,0.14386
1700030428091309312,-0.00349,-0.00101,0.00992,0.01057,-0.14733,0.01933,-0.00154,0.14860
1700030428157423616,-0.00310,-0.00116,0.00999,0.01052,-0.14169,0.01991,-0.00112,0.14309
1700030428223531008,-0.00320,-0.00124,0.01027,0.01082,-0.13965,0.02215,0.00304,0.14143
1700030428289833216,-0.00307,-0.00135,0.01005,0.01060,-0.14097,0.02299,0.00750,0.14303
1700030428356452096,-0.00316,-0.00118,0.01077,0.01128,-0.13392,0.02861,0.00437,0.13701
1700030428422951424,-0.00326,-0.00093,0.01081,0.01133,-0.13232,0.03180,0.00315,0.13613
1700030428489448192,-0.00343,-0.00082,0.01089,0.01145,-0.13264,0.03138,-0.00193,0.13632
1700030428555941120,-0.00359,-0.00087,0.01103,0.01163,-0.14067,0.03286,0.01990,0.14582
1700030428622430976,-0.00395,-0.00067,0.01117,0.01187,-0.14463,0.03769,0.01712,0.15044
1700030428688917760,-0.00409,-0.00069,0.01129,0.01202,-0.14476,0.04078,0.01163,0.15085
1700030428755400448,-0.00417,-0.00078,0.01143,0.01219,-0.14515,0.04056,0.01277,0.15125
1700030428821880832,-0.00420,-0.00076,0.01143,0.01220,-0.14594,0.04659,0.01461,0.15389
1700030428888358144,-0.00410,-0.00063,0.01155,0.01227,-0.13945,0.03603,0.03265,0.14769
1700030428954832384,-0.00414,-0.00063,0.01154,0.01227,-0.14094,0.03484,0.03727,0.14989
1700030429021303040,-0.00425,-0.00063,0.01168,0.01244,-0.14055,0.03263,0.03363,0.14816
1700030429087770624,-0.00425,-0.00063,0.01168,0.01244,-0.14055,0.03263,0.03363,0.14816
1700030429154234112,-0.00453,-0.00053,0.01183,0.01268,-0.15127,0.03514,0.01980,0.15656
1700030429220695552,-0.00467,-0.00053,0.01171,0.01262,-0.15787,0.03910,0.01761,0.16359
1700030429287169280,-0.00472,-0.00050,0.01176,0.01268,-0.15829,0.03837,0.01542,0.16360
1700030429353912832,-0.00493,-0.00040,0.01152,0.01253,-0.16915,0.05289,0.02207,0.17859
1700030429420545792,-0.00493,-0.00040,0.01152,0.01253,-0.16915,0.05289,0.02207,0.17859
1700030429487182848,-0.00493,-0.00040,0.01152,0.01253,-0.16915,0.05289,0.02207,0.17859
1700030429553823744,-0.00474,-0.00061,0.01154,0.01249,-0.15856,0.04003,0.02847,0.16599
1700030429620467712,-0.00478,-0.00059,0.01149,0.01246,-0.16131,0.04227,0.02579,0.16874
1700030429687116800,-0.00477,-0.00060,0.01147,0.01244,-0.16116,0.04215,0.02636,0.16865
1700030429753770240,-0.00481,-0.00057,0.01153,0.01250,-0.16066,0.04272,0.02388,0.16795
1700030429820427520,-0.00481,-0.00057,0.01153,0.01250,-0.16066,0.04272,0.02388,0.16795
1700030429887088896,-0.00481,-0.00057,0.01153,0.01250,-0.16066,0.04272,0.02388,0.16795
1700030429953754368,-0.00482,-0.00055,0.01151,0.01249,-0.16183,0.04374,0.02566,0.16959
1700030430020423936,-0.00482,-0.00055,0.01151,0.01249,-0.16183,0.04374,0.02566,0.16959
1700030430087096576,-0.00488,-0.00051,0.01133,0.01235,-0.17144,0.05426,0.02507,0.18157
1700030430153774336,-0.00488,-0.00051,0.01133,0.01235,-0.17144,0.05426,0.02507,0.18157
1700030430220455936,-0.00488,-0.00051,0.01133,0.01235,-0.17144,0.05426,0.02507,0.18157
1700030430287002112,-0.00488,-0.00051,0.01133,0.01235,-0.17144,0.05426,0.02507,0.18157
1700030430353129216,-0.00483,-0.00050,0.01121,0.01222,-0.17866,0.06326,0.00193,0.18954
1700030430419414784,-0.00483,-0.00050,0.01121,0.01222,-0.17866,0.06326,0.00193,0.18954
1700030430485694208,-0.00483,-0.00050,0.01121,0.01222,-0.17866,0.06326,0.00193,0.18954
1700030430551969280,-0.00483,-0.00050,0.01121,0.01222,-0.17866,0.06326,0.00193,0.18954
1700030430618238976,-0.00483,-0.00050,0.01121,0.01222,-0.17866,0.06326,0.00193,0.18954
1700030430684503552,-0.00483,-0.00050,0.01121,0.01222,-0.17866,0.06326,0.00193,0.18954
1700030430750763008,-0.00483,-0.00050,0.01121,0.01222,-0.17866,0.06326,0.00193,0.18954
1700030430817016832,-0.00481,-0.00053,0.01134,0.01233,-0.16959,0.05275,0.01690,0.17841
1700030430883265792,-0.00481,-0.00053,0.01134,0.01233,-0.16959,0.05275,0.01690,0.17841
1700030430949508096,-0.00510,-0.00087,0.01124,0.01238,-0.18558,0.03955,-0.00406,0.18979
1700030431015746560,-0.00504,-0.00082,0.01118,0.01229,-0.19281,0.04553,-0.03230,0.20073
1700030431081979392,-0.00458,-0.00028,0.01114,0.01204,-0.18754,0.08573,-0.05282,0.21286
1700030431148207104,-0.00458,-0.00028,0.01114,0.01204,-0.18754,0.08573,-0.05282,0.21286
1700030431214429696,-0.00458,-0.00028,0.01114,0.01204,-0.18754,0.08573,-0.05282,0.21286
1700030431280842240,-0.00458,-0.00028,0.01114,0.01204,-0.18754,0.08573,-0.05282,0.21286
1700030431347757824,-0.00480,-0.00029,0.01099,0.01199,-0.21146,0.08967,-0.02853,0.23146
1700030431414487040,-0.00483,-0.00032,0.01101,0.01203,-0.21197,0.08621,-0.02327,0.23001
1700030431481223168,-0.00483,-0.00032,0.01101,0.01203,-0.21197,0.08621,-0.02327,0.23001
1700030431547964928,-0.00484,-0.00033,0.01100,0.01202,-0.21379,0.08689,-0.02729,0.23238
1700030431614712576,-0.00488,-0.00025,0.01094,0.01198,-0.22295,0.09850,-0.04378,0.24764
1700030431681465856,-0.00488,-0.00025,0.01094,0.01198,-0.22295,0.09850,-0.04378,0.24764
1700030431748224768,-0.00488,-0.00025,0.01094,0.01198,-0.22295,0.09850,-0.04378,0.24764
1700030431814988800,-0.00488,-0.00005,0.01078,0.01184,-0.23172,0.12088,-0.04421,0.26507
1700030431881759488,-0.00487,0.00001,0.01074,0.01179,-0.23318,0.12722,-0.04735,0.26981
1700030431948536064,-0.00480,0.00001,0.01082,0.01184,-0.22376,0.12528,-0.05951,0.26326
1700030432015318272,-0.00480,0.00001,0.01082,0.01184,-0.22376,0.12528,-0.05951,0.26326
1700030432082106368,-0.00471,0.00004,0.01086,0.01184,-0.21586,0.12576,-0.06726,0.25871
1700030432148900608,-0.00472,0.00004,0.01086,0.01184,-0.21614,0.12600,-0.06734,0.25909
1700030432215700224,-0.00483,-0.00001,0.01090,0.01193,-0.21817,0.12169,-0.05245,0.25526
1700030432282278656,-0.00483,-0.00001,0.01090,0.01193,-0.21817,0.12169,-0.05245,0.25526
1700030432348790784,-0.00483,-0.00001,0.01090,0.01193,-0.21817,0.12169,-0.05245,0.25526
1700030432415942656,-0.00470,-0.00003,0.01100,0.01196,-0.20629,0.11368,-0.06164,0.24347
1700030432483100416,-0.00470,-0.00003,0.01100,0.01196,-0.20629,0.11368,-0.06164,0.24347
1700030432550264320,-0.00467,-0.00003,0.01106,0.01201,-0.20647,0.11089,-0.04956,0.23954
1700030432617434112,-0.00467,-0.00003,0.01106,0.01201,-0.20647,0.11089,-0.04956,0.23954
1700030432684610048,-0.00458,-0.00006,0.01120,0.01210,-0.20105,0.10130,-0.02354,0.22635
1700030432751791104,-0.00464,-0.00007,0.01120,0.01213,-0.20778,0.10239,-0.00857,0.23180
1700030432818979072,-0.00475,-0.00015,0.01115,0.01212,-0.21579,0.09913,-0.02601,0.23890
1700030432886172928,-0.00485,-0.00015,0.01114,0.01216,-0.22133,0.10317,-0.03243,0.24634
1700030432953372928,-0.00485,-0.00015,0.01114,0.01216,-0.22133,0.10317,-0.03243,0.24634
1700030433020579072,-0.00496,-0.00007,0.01100,0.01207,-0.23006,0.11534,-0.02661,0.25872
1700030433087791104,-0.00498,-0.00004,0.01098,0.01205,-0.23162,0.12053,-0.03117,0.26295
1700030433155008256,-0.00505,-0.00014,0.01104,0.01214,-0.23371,0.10917,-0.01306,0.25829
1700030433222232320,-0.00504,-0.00009,0.01097,0.01208,-0.23318,0.11848,-0.02148,0.26243
1700030433289462528,-0.00505,-0.00009,0.01097,0.01208,-0.23384,0.11887,-0.02131,0.26319
1700030433356695552,-0.00555,-0.00063,0.01151,0.01279,-0.21968,0.14850,-0.01665,0.26568
1700030433423523840,-0.00580,-0.00086,0.01157,0.01297,-0.21214,0.17849,-0.00726,0.27733
1700030433490631680,-0.00571,-0.00062,0.01162,0.01296,-0.21396,0.19886,-0.00127,0.29211
1700030433557749504,-0.00559,-0.00048,0.01148,0.01277,-0.21989,0.18946,-0.01115,0.29046
1700030433624877056,-0.00560,-0.00048,0.01123,0.01255,-0.21210,0.19712,-0.01700,0.29006
1700030433692015616,-0.00589,-0.00081,0.01085,0.01237,-0.20390,0.19794,-0.02705,0.28546
1700030433759164928,-0.00569,-0.00073,0.01113,0.01252,-0.20509,0.19421,-0.00418,0.28248
1700030433826324736,-0.00518,-0.00037,0.01142,0.01254,-0.20962,0.18675,0.00975,0.28091
1700030433893495040,-0.00511,-0.00009,0.01154,0.01262,-0.20506,0.19106,-0.00934,0.28043
1700030433960675840,-0.00517,0.00005,0.01172,0.01281,-0.20255,0.19494,-0.00417,0.28115
1700030434027866880,-0.00530,-0.00002,0.01191,0.01304,-0.19839,0.20003,0.00283,0.28175
1700030434095067392,-0.00519,0.00015,0.01199,0.01307,-0.20940,0.21297,0.02070,0.29939
1700030434162279680,-0.00517,0.00031,0.01167,0.01277,-0.21315,0.22099,0.02907,0.30840
1700030434229501952,-0.00530,0.00048,0.01114,0.01234,-0.22101,0.23528,-0.00151,0.32280
1700030434296734976,-0.00535,0.00026,0.01080,0.01206,-0.22331,0.22553,-0.01031,0.31754
1700030434363978752,-0.00554,-0.00014,0.01068,0.01203,-0.20572,0.21992,-0.00137,0.30115
1700030434430983936,-0.00528,-0.00028,0.01086,0.01208,-0.20459,0.21851,0.00393,0.29936
1700030434497754112,-0.00525,-0.00015,0.01084,0.01205,-0.20574,0.20326,-0.00934,0.28936
1700030434564531200,-0.00512,-0.00002,0.01068,0.01184,-0.20800,0.20708,-0.00968,0.29367
1700030434631315200,-0.00513,-0.00001,0.01058,0.01176,-0.20549,0.21390,0.00119,0.29662
1700030434698105344,-0.00513,-0.00003,0.01061,0.01178,-0.21323,0.22320,0.02120,0.30941
1700030434764901888,-0.00508,0.00016,0.01045,0.01162,-0.23680,0.23677,0.02689,0.33595
1700030434831704832,-0.00498,0.00044,0.01028,0.01143,-0.25355,0.22763,0.01785,0.34121
1700030434898514432,-0.00490,0.00049,0.01008,0.01122,-0.25938,0.20352,0.00487,0.32973
1700030434965329408,-0.00488,0.00046,0.00986,0.01101,-0.25860,0.19317,0.00413,0.32281
1700030435032151808,-0.00504,0.00025,0.00968,0.01091,-0.24363,0.18021,0.00551,0.30308
1700030435098980096,-0.00510,0.00022,0.00962,0.01089,-0.20805,0.16747,0.00220,0.26708
1700030435165815296,-0.00471,0.00036,0.00984,0.01092,-0.20308,0.16500,0.00300,0.26168
1700030435232657152,-0.00466,0.00037,0.00979,0.01085,-0.20430,0.17083,-0.00099,0.26631
1700030435299505152,-0.00472,0.00008,0.00967,0.01077,-0.20438,0.17431,0.00664,0.26870
1700030435366359808,-0.00450,0.00028,0.00951,0.01052,-0.21752,0.18050,-0.00996,0.28283
1700030435433129216,-0.00441,0.00048,0.00929,0.01029,-0.24276,0.17222,-0.01464,0.29801
1700030435500065792,-0.00446,0.00040,0.00927,0.01030,-0.23252,0.16575,-0.03445,0.28762
1700030435567259904,-0.00438,0.00023,0.00926,0.01025,-0.22765,0.15719,-0.02736,0.27799
1700030435634460160,-0.00433,0.00008,0.00919,0.01016,-0.22390,0.15267,-0.02370,0.27203
1700030435701667072,-0.00419,-0.00026,0.00924,0.01014,-0.20762,0.13540,-0.02789,0.24944
1700030435768880128,-0.00402,-0.00019,0.00902,0.00988,-0.21026,0.12713,-0.03456,0.24813
1700030435836098560,-0.00380,-0.00014,0.00891,0.00968,-0.21350,0.12092,-0.03755,0.24822
1700030435903324672,-0.00375,-0.00006,0.00887,0.00963,-0.21299,0.11658,-0.03565,0.24541
1700030435970557184,-0.00370,-0.00004,0.00902,0.00975,-0.21288,0.11016,-0.01226,0.24001
1700030436037795840,-0.00331,0.00011,0.00935,0.00992,-0.22437,0.09609,0.00679,0.24417
1700030436105041152,-0.00327,0.00013,0.00935,0.00990,-0.22441,0.09438,0.00669,0.24354
1700030436172292608,-0.00322,0.00012,0.00934,0.00988,-0.22385,0.09344,0.00742,0.24268
1700030436239550720,-0.00322,0.00012,0.00934,0.00988,-0.22385,0.09344,0.00742,0.24268
1700030436306814208,-0.00339,0.00008,0.00933,0.00992,-0.21780,0.08842,0.00956,0.23526
1700030436374084864,-0.00339,0.00008,0.00933,0.00992,-0.21780,0.08842,0.00956,0.23526
1700030436441362432,-0.00339,0.00008,0.00933,0.00992,-0.21780,0.08842,0.00956,0.23526
1700030436508172544,-0.00342,0.00005,0.00934,0.00994,-0.21624,0.08170,-0.00301,0.23118
1700030436574512896,-0.00315,0.00019,0.00919,0.00971,-0.22171,0.05908,0.01715,0.23009
1700030436640848640,-0.00292,0.00009,0.00926,0.00971,-0.22336,0.04701,0.02782,0.22995
1700030436707179776,-0.00273,0.00036,0.00931,0.00971,-0.21400,0.01811,0.02778,0.21655
1700030436773505280,-0.00278,0.00042,0.00931,0.00972,-0.22327,0.01204,0.01623,0.22418
1700030436839826944,-0.00221,-0.00005,0.00925,0.00951,-0.23430,0.01947,0.03139,0.23720
1700030436906144256,-0.00212,-0.00006,0.00920,0.00944,-0.24037,0.01204,0.05432,0.24673
1700030436972456448,-0.00208,0.00008,0.00920,0.00943,-0.24272,0.00628,0.04661,0.24723
1700030437038764544,-0.00221,0.00035,0.00927,0.00954,-0.24555,0.00309,0.04529,0.24971
1700030437105067776,-0.00204,0.00068,0.00954,0.00977,-0.25106,0.00956,0.02482,0.25246
1700030437171365376,-0.00234,0.00080,0.00927,0.00959,-0.24128,0.02097,0.01736,0.24281
1700030437237659136,-0.00240,0.00072,0.00927,0.00960,-0.25318,0.02380,0.03437,0.25661
1700030437303948288,-0.00244,0.00070,0.00921,0.00955,-0.25807,0.01644,0.02407,0.25971
1700030437370232832,-0.00257,0.00073,0.00901,0.00940,-0.25638,0.00807,0.01891,0.25720
1700030437436513024,-0.00262,0.00081,0.00892,0.00933,-0.24994,-0.00254,0.02745,0.25146
1700030437502828800,-0.00246,0.00057,0.00894,0.00929,-0.23459,-0.00752,0.03220,0.23691
1700030437569176832,-0.00248,0.00053,0.00902,0.00936,-0.21993,-0.01766,0.01737,0.22132
1700030437635519232,-0.00241,0.00049,0.00914,0.00947,-0.21681,-0.01854,0.01151,0.21791
1700030437701858048,-0.00226,0.00056,0.00913,0.00942,-0.22186,-0.01287,0.00816,0.22238
1700030437768192256,-0.00221,0.00061,0.00909,0.00938,-0.22381,0.00310,0.00396,0.22386
1700030437834522112,-0.00228,0.00057,0.00892,0.00923,-0.22303,0.01596,0.00615,0.22369
1700030437900846848,-0.00230,0.00054,0.00888,0.00919,-0.21294,0.01532,-0.01690,0.21416
1700030437967167488,-0.00242,0.00036,0.00874,0.00908,-0.20108,0.01416,-0.02736,0.20343
1700030438033483520,-0.00247,0.00025,0.00863,0.00898,-0.18889,0.00631,-0.01196,0.18937
1700030438099793408,-0.00237,0.00036,0.00868,0.00901,-0.18766,-0.00081,0.01929,0.18865
1700030438166099968,-0.00240,0.00047,0.00871,0.00905,-0.19312,0.00367,0.01266,0.19357
1700030438232402432,-0.00238,0.00056,0.00873,0.00907,-0.19230,0.00494,0.01037,0.19264
1700030438298699520,-0.00249,0.00042,0.00875,0.00910,-0.18739,0.00842,0.01622,0.18828
1700030438364992256,-0.00245,0.00049,0.00873,0.00908,-0.18946,0.01043,0.01031,0.19003
1700030438431280896,-0.00242,0.00054,0.00863,0.00898,-0.19481,0.03047,-0.00079,0.19718
1700030438497602304,-0.00245,0.00046,0.00862,0.00897,-0.18874,0.02720,-0.02510,0.19233
1700030438563955200,-0.00253,0.00018,0.00847,0.00884,-0.18378,0.03063,-0.03177,0.18900
1700030438630303744,-0.00253,0.00006,0.00840,0.00877,-0.18235,0.03086,-0.02344,0.18642
1700030438696647680,-0.00248,0.00031,0.00855,0.00890,-0.19527,0.02825,0.01602,0.19795
1700030438762987264,-0.00251,0.00057,0.00876,0.00913,-0.19787,0.02459,0.02561,0.20103
1700030438829321984,-0.00249,0.00063,0.00882,0.00918,-0.19563,0.02759,0.02364,0.19898
1700030438895651840,-0.00250,0.00066,0.00883,0.00920,-0.19275,0.03321,0.02107,0.19672
1700030438961976320,-0.00249,0.00069,0.00883,0.00920,-0.19231,0.03617,0.01687,0.19641
1700030439028297472,-0.00244,0.00068,0.00875,0.00911,-0.20090,0.05900,-0.00541,0.20945
1700030439094613760,-0.00250,0.00058,0.00868,0.00905,-0.19568,0.05390,-0.01810,0.20377
1700030439160925696,-0.00251,0.00055,0.00867,0.00904,-0.19769,0.05428,-0.01943,0.20592
1700030439227232768,-0.00248,0.00047,0.00869,0.00905,-0.19394,0.04679,-0.01326,0.19994
1700030439293535488,-0.00235,0.00053,0.00873,0.00905,-0.19039,0.04761,-0.00144,0.19626
1700030439359833600,-0.00234,0.00055,0.00873,0.00906,-0.18838,0.04731,0.00155,0.19423
1700030439426126080,-0.00234,0.00055,0.00873,0.00906,-0.18827,0.04893,-0.00018,0.19453
1700030439492452096,-0.00234,0.00055,0.00873,0.00906,-0.18804,0.04835,0.00096,0.19416
1700030439558807552,-0.00237,0.00056,0.00868,0.00902,-0.19029,0.06185,-0.01296,0.20051
1700030439625158912,-0.00242,0.00057,0.00861,0.00896,-0.19582,0.08093,-0.01585,0.21248
1700030439691504896,-0.00242,0.00057,0.00863,0.00898,-0.19219,0.07727,-0.01999,0.20811
1700030439757846528,-0.00249,0.00057,0.00865,0.00902,-0.19241,0.06028,-0.00752,0.20177
1700030439824182784,-0.00250,0.00054,0.00870,0.00906,-0.18905,0.05250,-0.01759,0.19699
1700030439890515456,-0.00251,0.00041,0.00861,0.00898,-0.18359,0.04126,-0.02535,0.18987
1700030439956843520,-0.00250,0.00041,0.00861,0.00898,-0.18388,0.04127,-0.02521,0.19013
1700030440023166976,-0.00248,0.00036,0.00861,0.00896,-0.18707,0.04327,-0.02474,0.19360
1700030440089485568,-0.00274,0.00006,0.00807,0.00852,-0.17214,0.06505,-0.02407,0.18559
1700030440155799808,-0.00275,0.00011,0.00828,0.00872,-0.16862,0.07008,-0.03543,0.18601
1700030440222109440,-0.00275,0.00011,0.00830,0.00875,-0.16555,0.06902,-0.03704,0.18315
1700030440288413184,-0.00276,0.00006,0.00828,0.00873,-0.16318,0.06979,-0.03282,0.18049
1700030440354713856,-0.00272,-0.00003,0.00830,0.00873,-0.17051,0.07460,-0.01455,0.18669
1700030440421009664,-0.00264,0.00008,0.00834,0.00875,-0.17793,0.07042,0.00349,0.19139
1700030440487337472,-0.00268,0.00016,0.00841,0.00883,-0.18212,0.06719,-0.00157,0.19413
1700030440553694720,-0.00269,0.00016,0.00843,0.00885,-0.18320,0.06657,-0.00622,0.19502
1700030440620047360,-0.00269,0.00024,0.00843,0.00886,-0.18653,0.07439,-0.01014,0.20108
1700030440686394880,-0.00267,0.00025,0.00841,0.00883,-0.19324,0.08703,-0.02053,0.21292
1700030440752737280,-0.00265,0.00013,0.00836,0.00877,-0.19275,0.07508,-0.01400,0.20733
1700030440819075840,-0.00271,0.00004,0.00830,0.00873,-0.19056,0.08200,-0.01282,0.20785
1700030440885409792,-0.00277,-0.00016,0.00820,0.00866,-0.18194,0.08085,-0.00549,0.19917
1700030440951739392,-0.00280,-0.00023,0.00820,0.00867,-0.17995,0.08204,-0.00129,0.19777
1700030441018064128,-0.00286,-0.00026,0.00825,0.00874,-0.18213,0.08571,0.00277,0.20131
1700030441084384000,-0.00289,-0.00025,0.00824,0.00873,-0.18678,0.08949,0.00378,0.20714
1700030441150698496,-0.00290,-0.00028,0.00822,0.00872,-0.18591,0.09033,0.00617,0.20679
1700030441217009408,-0.00290,-0.00021,0.00820,0.00870,-0.19026,0.09803,0.02901,0.21599
1700030441283315456,-0.00295,-0.00023,0.00814,0.00866,-0.19292,0.11220,0.01623,0.22377
1700030441349616896,-0.00294,-0.00017,0.00813,0.00864,-0.22427,0.10676,0.00735,0.24849
1700030441415913728,-0.00293,-0.00023,0.00814,0.00866,-0.22547,0.09948,-0.00363,0.24647
1700030441482451456,-0.00286,-0.00007,0.00815,0.00864,-0.22938,0.09418,-0.00835,0.24810
1700030441549235456,-0.00286,-0.00003,0.00816,0.00865,-0.22896,0.08899,-0.00891,0.24581
1700030441616025088,-0.00289,-0.00014,0.00805,0.00856,-0.21984,0.07803,-0.01802,0.23397
1700030441682821632,-0.00295,-0.00019,0.00794,0.00848,-0.20812,0.07488,-0.01107,0.22146
1700030441749624832,-0.00302,-0.00031,0.00793,0.00849,-0.20607,0.07915,-0.00234,0.22076
1700030441816434176,-0.00316,-0.00029,0.00791,0.00852,-0.22792,0.09031,0.01446,0.24559
1700030441883249664,-0.00312,-0.00012,0.00800,0.00859,-0.23647,0.09368,0.02390,0.25547
1700030441950071808,-0.00297,-0.00002,0.00801,0.00855,-0.24439,0.07782,0.01987,0.25725
1700030442016899840,-0.00294,-0.00003,0.00798,0.00851,-0.24920,0.06962,0.02274,0.25974
1700030442083733504,-0.00297,-0.00011,0.00797,0.00850,-0.24791,0.06895,0.02751,0.25878
1700030442150574336,-0.00307,-0.00018,0.00787,0.00845,-0.24616,0.05689,0.00743,0.25276
1700030442217421568,-0.00304,-0.00015,0.00783,0.00839,-0.24687,0.05634,0.00489,0.25326
1700030442284274944,-0.00302,-0.00014,0.00780,0.00837,-0.24706,0.05633,0.00319,0.25342
1700030442351134720,-0.00302,-0.00016,0.00778,0.00835,-0.24394,0.04630,0.01783,0.24894
1700030442418000896,-0.00295,-0.00010,0.00774,0.00828,-0.24796,0.04582,0.02916,0.25384
1700030442484653824,-0.00289,-0.00018,0.00775,0.00828,-0.24993,0.03042,0.00793,0.25190
1700030442551090688,-0.00273,-0.00015,0.00765,0.00813,-0.24680,0.01681,0.00671,0.24747
1700030442617524736,-0.00281,-0.00026,0.00763,0.00814,-0.24144,0.00693,-0.01435,0.24197
1700030442683954688,-0.00276,-0.00027,0.00755,0.00804,-0.22238,0.00360,-0.00789,0.22255
1700030442750381824,-0.00259,-0.00024,0.00748,0.00792,-0.22098,0.00206,0.01586,0.22156
1700030442816805376,-0.00254,-0.00024,0.00746,0.00788,-0.21878,0.00330,0.01619,0.21940
1700030442883225856,-0.00253,-0.00025,0.00745,0.00787,-0.22190,0.00528,0.01034,0.22220
1700030442949641984,-0.00235,0.00011,0.00742,0.00778,-0.21676,0.01635,0.00443,0.21743
1700030443016055296,-0.00250,0.00001,0.00720,0.00762,-0.21674,0.02630,0.00601,0.21841
1700030443082465536,-0.00243,0.00004,0.00727,0.00767,-0.22361,0.02085,0.00179,0.22459
1700030443148872704,-0.00242,0.00005,0.00727,0.00767,-0.22389,0.02052,-0.00006,0.22483
1700030443215276288,-0.00241,-0.00002,0.00729,0.00768,-0.22991,0.01209,0.00645,0.23032
1700030443281676288,-0.00242,-0.00003,0.00730,0.00769,-0.22871,0.01115,0.01372,0.22939
1700030443348072960,-0.00238,-0.00001,0.00732,0.00770,-0.22932,0.01095,0.01800,0.23028
1700030443414465792,-0.00214,0.00001,0.00744,0.00774,-0.22941,-0.00224,0.02651,0.23095
1700030443480881664,-0.00209,0.00003,0.00746,0.00775,-0.22831,-0.00485,0.02991,0.23032
1700030443547318528,-0.00209,0.00003,0.00746,0.00775,-0.22806,-0.00519,0.03077,0.23018
1700030443613751296,-0.00207,0.00007,0.00745,0.00773,-0.23009,-0.00059,0.04095,0.23371
1700030443680181504,-0.00215,0.00009,0.00739,0.00770,-0.23192,0.01532,0.03424,0.23493
1700030443746608128,-0.00215,0.00006,0.00740,0.00770,-0.23163,0.01330,0.03029,0.23398
1700030443813029888,-0.00210,0.00007,0.00743,0.00772,-0.23256,0.01304,0.02051,0.23383
1700030443879449344,-0.00209,0.00007,0.00742,0.00771,-0.23209,0.01317,0.02347,0.23365
1700030443945865728,-0.00209,0.00007,0.00742,0.00771,-0.23209,0.01317,0.02347,0.23365
1700030444012278528,-0.00209,0.00008,0.00742,0.00771,-0.23236,0.01407,0.02471,0.23409
1700030444078688000,-0.00211,0.00008,0.00740,0.00770,-0.23256,0.01847,0.02147,0.23428
1700030444145093632,-0.00207,0.00010,0.00742,0.00771,-0.23386,0.01573,0.03933,0.23766
1700030444211496448,-0.00207,0.00010,0.00742,0.00771,-0.23386,0.01573,0.03933,0.23766
1700030444277894400,-0.00206,0.00010,0.00743,0.00771,-0.23305,0.01571,0.03960,0.23691
1700030444344290304,-0.00203,0.00013,0.00746,0.00774,-0.22462,0.01047,0.04962,0.23027
1700030444410682368,-0.00202,0.00012,0.00747,0.00774,-0.22470,0.00970,0.05023,0.23045
1700030444477179136,-0.00202,0.00012,0.00747,0.00774,-0.22470,0.00970,0.05023,0.23045
1700030444543781376,-0.00200,-0.00000,0.00747,0.00774,-0.24046,-0.00265,0.02503,0.24178
1700030444610384128,-0.00197,-0.00008,0.00751,0.00776,-0.24603,-0.00861,0.01368,0.24656
1700030444676988416,-0.00197,-0.00008,0.00751,0.00776,-0.24603,-0.00861,0.01368,0.24656
1700030444743591936,-0.00198,-0.00008,0.00751,0.00777,-0.24654,-0.00850,0.01511,0.24715
1700030444810197760,-0.00198,-0.00008,0.00751,0.00777,-0.24654,-0.00850,0.01511,0.24715
1700030444876804096,-0.00198,-0.00008,0.00751,0.00777,-0.24654,-0.00850,0.01511,0.24715
1700030444943411456,-0.00201,-0.00006,0.00750,0.00776,-0.24846,-0.00531,0.01783,0.24916
1700030445010019584,-0.00211,-0.00001,0.00746,0.00775,-0.25402,0.00773,0.02657,0.25552
1700030445076628480,-0.00209,0.00003,0.00744,0.00773,-0.25922,0.00897,0.06662,0.26779
1700030445143237120,-0.00208,0.00003,0.00745,0.00774,-0.26043,0.00378,0.08802,0.27493
1700030445209847808,-0.00207,0.00004,0.00748,0.00776,-0.26142,-0.00206,0.10730,0.28259
1700030445276459008,-0.00206,0.00004,0.00749,0.00777,-0.26240,-0.00444,0.11236,0.28548
1700030445343070976,-0.00206,0.00007,0.00749,0.00777,-0.25690,-0.00300,0.11687,0.28225
1700030445409684224,-0.00203,0.00006,0.00751,0.00778,-0.25568,-0.00652,0.11676,0.28116
1700030445476271360,-0.00196,0.00002,0.00755,0.00780,-0.25487,-0.01278,0.11192,0.27866
1700030445543167488,-0.00196,0.00002,0.00755,0.00780,-0.25487,-0.01278,0.11192,0.27866
1700030445610401536,-0.00196,0.00002,0.00755,0.00780,-0.25487,-0.01278,0.11192,0.27866
1700030445677643776,-0.00196,0.00002,0.00755,0.00780,-0.25487,-0.01278,0.11192,0.27866
1700030445744892416,-0.00183,-0.00009,0.00761,0.00783,-0.24944,-0.03069,0.07424,0.26205
1700030445812147712,-0.00182,-0.00010,0.00761,0.00783,-0.24913,-0.03279,0.06709,0.26008
1700030445879409920,-0.00178,-0.00008,0.00763,0.00784,-0.23848,-0.03877,0.06765,0.25091
1700030445946678528,-0.00178,-0.00008,0.00763,0.00784,-0.23848,-0.03877,0.06765,0.25091
1700030446013954304,-0.00173,-0.00006,0.00765,0.00784,-0.23148,-0.04438,0.06720,0.24509
1700030446081235712,-0.00170,-0.00006,0.00765,0.00784,-0.22765,-0.04744,0.06322,0.24098
1700030446148524800,-0.00170,-0.00006,0.00765,0.00784,-0.22765,-0.04744,0.06322,0.24098
1700030446215820288,-0.00165,-0.00006,0.00767,0.00785,-0.22474,-0.05287,0.06068,0.23872
1700030446283122688,-0.00162,-0.00004,0.00765,0.00782,-0.21624,-0.05714,0.04661,0.22847
1700030446350432000,-0.00160,-0.00007,0.00765,0.00781,-0.20752,-0.05442,0.01507,0.21506
1700030446417747712,-0.00159,-0.00008,0.00765,0.00782,-0.20914,-0.05221,0.00873,0.21573
1700030446485069312,-0.00126,0.00014,0.00768,0.00778,-0.22808,-0.05454,-0.00848,0.23466
1700030446551927808,-0.00123,0.00005,0.00755,0.00765,-0.23553,-0.05492,-0.01100,0.24210
1700030446618320640,-0.00118,0.00029,0.00789,0.00799,-0.23016,-0.04757,0.00678,0.23512
1700030446684709632,-0.00098,0.00028,0.00790,0.00797,-0.24908,-0.05549,0.00309,0.25521
1700030446751094016,-0.00097,0.00023,0.00791,0.00798,-0.25216,-0.05829,0.00897,0.25897
1700030446817474048,-0.00092,0.00016,0.00795,0.00801,-0.25634,-0.05988,0.00967,0.26342
1700030446883849984,-0.00087,0.00027,0.00796,0.00802,-0.25774,-0.06287,0.01270,0.26560
1700030446950220288,-0.00088,0.00031,0.00797,0.00803,-0.25815,-0.06251,0.01034,0.26581
1700030447016588032,-0.00086,0.00029,0.00792,0.00797,-0.25614,-0.06112,0.00621,0.26341
1700030447082950912,-0.00069,0.00042,0.00799,0.00803,-0.26129,-0.06551,0.02273,0.27033
1700030447149309952,-0.00054,0.00038,0.00806,0.00809,-0.26276,-0.07487,0.01990,0.27394
1700030447215664384,-0.00054,0.00038,0.00806,0.00809,-0.26276,-0.07487,0.01990,0.27394
1700030447282014720,-0.00054,0.00038,0.00806,0.00809,-0.26276,-0.07487,0.01990,0.27394
1700030447348360448,-0.00054,0.00038,0.00806,0.00809,-0.26276,-0.07487,0.01990,0.27394
1700030447414701312,-0.00054,0.00038,0.00806,0.00809,-0.26276,-0.07487,0.01990,0.27394
1700030447481038592,-0.00054,0.00038,0.00806,0.00809,-0.26276,-0.07487,0.01990,0.27394
1700030447547405312,-0.00054,0.00038,0.00806,0.00809,-0.26276,-0.07487,0.01990,0.27394
1700030447613799168,-0.00050,0.00040,0.00807,0.00810,-0.26470,-0.07910,0.02653,0.27754
1700030447680188416,-0.00050,0.00038,0.00808,0.00811,-0.26505,-0.08274,0.01634,0.27814
1700030447746573568,-0.00045,0.00036,0.00810,0.00812,-0.26728,-0.08849,0.00538,0.28159
1700030447812953344,-0.00027,0.00043,0.00816,0.00817,-0.27481,-0.10296,0.02207,0.29429
1700030447879329792,-0.00028,0.00044,0.00813,0.00815,-0.27182,-0.10411,0.01599,0.29152
1700030447945701632,-0.00025,0.00046,0.00810,0.00812,-0.26944,-0.11448,0.00042,0.29275
1700030448012069376,-0.00025,0.00047,0.00808,0.00810,-0.26920,-0.11924,-0.00898,0.29456
1700030448078432768,-0.00025,0.00047,0.00808,0.00810,-0.26920,-0.11924,-0.00898,0.29456
1700030448144792320,-0.00029,0.00054,0.00802,0.00804,-0.26564,-0.12681,-0.01979,0.29502
1700030448211147008,-0.00029,0.00054,0.00802,0.00804,-0.26564,-0.12681,-0.01979,0.29502
1700030448277496576,-0.00031,0.00050,0.00803,0.00806,-0.26786,-0.12220,-0.01915,0.29505
1700030448343843072,-0.00020,0.00050,0.00807,0.00809,-0.27499,-0.12771,-0.01844,0.30376
1700030448410184960,-0.00010,0.00050,0.00812,0.00813,-0.28498,-0.13358,-0.00920,0.31487
1700030448476522752,-0.00009,0.00051,0.00811,0.00812,-0.28483,-0.13785,-0.01567,0.31682
1700030448543102464,-0.00006,0.00052,0.00811,0.00812,-0.28622,-0.14276,-0.02363,0.32072
1700030448609931008,-0.00006,0.00052,0.00811,0.00812,-0.28622,-0.14276,-0.02363,0.32072
1700030448676765952,-0.00007,0.00052,0.00810,0.00812,-0.28515,-0.14185,-0.02522,0.31948
1700030448743607040,-0.00007,0.00052,0.00810,0.00812,-0.28515,-0.14185,-0.02522,0.31948
1700030448810455808,-0.00005,0.00051,0.00811,0.00813,-0.28650,-0.14362,-0.02926,0.32181
1700030448877311232,-0.00010,0.00052,0.00810,0.00812,-0.28349,-0.13998,-0.02442,0.31711
1700030448944173824,-0.00010,0.00052,0.00810,0.00812,-0.28349,-0.13998,-0.02442,0.31711
1700030449011043328,0.00012,0.00047,0.00820,0.00822,-0.29366,-0.14995,-0.04730,0.33311
1700030449077919232,0.00016,0.00047,0.00821,0.00823,-0.29572,-0.15612,-0.06070,0.33987
1700030449144801024,0.00016,0.00042,0.00824,0.00825,-0.30126,-0.15131,-0.05762,0.34201
1700030449211691008,0.00028,0.00041,0.00822,0.00824,-0.30742,-0.16012,-0.06947,0.35352
1700030449278587392,0.00031,0.00044,0.00821,0.00823,-0.30480,-0.16474,-0.07184,0.35384
1700030449345490688,0.00030,0.00045,0.00821,0.00823,-0.30183,-0.16423,-0.07688,0.35212
1700030449412400896,0.00031,0.00044,0.00821,0.00823,-0.30434,-0.16460,-0.07517,0.35407
1700030449479318016,0.00023,0.00029,0.00823,0.00824,-0.31236,-0.14845,-0.09143,0.35772
1700030449546117632,0.00024,0.00029,0.00823,0.00824,-0.31254,-0.14857,-0.09139,0.35792
1700030449612798208,0.00025,0.00029,0.00824,0.00824,-0.31342,-0.14958,-0.09325,0.35959
1700030449679482112,0.00027,0.00029,0.00824,0.00825,-0.31453,-0.15094,-0.09499,0.36157
1700030449746168320,0.00020,0.00029,0.00824,0.00825,-0.31137,-0.14509,-0.08704,0.35436
1700030449812857344,0.00026,0.00029,0.00820,0.00821,-0.31575,-0.14720,-0.06599,0.35457
1700030449879548672,0.00029,0.00030,0.00820,0.00821,-0.32118,-0.15068,-0.03775,0.35677
1700030449946242048,0.00029,0.00030,0.00819,0.00820,-0.32239,-0.15177,-0.03073,0.35765
1700030450012938240,0.00014,0.00052,0.00807,0.00808,-0.29878,-0.15436,-0.00225,0.33631
1700030450079635456,0.00014,0.00052,0.00807,0.00808,-0.29836,-0.15374,-0.00380,0.33566
1700030450146336000,0.00002,0.00035,0.00806,0.00806,-0.30574,-0.14032,-0.01239,0.33663
1700030450213039360,0.00003,0.00031,0.00801,0.00802,-0.31127,-0.13426,-0.00389,0.33901
1700030450279744512,0.00001,0.00028,0.00801,0.00802,-0.31598,-0.12976,0.00286,0.34160
1700030450346452736,0.00010,0.00030,0.00803,0.00804,-0.31444,-0.14085,-0.00923,0.34467
1700030450413163008,0.00026,0.00028,0.00803,0.00804,-0.31387,-0.14878,-0.02003,0.34792
1700030450479874304,0.00026,0.00028,0.00803,0.00804,-0.31387,-0.14878,-0.02003,0.34792
1700030450546539264,0.00026,0.00028,0.00803,0.00804,-0.31387,-0.14878,-0.02003,0.34792
1700030450613156096,0.00016,0.00022,0.00803,0.00803,-0.31669,-0.13551,-0.00162,0.34446
1700030450680227328,0.00019,0.00021,0.00802,0.00802,-0.31832,-0.13483,0.00557,0.34574
1700030450747303168,0.00019,0.00021,0.00802,0.00802,-0.31832,-0.13483,0.00557,0.34574
1700030450814383872,0.00019,0.00021,0.00802,0.00802,-0.31832,-0.13483,0.00557,0.34574
1700030450881469184,0.00019,0.00021,0.00802,0.00802,-0.31832,-0.13483,0.00557,0.34574
1700030450948558080,0.00016,0.00024,0.00800,0.00801,-0.31851,-0.13755,-0.00088,0.34695
1700030451015653120,0.00016,0.00024,0.00800,0.00801,-0.31851,-0.13755,-0.00088,0.34695
1700030451082752512,0.00016,0.00024,0.00800,0.00801,-0.31851,-0.13755,-0.00088,0.34695
1700030451149856768,0.00016,0.00024,0.00800,0.00801,-0.31851,-0.13755,-0.00088,0.34695
1700030451216965888,0.00019,0.00025,0.00799,0.00800,-0.31929,-0.13728,0.00514,0.34759
1700030451284079360,0.00019,0.00025,0.00799,0.00800,-0.31964,-0.13655,0.00745,0.34767
1700030451351197696,0.00019,0.00025,0.00800,0.00800,-0.32085,-0.13888,-0.00224,0.34962
1700030451418319872,0.00019,0.00025,0.00800,0.00800,-0.32085,-0.13888,-0.00224,0.34962
1700030451485447680,0.00019,0.00025,0.00800,0.00800,-0.32085,-0.13888,-0.00224,0.34962
1700030451552580352,0.00022,0.00025,0.00800,0.00801,-0.32310,-0.14170,-0.00763,0.35288
1700030451619715328,0.00021,0.00026,0.00800,0.00801,-0.32322,-0.14220,-0.01003,0.35326
1700030451686599936,0.00021,0.00026,0.00800,0.00801,-0.32322,-0.14220,-0.01003,0.35326
1700030451753491968,0.00021,0.00026,0.00800,0.00801,-0.32322,-0.14220,-0.01003,0.35326
1700030451820391168,0.00021,0.00026,0.00800,0.00801,-0.32322,-0.14220,-0.01003,0.35326
1700030451887298560,0.00020,0.00026,0.00799,0.00800,-0.32240,-0.14140,-0.00847,0.35215
1700030451954214144,0.00020,0.00026,0.00799,0.00800,-0.32240,-0.14140,-0.00847,0.35215
1700030452021137152,0.00020,0.00026,0.00799,0.00800,-0.32240,-0.14140,-0.00847,0.35215
1700030452088068096,0.00020,0.00026,0.00799,0.00800,-0.32240,-0.14140,-0.00847,0.35215
1700030452155006976,0.00022,0.00026,0.00800,0.00800,-0.32365,-0.14277,-0.01190,0.35394
1700030452221953280,0.00022,0.00026,0.00800,0.00800,-0.32365,-0.14277,-0.01190,0.35394
1700030452288906240,0.00026,0.00027,0.00801,0.00801,-0.32671,-0.14578,-0.01713,0.35817
1700030452355867904,0.00026,0.00027,0.00801,0.00801,-0.32671,-0.14578,-0.01713,0.35817
1700030452422837504,0.00043,0.00031,0.00804,0.00805,-0.33893,-0.15558,-0.00790,0.37301
1700030452489814784,0.00072,0.00034,0.00811,0.00814,-0.36061,-0.16955,-0.00558,0.39852
1700030452556800000,0.00107,0.00085,0.00809,0.00820,-0.36814,-0.22813,0.02742,0.43396
1700030452623791104,0.00104,0.00119,0.00807,0.00822,-0.34151,-0.25800,0.00800,0.42809
1700030452690323712,0.00094,0.00127,0.00810,0.00825,-0.33942,-0.27401,-0.00114,0.43622
1700030452756852992,0.00097,0.00131,0.00819,0.00835,-0.34194,-0.27941,-0.00095,0.44158
1700030452823381504,0.00131,0.00121,0.00821,0.00840,-0.36451,-0.28107,-0.01073,0.46041
1700030452889907712,0.00137,0.00119,0.00826,0.00846,-0.37007,-0.28157,-0.01133,0.46515
1700030452956432128,0.00133,0.00116,0.00824,0.00842,-0.36777,-0.27655,-0.00597,0.46018
1700030453022954496,0.00123,0.00115,0.00823,0.00840,-0.36212,-0.27024,-0.00924,0.45194
1700030453089474560,0.00125,0.00113,0.00823,0.00840,-0.36238,-0.26769,-0.01368,0.45074
1700030453155991808,0.00118,0.00111,0.00818,0.00834,-0.35902,-0.26350,-0.02328,0.44595
1700030453222507776,0.00117,0.00110,0.00817,0.00833,-0.35691,-0.26210,-0.02212,0.44336
1700030453289021696,0.00110,0.00109,0.00818,0.00832,-0.35445,-0.25964,-0.01043,0.43950
1700030453355533824,0.00109,0.00128,0.00816,0.00833,-0.35817,-0.26891,0.02576,0.44863
1700030453422043904,0.00091,0.00123,0.00820,0.00834,-0.35111,-0.25995,0.01602,0.43715
1700030453488551936,0.00090,0.00125,0.00822,0.00836,-0.35162,-0.26041,0.01732,0.43789
1700030453555057408,0.00090,0.00125,0.00822,0.00836,-0.35095,-0.26045,0.01850,0.43743
1700030453621561344,0.00086,0.00123,0.00824,0.00837,-0.34728,-0.25401,0.01040,0.43038
1700030453688096256,0.00087,0.00123,0.00824,0.00838,-0.34702,-0.25219,0.00631,0.42903
1700030453754628864,0.00087,0.00123,0.00824,0.00838,-0.34702,-0.25219,0.00631,0.42903
1700030453821159424,0.00081,0.00121,0.00824,0.00837,-0.34431,-0.24618,0.00741,0.42333
1700030453887688192,0.00069,0.00119,0.00825,0.00836,-0.34087,-0.23809,0.01733,0.41615
1700030453954214912,0.00055,0.00117,0.00824,0.00834,-0.33813,-0.23529,0.05067,0.41504
1700030454020739584,0.00044,0.00110,0.00819,0.00828,-0.34969,-0.23575,0.03106,0.42287
1700030454087260928,0.00041,0.00107,0.00819,0.00827,-0.35248,-0.23448,0.02889,0.42433
1700030454153781504,0.00042,0.00104,0.00818,0.00826,-0.35184,-0.22958,0.02376,0.42079
1700030454220300032,0.00044,0.00105,0.00818,0.00826,-0.35184,-0.22754,0.01992,0.41948
1700030454286816256,0.00034,0.00103,0.00817,0.00824,-0.35059,-0.22207,0.02376,0.41568
1700030454353331200,0.00029,0.00102,0.00817,0.00823,-0.34910,-0.22155,0.02099,0.41400
1700030454419843072,0.00016,0.00109,0.00818,0.00825,-0.34265,-0.21784,0.03141,0.40724
1700030454486352640,0.00017,0.00110,0.00820,0.00827,-0.34236,-0.21759,0.04155,0.40778
1700030454552860928,0.00003,0.00134,0.00832,0.00842,-0.32865,-0.20513,0.05897,0.39187
1700030454619368192,-0.00010,0.00142,0.00833,0.00845,-0.32610,-0.20600,0.05580,0.38973
1700030454686360064,-0.00015,0.00143,0.00833,0.00845,-0.32176,-0.20477,0.05082,0.38477
1700030454753669632,-0.00016,0.00142,0.00832,0.00845,-0.32185,-0.20331,0.05441,0.38455
1700030454820986880,-0.00018,0.00143,0.00833,0.00846,-0.32061,-0.19714,0.06109,0.38130
1700030454888312320,-0.00018,0.00143,0.00833,0.00846,-0.32061,-0.19714,0.06109,0.38130
1700030454955644160,-0.00032,0.00129,0.00829,0.00839,-0.32397,-0.18953,0.04832,0.37844
1700030455022984448,-0.00034,0.00121,0.00827,0.00836,-0.32800,-0.18882,0.03589,0.38016
1700030455090332672,-0.00030,0.00134,0.00832,0.00843,-0.32425,-0.19697,0.05514,0.38338
1700030455157688576,-0.00045,0.00153,0.00830,0.00845,-0.32154,-0.20009,0.06340,0.38398
1700030455225052416,-0.00046,0.00158,0.00831,0.00847,-0.32035,-0.20269,0.06672,0.38491
1700030455292423424,-0.00046,0.00158,0.00831,0.00847,-0.32035,-0.20269,0.06672,0.38491
1700030455359802368,-0.00051,0.00154,0.00829,0.00845,-0.32342,-0.19683,0.08191,0.38737
1700030455427188224,-0.00051,0.00154,0.00829,0.00845,-0.32342,-0.19683,0.08191,0.38737
1700030455494582528,-0.00051,0.00154,0.00829,0.00845,-0.32349,-0.19683,0.08179,0.38740
1700030455561984512,-0.00056,0.00147,0.00829,0.00843,-0.32627,-0.19747,0.05627,0.38551
1700030455629394432,-0.00069,0.00150,0.00832,0.00848,-0.32471,-0.19173,0.05575,0.38119
1700030455696467712,-0.00102,0.00146,0.00843,0.00861,-0.32491,-0.16954,0.03508,0.36815
1700030455763448832,-0.00120,0.00182,0.00872,0.00899,-0.30333,-0.16578,0.01285,0.34592
1700030455830677504,-0.00124,0.00181,0.00872,0.00899,-0.30681,-0.16622,0.01753,0.34938
1700030455897913344,-0.00126,0.00184,0.00872,0.00900,-0.30600,-0.16611,0.02039,0.34878
1700030455965156096,-0.00131,0.00185,0.00871,0.00900,-0.30608,-0.15900,0.01150,0.34510
1700030456032404992,-0.00145,0.00180,0.00864,0.00894,-0.31241,-0.15073,0.02040,0.34748
1700030456099659776,-0.00155,0.00179,0.00863,0.00895,-0.31404,-0.14648,0.01553,0.34687
1700030456166921216,-0.00153,0.00177,0.00863,0.00894,-0.31348,-0.14715,0.00110,0.34630
1700030456234188800,-0.00150,0.00176,0.00864,0.00894,-0.31300,-0.15111,0.00294,0.34758
1700030456301461504,-0.00153,0.00165,0.00865,0.00893,-0.31862,-0.15244,0.03929,0.35539
1700030456368741632,-0.00157,0.00163,0.00865,0.00894,-0.32041,-0.15065,0.04209,0.35656
1700030456436027904,-0.00158,0.00162,0.00865,0.00894,-0.32102,-0.15030,0.04408,0.35720
1700030456503320576,-0.00159,0.00163,0.00864,0.00894,-0.32092,-0.14892,0.04798,0.35703
1700030456570619904,-0.00163,0.00160,0.00863,0.00893,-0.32503,-0.14410,0.03730,0.35749
1700030456637925376,-0.00176,0.00166,0.00859,0.00893,-0.32784,-0.13715,0.05207,0.35917
1700030456705236992,-0.00202,0.00159,0.00858,0.00895,-0.33681,-0.13036,0.04938,0.36452
1700030456772082688,-0.00193,0.00158,0.00859,0.00895,-0.33436,-0.13344,0.05500,0.36418
1700030456838461952,-0.00194,0.00161,0.00858,0.00894,-0.33439,-0.13179,0.03993,0.36163
1700030456904836096,-0.00189,0.00186,0.00854,0.00894,-0.32464,-0.12915,0.04260,0.35197
1700030456971205632,-0.00185,0.00203,0.00850,0.00893,-0.31777,-0.12749,0.04243,0.34501
1700030457037570816,-0.00185,0.00203,0.00850,0.00893,-0.31777,-0.12749,0.04243,0.34501
1700030457103930880,-0.00187,0.00200,0.00851,0.00894,-0.32004,-0.12643,0.04522,0.34706
1700030457170285568,-0.00187,0.00200,0.00851,0.00894,-0.32004,-0.12643,0.04522,0.34706
1700030457236636160,-0.00187,0.00199,0.00851,0.00894,-0.32015,-0.12719,0.04299,0.34716
1700030457302982400,-0.00190,0.00200,0.00850,0.00894,-0.32033,-0.12693,0.04095,0.34699
1700030457369323776,-0.00195,0.00200,0.00849,0.00894,-0.32237,-0.12775,0.02305,0.34752
1700030457435660288,-0.00195,0.00200,0.00849,0.00894,-0.32237,-0.12775,0.02305,0.34752
1700030457501992448,-0.00195,0.00200,0.00849,0.00894,-0.32237,-0.12775,0.02305,0.34752
1700030457568319488,-0.00193,0.00199,0.00848,0.00892,-0.32131,-0.12897,0.02566,0.34718
1700030457634641408,-0.00193,0.00199,0.00848,0.00893,-0.32134,-0.12889,0.02596,0.34719
1700030457700958976,-0.00193,0.00199,0.00848,0.00893,-0.32134,-0.12889,0.02596,0.34719
1700030457767312640,-0.00193,0.00199,0.00848,0.00893,-0.32149,-0.12864,0.02668,0.34730
1700030457833697024,-0.00213,0.00203,0.00847,0.00896,-0.32769,-0.12206,0.02886,0.35088
1700030457900077056,-0.00217,0.00204,0.00848,0.00899,-0.32987,-0.12161,0.00247,0.35158
1700030457966452480,-0.00232,0.00196,0.00850,0.00902,-0.33849,-0.12126,-0.00821,0.35965
1700030458032823040,-0.00249,0.00172,0.00860,0.00912,-0.35101,-0.12039,0.00003,0.37108
1700030458099187968,-0.00268,0.00108,0.00878,0.00924,-0.39024,-0.11977,-0.00011,0.40821
1700030458165549568,-0.00272,0.00098,0.00878,0.00924,-0.39520,-0.12059,-0.00075,0.41319
1700030458231906048,-0.00272,0.00098,0.00878,0.00924,-0.39520,-0.12059,-0.00075,0.41319
1700030458298258432,-0.00273,0.00095,0.00877,0.00923,-0.39808,-0.12007,-0.00434,0.41581
1700030458364605696,-0.00273,0.00096,0.00877,0.00923,-0.40296,-0.11716,-0.00648,0.41970
1700030458430948608,-0.00280,0.00092,0.00876,0.00924,-0.40777,-0.11522,-0.01105,0.42388
1700030458497285376,-0.00278,0.00077,0.00877,0.00923,-0.41680,-0.11805,-0.04044,0.43508
1700030458563618816,-0.00277,0.00077,0.00877,0.00923,-0.41633,-0.11882,-0.04130,0.43492
1700030458629947648,-0.00262,0.00072,0.00875,0.00916,-0.41322,-0.11934,-0.00451,0.43013
1700030458696271872,-0.00270,0.00068,0.00879,0.00922,-0.41744,-0.11619,-0.00431,0.43333
1700030458762630400,-0.00275,0.00056,0.00882,0.00926,-0.42270,-0.11935,-0.00706,0.43929
1700030458829019904,-0.00276,0.00068,0.00880,0.00924,-0.42190,-0.11382,0.00233,0.43699
1700030458895404544,-0.00274,0.00072,0.00880,0.00925,-0.42281,-0.11076,-0.00090,0.43708
1700030458961783552,-0.00278,0.00086,0.00877,0.00924,-0.42347,-0.10437,0.01092,0.43628
1700030459028159232,-0.00265,0.00090,0.00878,0.00922,-0.41244,-0.10809,-0.00237,0.42638
1700030459094530304,-0.00258,0.00106,0.00877,0.00920,-0.40222,-0.10561,-0.00708,0.41591
1700030459160896512,-0.00263,0.00120,0.00874,0.00920,-0.40149,-0.10135,0.00208,0.41409
1700030459227257856,-0.00254,0.00142,0.00878,0.00925,-0.39060,-0.09419,0.01678,0.40215
1700030459293615360,-0.00252,0.00147,0.00881,0.00928,-0.38803,-0.09518,0.02499,0.40031
1700030459359967744,-0.00258,0.00164,0.00882,0.00934,-0.38474,-0.08602,0.02236,0.39487
1700030459426314240,-0.00266,0.00174,0.00880,0.00936,-0.38959,-0.07478,0.01225,0.39689
1700030459492657664,-0.00283,0.00175,0.00873,0.00934,-0.39665,-0.06901,0.01364,0.40284
1700030459558996480,-0.00277,0.00192,0.00872,0.00935,-0.38309,-0.07107,-0.00262,0.38963
1700030459625330176,-0.00257,0.00202,0.00882,0.00941,-0.37290,-0.07148,0.00063,0.37969
1700030459691659776,-0.00259,0.00200,0.00889,0.00947,-0.37394,-0.07084,-0.00019,0.38059
1700030459758164480,-0.00259,0.00199,0.00878,0.00936,-0.37409,-0.07814,-0.01177,0.38235
1700030459824842752,-0.00262,0.00200,0.00864,0.00924,-0.37657,-0.08896,-0.02850,0.38798
1700030459891855616,-0.00267,0.00192,0.00865,0.00926,-0.38249,-0.08878,-0.04532,0.39526
1700030459958872064,-0.00259,0.00202,0.00865,0.00925,-0.37579,-0.08865,-0.03762,0.38793
1700030460025891328,-0.00253,0.00208,0.00867,0.00927,-0.37298,-0.09046,-0.02982,0.38495
1700030460092913920,-0.00243,0.00208,0.00866,0.00924,-0.37299,-0.09210,-0.01821,0.38463
1700030460159939584,-0.00228,0.00206,0.00861,0.00914,-0.37213,-0.10025,-0.02445,0.38617
1700030460226968576,-0.00225,0.00206,0.00862,0.00914,-0.37206,-0.10189,-0.02320,0.38645
1700030460293999360,-0.00225,0.00206,0.00862,0.00914,-0.37206,-0.10189,-0.02320,0.38645
1700030460361034752,-0.00229,0.00211,0.00858,0.00913,-0.37394,-0.10738,-0.03519,0.39064
1700030460428072960,-0.00226,0.00230,0.00842,0.00902,-0.37850,-0.11823,-0.05550,0.40040
1700030460495114752,-0.00222,0.00225,0.00846,0.00903,-0.37894,-0.12043,-0.06304,0.40258
1700030460562159616,-0.00216,0.00234,0.00844,0.00902,-0.37626,-0.12175,-0.06238,0.40036
1700030460629207296,-0.00217,0.00242,0.00840,0.00901,-0.37229,-0.11922,-0.05073,0.39419
1700030460696258304,-0.00220,0.00241,0.00839,0.00900,-0.37179,-0.11817,-0.04830,0.39310
1700030460763311872,-0.00193,0.00234,0.00843,0.00895,-0.38288,-0.12777,-0.06773,0.40928
1700030460830367232,-0.00189,0.00228,0.00845,0.00896,-0.38729,-0.13070,-0.07662,0.41587
1700030460896700672,-0.00189,0.00229,0.00844,0.00895,-0.38877,-0.13283,-0.08340,0.41922
1700030460963028224,-0.00185,0.00230,0.00851,0.00901,-0.38904,-0.13466,-0.08543,0.42045
1700030461029350144,-0.00181,0.00231,0.00849,0.00898,-0.39209,-0.13661,-0.08835,0.42450
1700030461095666176,-0.00179,0.00232,0.00847,0.00897,-0.39184,-0.13611,-0.08372,0.42317
1700030461161976064,-0.00178,0.00233,0.00847,0.00897,-0.39215,-0.13670,-0.08471,0.42384
1700030461228281088,-0.00174,0.00238,0.00845,0.00895,-0.39329,-0.14000,-0.05732,0.42138
1700030461294580224,-0.00167,0.00240,0.00838,0.00888,-0.39794,-0.14665,-0.02107,0.42462
1700030461360873984,-0.00160,0.00237,0.00836,0.00883,-0.40258,-0.15260,-0.02699,0.43138
1700030461427162112,-0.00156,0.00242,0.00832,0.00880,-0.40287,-0.15619,-0.03354,0.43339
1700030461493444608,-0.00151,0.00250,0.00830,0.00880,-0.40337,-0.16168,-0.03992,0.43640
1700030461559721472,-0.00153,0.00240,0.00830,0.00877,-0.40835,-0.16527,-0.02538,0.44125
1700030461625991680,-0.00143,0.00221,0.00828,0.00869,-0.41758,-0.16537,0.00009,0.44914
1700030461692257280,-0.00143,0.00212,0.00827,0.00865,-0.42302,-0.16721,0.00448,0.45489
1700030461758516992,-0.00148,0.00207,0.00822,0.00860,-0.42995,-0.16805,-0.00408,0.46165
1700030461824773376,-0.00148,0.00193,0.00816,0.00852,-0.43269,-0.15884,-0.01856,0.46130
1700030461891865856,-0.00153,0.00187,0.00818,0.00853,-0.43065,-0.14948,-0.02966,0.45682
1700030461959401728,-0.00168,0.00170,0.00833,0.00866,-0.43648,-0.14520,-0.04383,0.46208
1700030462026952192,-0.00172,0.00151,0.00834,0.00865,-0.44608,-0.15418,-0.05087,0.47471
1700030462094516224,-0.00159,0.00128,0.00824,0.00849,-0.45923,-0.15896,-0.04564,0.48810
1700030462162096640,-0.00151,0.00129,0.00836,0.00859,-0.46118,-0.15897,-0.04447,0.48983
1700030462229691648,-0.00141,0.00107,0.00838,0.00857,-0.46766,-0.15822,-0.03731,0.49510
1700030462297301760,-0.00140,0.00103,0.00837,0.00855,-0.46844,-0.15764,-0.03432,0.49544
1700030462364926464,-0.00140,0.00101,0.00836,0.00854,-0.46908,-0.15538,-0.03975,0.49575
1700030462432566272,-0.00145,0.00100,0.00837,0.00855,-0.46949,-0.15151,-0.04905,0.49577
1700030462500219904,-0.00152,0.00098,0.00838,0.00858,-0.46775,-0.14568,-0.06747,0.49453
1700030462567889152,-0.00173,0.00090,0.00842,0.00864,-0.46605,-0.14093,-0.08092,0.49357
1700030462635573504,-0.00147,0.00074,0.00842,0.00858,-0.47642,-0.14858,-0.08883,0.50689
1700030462703272704,-0.00140,0.00070,0.00839,0.00854,-0.47998,-0.15420,-0.09750,0.51348
1700030462770986752,-0.00123,0.00073,0.00833,0.00845,-0.48305,-0.15718,-0.08838,0.51561
1700030462838715904,-0.00119,0.00071,0.00833,0.00844,-0.48409,-0.15455,-0.08051,0.51450
1700030462905748736,-0.00107,0.00085,0.00829,0.00840,-0.48171,-0.15957,-0.08680,0.51482
1700030462972078592,-0.00094,0.00092,0.00826,0.00837,-0.48019,-0.16202,-0.09403,0.51544
1700030463038403840,-0.00094,0.00092,0.00826,0.00837,-0.48019,-0.16202,-0.09403,0.51544
1700030463104723456,-0.00103,0.00082,0.00829,0.00839,-0.47755,-0.15605,-0.09962,0.51218
1700030463171037184,-0.00103,0.00086,0.00830,0.00841,-0.47667,-0.15757,-0.09622,0.51117
1700030463237345280,-0.00104,0.00076,0.00839,0.00848,-0.47971,-0.15454,-0.09288,0.51248
1700030463303647744,-0.00097,0.00052,0.00861,0.00868,-0.48960,-0.14945,-0.09346,0.52036
1700030463369944576,-0.00092,0.00048,0.00876,0.00882,-0.49272,-0.14562,-0.07911,0.51984
1700030463436235008,-0.00091,0.00047,0.00876,0.00882,-0.49289,-0.14548,-0.07880,0.51992
1700030463502520576,-0.00091,0.00047,0.00876,0.00882,-0.49289,-0.14548,-0.07880,0.51992
1700030463568800256,-0.00092,0.00047,0.00876,0.00883,-0.49216,-0.14462,-0.08088,0.51931
1700030463635074304,-0.00122,0.00043,0.00880,0.00889,-0.47903,-0.13330,-0.09646,0.50650
1700030463701343232,-0.00126,0.00036,0.00880,0.00889,-0.48173,-0.13302,-0.08214,0.50647
1700030463767606272,-0.00126,0.00032,0.00876,0.00886,-0.48265,-0.13048,-0.07370,0.50538
1700030463833862400,-0.00115,0.00028,0.00877,0.00885,-0.48762,-0.13201,-0.07447,0.51064
1700030463900356352,-0.00093,0.00037,0.00881,0.00887,-0.49006,-0.13816,-0.07640,0.51486
1700030463967209728,-0.00068,0.00041,0.00892,0.00895,-0.49438,-0.13807,-0.04457,0.51523
1700030464034188544,-0.00065,0.00040,0.00890,0.00893,-0.49778,-0.13850,-0.03510,0.51788
1700030464101169664,-0.00065,0.00040,0.00890,0.00893,-0.49778,-0.13850,-0.03510,0.51788
1700030464168153344,-0.00065,0.00039,0.00890,0.00893,-0.49760,-0.13763,-0.03695,0.51760
1700030464235139072,-0.00065,0.00039,0.00890,0.00893,-0.49760,-0.13763,-0.03695,0.51760
1700030464302126336,-0.00077,0.00036,0.00886,0.00890,-0.49428,-0.13422,-0.04045,0.51377
1700030464369116928,-0.00080,0.00038,0.00887,0.00891,-0.49086,-0.13438,-0.05443,0.51182
1700030464436110080,-0.00080,0.00038,0.00887,0.00891,-0.49086,-0.13438,-0.05443,0.51182
1700030464503105280,-0.00077,0.00040,0.00886,0.00890,-0.49158,-0.13606,-0.05761,0.51330
1700030464570103296,-0.00077,0.00040,0.00886,0.00890,-0.49158,-0.13606,-0.05761,0.51330
1700030464637103616,-0.00058,0.00041,0.00888,0.00890,-0.49509,-0.13944,-0.05130,0.51690
1700030464704105984,-0.00058,0.00041,0.00889,0.00892,-0.49481,-0.13934,-0.04982,0.51646
1700030464771110144,-0.00061,0.00029,0.00888,0.00890,-0.49628,-0.13414,-0.03216,0.51509
1700030464838117376,-0.00054,0.00029,0.00888,0.00890,-0.49929,-0.13518,-0.03186,0.51824
1700030464905127168,-0.00043,0.00087,0.00855,0.00861,-0.49105,-0.15630,0.02352,0.51586
1700030464972005888,-0.00025,0.00113,0.00831,0.00839,-0.49076,-0.16301,0.03563,0.51835
1700030465039202560,-0.00050,0.00149,0.00842,0.00857,-0.47634,-0.17377,0.03449,0.50822
1700030465106251776,-0.00079,0.00144,0.00855,0.00870,-0.47843,-0.18250,0.06060,0.51563
1700030465173303040,-0.00068,0.00148,0.00862,0.00877,-0.48833,-0.18699,0.06519,0.52695
1700030465240358400,-0.00063,0.00162,0.00857,0.00875,-0.49955,-0.19634,0.04669,0.53878
1700030465307416576,-0.00063,0.00162,0.00857,0.00875,-0.49955,-0.19634,0.04669,0.53878
1700030465374477824,-0.00063,0.00162,0.00857,0.00875,-0.49955,-0.19634,0.04669,0.53878
1700030465441541888,-0.00062,0.00163,0.00858,0.00876,-0.50176,-0.19750,0.04357,0.54098
1700030465508609024,-0.00062,0.00163,0.00858,0.00876,-0.50176,-0.19750,0.04357,0.54098
1700030465575678976,-0.00062,0.00164,0.00859,0.00877,-0.50354,-0.19868,0.04019,0.54281
1700030465642750976,-0.00062,0.00164,0.00859,0.00877,-0.50354,-0.19868,0.04019,0.54281
1700030465709827072,-0.00062,0.00164,0.00859,0.00877,-0.50354,-0.19868,0.04019,0.54281
1700030465776905472,-0.00047,0.00171,0.00860,0.00878,-0.52124,-0.20316,0.05404,0.56204
1700030465843987200,-0.00047,0.00171,0.00860,0.00878,-0.52124,-0.20316,0.05404,0.56204
1700030465911072000,-0.00042,0.00180,0.00863,0.00882,-0.52954,-0.21161,0.04511,0.57204
1700030465977992704,-0.00039,0.00184,0.00866,0.00886,-0.54060,-0.21798,0.02720,0.58352
1700030466044762624,-0.00027,0.00188,0.00868,0.00888,-0.55808,-0.22179,0.01213,0.60066
1700030466111617280,-0.00027,0.00188,0.00868,0.00888,-0.55808,-0.22179,0.01213,0.60066
1700030466178473472,-0.00027,0.00188,0.00868,0.00888,-0.55808,-0.22179,0.01213,0.60066
1700030466245329664,-0.00027,0.00188,0.00868,0.00888,-0.55808,-0.22179,0.01213,0.60066
1700030466312186112,-0.00027,0.00188,0.00868,0.00888,-0.55808,-0.22179,0.01213,0.60066
1700030466379042304,-0.00027,0.00188,0.00868,0.00888,-0.55808,-0.22179,0.01213,0.60066
1700030466445899520,-0.00027,0.00188,0.00868,0.00888,-0.55808,-0.22179,0.01213,0.60066
1700030466512755456,-0.00027,0.00188,0.00868,0.00888,-0.55808,-0.22179,0.01213,0.60066
1700030466579612672,-0.00046,0.00184,0.00863,0.00883,-0.52966,-0.21421,0.05757,0.57423
1700030466646470400,-0.00041,0.00183,0.00864,0.00885,-0.53809,-0.21486,0.04732,0.58133
1700030466713327872,-0.00041,0.00189,0.00862,0.00883,-0.53927,-0.22053,0.04784,0.58458
1700030466780185600,-0.00036,0.00186,0.00860,0.00880,-0.54363,-0.21641,0.04836,0.58712
1700030466847044352,-0.00036,0.00186,0.00860,0.00880,-0.54363,-0.21641,0.04836,0.58712
1700030466913902592,-0.00029,0.00198,0.00861,0.00884,-0.55487,-0.22631,0.05597,0.60185
1700030466980760064,-0.00013,0.00225,0.00867,0.00896,-0.57979,-0.24741,0.07168,0.63444
1700030467047618304,-0.00007,0.00232,0.00869,0.00900,-0.58613,-0.25205,0.07720,0.64268
1700030467114058240,-0.00007,0.00232,0.00869,0.00900,-0.58613,-0.25205,0.07720,0.64268
1700030467180496896,-0.00041,0.00252,0.00882,0.00918,-0.55474,-0.27157,0.06131,0.62068
1700030467246934016,-0.00041,0.00252,0.00882,0.00918,-0.55474,-0.27157,0.06131,0.62068
1700030467313370112,-0.00041,0.00252,0.00882,0.00918,-0.55474,-0.27157,0.06131,0.62068
1700030467379804416,-0.00030,0.00257,0.00885,0.00922,-0.56309,-0.27499,0.05594,0.62914
1700030467446236928,-0.00028,0.00255,0.00884,0.00921,-0.56472,-0.27201,0.04456,0.62840
1700030467512668928,0.00003,0.00256,0.00882,0.00919,-0.59300,-0.27084,0.01972,0.65222
1700030467579099648,0.00014,0.00261,0.00879,0.00917,-0.60206,-0.27632,0.01418,0.66259
1700030467645529088,0.00016,0.00267,0.00879,0.00919,-0.60457,-0.28213,0.01015,0.66724
1700030467711957248,0.00017,0.00257,0.00880,0.00917,-0.60512,-0.27269,0.01245,0.66384
1700030467778384128,0.00015,0.00258,0.00881,0.00918,-0.60349,-0.27223,0.00838,0.66210
1700030467844808704,0.00016,0.00265,0.00880,0.00919,-0.60966,-0.27834,-0.00222,0.67020
1700030467911233280,0.00016,0.00265,0.00880,0.00919,-0.60966,-0.27834,-0.00222,0.67020
1700030467977656320,0.00021,0.00283,0.00881,0.00925,-0.61147,-0.29595,-0.00639,0.67935
1700030468044079616,0.00003,0.00291,0.00875,0.00922,-0.60089,-0.29605,-0.02226,0.67023
1700030468110272512,-0.00016,0.00287,0.00879,0.00924,-0.59794,-0.29087,-0.03172,0.66569
1700030468176457216,-0.00000,0.00259,0.00861,0.00899,-0.61554,-0.26893,-0.03066,0.67242
1700030468242633728,-0.00006,0.00263,0.00862,0.00901,-0.60941,-0.27295,-0.02444,0.66819
1700030468308801280,-0.00006,0.00263,0.00862,0.00901,-0.60941,-0.27295,-0.02444,0.66819
1700030468374961664,-0.00006,0.00263,0.00862,0.00901,-0.60941,-0.27295,-0.02444,0.66819
1700030468441113600,-0.00006,0.00263,0.00862,0.00901,-0.60941,-0.27295,-0.02444,0.66819
1700030468507257600,-0.00013,0.00261,0.00862,0.00901,-0.60462,-0.27106,-0.02051,0.66291
1700030468573393664,-0.00023,0.00257,0.00862,0.00900,-0.60015,-0.26633,-0.02269,0.65698
1700030468639521024,-0.00034,0.00263,0.00868,0.00907,-0.58966,-0.27201,-0.00924,0.64944
1700030468705640704,-0.00050,0.00265,0.00877,0.00918,-0.57774,-0.27433,-0.00301,0.63957
1700030468771751168,-0.00060,0.00253,0.00881,0.00918,-0.58601,-0.26946,-0.01936,0.64528
1700030468837854464,-0.00060,0.00257,0.00880,0.00919,-0.58451,-0.27243,-0.01855,0.64515
1700030468903949824,-0.00060,0.00257,0.00880,0.00919,-0.58451,-0.27243,-0.01855,0.64515
1700030468970036480,-0.00060,0.00257,0.00880,0.00919,-0.58451,-0.27243,-0.01855,0.64515
1700030469036118528,-0.00074,0.00264,0.00887,0.00928,-0.57916,-0.26928,-0.03522,0.63967
1700030469102319104,-0.00088,0.00261,0.00885,0.00927,-0.57511,-0.26570,-0.04466,0.63509
1700030469168510464,-0.00092,0.00261,0.00885,0.00927,-0.57317,-0.26536,-0.04241,0.63304
1700030469234694912,-0.00082,0.00261,0.00883,0.00924,-0.57659,-0.26662,-0.03863,0.63643
1700030469300871680,-0.00107,0.00251,0.00889,0.00930,-0.56795,-0.26037,-0.03596,0.62582
1700030469367039744,-0.00114,0.00247,0.00885,0.00926,-0.56606,-0.25819,-0.03933,0.62341
1700030469433199872,-0.00114,0.00247,0.00885,0.00926,-0.56615,-0.25834,-0.03971,0.62358
1700030469499352320,-0.00115,0.00245,0.00884,0.00924,-0.56679,-0.25595,-0.04395,0.62345
1700030469565496320,-0.00116,0.00242,0.00882,0.00922,-0.56827,-0.25080,-0.05484,0.62357
1700030469631631360,-0.00148,0.00234,0.00903,0.00945,-0.56569,-0.24215,-0.07162,0.61949
1700030469697759488,-0.00149,0.00233,0.00902,0.00944,-0.56546,-0.24175,-0.07234,0.61921
1700030469763879168,-0.00158,0.00244,0.00907,0.00952,-0.55909,-0.24692,-0.06454,0.61459
1700030469829990912,-0.00140,0.00232,0.00893,0.00933,-0.55581,-0.23103,-0.03230,0.60278
1700030469896094720,-0.00135,0.00189,0.00911,0.00940,-0.55290,-0.21414,-0.00575,0.59294
1700030469962190336,-0.00141,0.00195,0.00917,0.00948,-0.55222,-0.21939,-0.01134,0.59431
1700030470028280576,-0.00141,0.00196,0.00917,0.00948,-0.55193,-0.21967,-0.01075,0.59414
1700030470095079168,-0.00143,0.00196,0.00916,0.00948,-0.55054,-0.21943,-0.00985,0.59274
1700030470162038528,-0.00156,0.00187,0.00912,0.00944,-0.54557,-0.21515,0.00088,0.58646
1700030470228999680,-0.00169,0.00176,0.00913,0.00945,-0.54419,-0.21385,0.00151,0.58470
1700030470295961600,-0.00166,0.00177,0.00913,0.00945,-0.54900,-0.21745,-0.00469,0.59051
1700030470362925056,-0.00158,0.00181,0.00914,0.00945,-0.55382,-0.22058,-0.00721,0.59617
1700030470429889792,-0.00151,0.00192,0.00919,0.00950,-0.55620,-0.22321,0.00919,0.59939
1700030470496855296,-0.00138,0.00167,0.00890,0.00916,-0.55158,-0.22832,0.01471,0.59715
1700030470563822848,-0.00138,0.00167,0.00890,0.00916,-0.55158,-0.22832,0.01471,0.59715
1700030470630791680,-0.00137,0.00166,0.00889,0.00915,-0.55176,-0.22737,0.01305,0.59691
1700030470697762048,-0.00140,0.00165,0.00890,0.00916,-0.55014,-0.22571,0.01067,0.59473
1700030470764733440,-0.00143,0.00145,0.00887,0.00910,-0.54473,-0.20769,-0.00831,0.58304
1700030470831706624,-0.00137,0.00132,0.00894,0.00914,-0.55341,-0.20157,-0.00686,0.58902
1700030470898680832,-0.00134,0.00133,0.00896,0.00915,-0.55548,-0.20192,-0.00499,0.59106
1700030470965655552,-0.00134,0.00133,0.00896,0.00915,-0.55548,-0.20192,-0.00499,0.59106
1700030471032632576,-0.00133,0.00134,0.00896,0.00915,-0.55945,-0.20273,-0.01095,0.59515
1700030471099445248,-0.00133,0.00134,0.00896,0.00915,-0.55945,-0.20273,-0.01095,0.59515
1700030471166379520,-0.00133,0.00134,0.00896,0.00915,-0.55945,-0.20273,-0.01095,0.59515
1700030471233604096,-0.00132,0.00139,0.00896,0.00916,-0.56775,-0.20738,-0.02372,0.60491
1700030471300839168,-0.00129,0.00160,0.00946,0.00969,-0.56756,-0.19762,-0.04449,0.60262
1700030471368083712,-0.00129,0.00160,0.00946,0.00969,-0.56756,-0.19762,-0.04449,0.60262
1700030471435336960,-0.00129,0.00160,0.00946,0.00969,-0.56756,-0.19762,-0.04449,0.60262
1700030471502601728,-0.00129,0.00160,0.00946,0.00969,-0.56756,-0.19762,-0.04449,0.60262
1700030471569875456,-0.00129,0.00160,0.00946,0.00969,-0.56756,-0.19762,-0.04449,0.60262
1700030471637159424,-0.00134,0.00165,0.00943,0.00966,-0.57411,-0.20236,-0.05297,0.61103
1700030471704453120,-0.00134,0.00165,0.00943,0.00966,-0.57411,-0.20236,-0.05297,0.61103
1700030471771756544,-0.00132,0.00166,0.00943,0.00966,-0.57948,-0.20560,-0.05792,0.61759
1700030471839068928,-0.00132,0.00166,0.00943,0.00966,-0.57948,-0.20560,-0.05792,0.61759
1700030471906392064,-0.00130,0.00155,0.00947,0.00968,-0.56826,-0.18940,-0.04551,0.60072
1700030471973725184,-0.00127,0.00154,0.00948,0.00969,-0.57399,-0.19105,-0.05124,0.60712
1700030472041067520,-0.00127,0.00154,0.00948,0.00969,-0.57399,-0.19105,-0.05124,0.60712
1700030472108420352,-0.00127,0.00154,0.00948,0.00969,-0.57399,-0.19105,-0.05124,0.60712
1700030472175373568,-0.00127,0.00154,0.00948,0.00969,-0.57399,-0.19105,-0.05124,0.60712
1700030472241927168,-0.00114,0.00161,0.00948,0.00969,-0.59678,-0.19618,-0.05882,0.63095
1700030472308481792,-0.00111,0.00159,0.00952,0.00972,-0.59238,-0.19338,-0.04533,0.62479
1700030472375038464,-0.00102,0.00153,0.00959,0.00976,-0.59669,-0.18540,-0.04258,0.62628
1700030472441596672,-0.00102,0.00153,0.00959,0.00976,-0.59669,-0.18540,-0.04258,0.62628
1700030472508156416,-0.00102,0.00153,0.00959,0.00976,-0.59669,-0.18540,-0.04258,0.62628
1700030472574717952,-0.00108,0.00151,0.00960,0.00978,-0.58557,-0.18546,-0.03904,0.61547
1700030472641280768,-0.00108,0.00151,0.00960,0.00978,-0.58557,-0.18546,-0.03904,0.61547
1700030472707845120,-0.00102,0.00140,0.00960,0.00976,-0.59035,-0.17246,-0.04941,0.61700
1700030472774410240,-0.00102,0.00140,0.00960,0.00976,-0.59035,-0.17246,-0.04941,0.61700
1700030472840977408,-0.00102,0.00143,0.00959,0.00975,-0.59989,-0.17778,-0.03112,0.62645
1700030472907546368,-0.00102,0.00143,0.00959,0.00975,-0.59989,-0.17778,-0.03112,0.62645
1700030472974117120,-0.00102,0.00143,0.00959,0.00975,-0.59989,-0.17778,-0.03112,0.62645
1700030473040688896,-0.00102,0.00143,0.00959,0.00975,-0.59910,-0.17727,-0.03066,0.62553
1700030473107262464,-0.00107,0.00134,0.00957,0.00972,-0.58114,-0.16317,-0.01069,0.60371
1700030473173655552,-0.00107,0.00134,0.00957,0.00972,-0.58114,-0.16317,-0.01069,0.60371
1700030473239861760,-0.00107,0.00134,0.00957,0.00972,-0.58114,-0.16317,-0.01069,0.60371
1700030473306060288,-0.00107,0.00134,0.00957,0.00972,-0.58114,-0.16317,-0.01069,0.60371
1700030473372250624,-0.00107,0.00134,0.00957,0.00972,-0.58114,-0.16317,-0.01069,0.60371
1700030473438433024,-0.00107,0.00134,0.00957,0.00972,-0.58114,-0.16317,-0.01069,0.60371
1700030473504607488,-0.00107,0.00134,0.00957,0.00972,-0.58114,-0.16317,-0.01069,0.60371
1700030473570773504,-0.00107,0.00134,0.00957,0.00972,-0.58114,-0.16317,-0.01069,0.60371
1700030473636931072,-0.00105,0.00139,0.00958,0.00974,-0.59235,-0.17140,-0.03043,0.61740
1700030473703081728,-0.00105,0.00139,0.00958,0.00974,-0.59235,-0.17140,-0.03043,0.61740
1700030473769223936,-0.00105,0.00139,0.00958,0.00974,-0.59235,-0.17140,-0.03043,0.61740
1700030473835358464,-0.00101,0.00161,0.00958,0.00976,-0.60966,-0.19877,-0.03891,0.64242
1700030473901485056,-0.00104,0.00160,0.00958,0.00977,-0.61388,-0.20186,-0.06530,0.64951
1700030473967603200,-0.00101,0.00166,0.00962,0.00982,-0.62363,-0.20968,-0.07354,0.66203
1700030474033713920,-0.00032,0.00163,0.00979,0.00993,-0.71185,-0.17351,-0.06616,0.73567
1700030474099815424,-0.00025,0.00160,0.00997,0.01010,-0.71638,-0.17036,-0.06201,0.73897
1700030474165974016,-0.00012,0.00160,0.00997,0.01010,-0.73335,-0.16430,-0.05348,0.75343
1700030474232183296,0.00011,0.00106,0.01044,0.01049,-0.75408,-0.16369,0.00470,0.77165
1700030474298384128,0.00013,0.00117,0.01062,0.01069,-0.75519,-0.16542,0.00724,0.77313
1700030474364577280,0.00019,0.00108,0.01048,0.01053,-0.74807,-0.15026,0.00396,0.76302
1700030474430762496,0.00008,0.00084,0.00998,0.01002,-0.72923,-0.12339,0.00210,0.73960
1700030474496938752,-0.00010,0.00067,0.00995,0.00998,-0.74093,-0.14406,0.00343,0.75481
1700030474563107840,-0.00013,0.00075,0.00999,0.01002,-0.74798,-0.13835,0.02320,0.76102
1700030474629268992,-0.00017,0.00091,0.01002,0.01007,-0.76408,-0.11902,0.05127,0.77499
1700030474695422208,-0.00012,0.00109,0.01015,0.01021,-0.78553,-0.11739,0.04443,0.79549
1700030474761567232,-0.00014,0.00124,0.01035,0.01042,-0.79049,-0.11393,0.04385,0.79986
1700030474827704064,-0.00018,0.00116,0.01069,0.01076,-0.77717,-0.11169,0.04452,0.78641
1700030474893833216,-0.00014,0.00116,0.01076,0.01082,-0.77528,-0.09054,0.04030,0.78158
1700030474959953408,-0.00021,0.00124,0.01088,0.01095,-0.76856,-0.08592,0.03554,0.77416
1700030475026066176,-0.00032,0.00127,0.01103,0.01111,-0.76569,-0.07632,0.02832,0.77000
1700030475092171776,-0.00038,0.00124,0.01112,0.01120,-0.76074,-0.07381,0.03166,0.76496
1700030475158331648,-0.00042,0.00128,0.01120,0.01128,-0.75785,-0.07648,0.04875,0.76326
1700030475224541184,-0.00037,0.00134,0.01120,0.01129,-0.75238,-0.08175,0.06060,0.75923
1700030475290742784,-0.00035,0.00138,0.01118,0.01127,-0.75066,-0.08398,0.05976,0.75770
1700030475356936448,-0.00032,0.00142,0.01117,0.01127,-0.74930,-0.08145,0.06134,0.75621
1700030475423120896,-0.00032,0.00137,0.01128,0.01137,-0.74513,-0.07332,0.06476,0.75152
1700030475489298688,-0.00032,0.00135,0.01126,0.01135,-0.73939,-0.06797,0.05820,0.74478
1700030475555468032,-0.00032,0.00131,0.01114,0.01122,-0.74006,-0.05818,0.04385,0.74364
1700030475621629440,-0.00027,0.00133,0.01119,0.01127,-0.74678,-0.07495,0.03336,0.75127
1700030475687782656,-0.00018,0.00122,0.01120,0.01127,-0.74722,-0.09274,0.03705,0.75386
1700030475753927936,-0.00013,0.00117,0.01117,0.01124,-0.75617,-0.08132,0.03794,0.76148
1700030475820064256,-0.00011,0.00119,0.01117,0.01123,-0.75927,-0.07706,0.04010,0.76423
1700030475886193152,-0.00011,0.00117,0.01116,0.01122,-0.75623,-0.07672,0.03804,0.76106
1700030475952314112,-0.00011,0.00117,0.01117,0.01123,-0.75789,-0.07831,0.03437,0.76270
1700030476018427136,0.00012,0.00131,0.01115,0.01123,-0.74428,-0.06716,0.02316,0.74767
1700030476084531968,0.00019,0.00141,0.01117,0.01126,-0.73946,-0.05262,-0.00185,0.74133
1700030476150860288,0.00006,0.00122,0.01092,0.01099,-0.72456,-0.06038,-0.01327,0.72719
1700030476217414656,-0.00008,0.00113,0.01077,0.01083,-0.71067,-0.07032,-0.00229,0.71414
1700030476283968256,-0.00013,0.00122,0.01083,0.01090,-0.71792,-0.06931,-0.01120,0.72134
1700030476350523648,-0.00023,0.00143,0.01113,0.01123,-0.71177,-0.07872,-0.01753,0.71633
1700030476417079808,-0.00052,0.00145,0.01151,0.01162,-0.66718,-0.10682,-0.02161,0.67602
1700030476483636736,-0.00061,0.00140,0.01171,0.01181,-0.64459,-0.12685,-0.01556,0.65714
1700030476550194176,-0.00058,0.00138,0.01178,0.01187,-0.64051,-0.12380,-0.01363,0.65251
1700030476616752640,-0.00058,0.00142,0.01176,0.01186,-0.63861,-0.12888,-0.00978,0.65156
1700030476683311616,-0.00060,0.00146,0.01177,0.01188,-0.64260,-0.12745,-0.01801,0.65537
1700030476749870592,-0.00061,0.00143,0.01180,0.01190,-0.63687,-0.12459,-0.01086,0.64903
1700030476816431104,-0.00061,0.00143,0.01180,0.01190,-0.63687,-0.12459,-0.01086,0.64903
1700030476882992384,-0.00061,0.00143,0.01180,0.01190,-0.63687,-0.12459,-0.01086,0.64903
1700030476949554176,-0.00070,0.00144,0.01180,0.01190,-0.63244,-0.12492,-0.00009,0.64466
1700030477016116736,-0.00073,0.00145,0.01178,0.01189,-0.62952,-0.12547,0.00094,0.64191
1700030477082680320,-0.00073,0.00145,0.01178,0.01189,-0.62952,-0.12547,0.00094,0.64191
1700030477149241088,-0.00075,0.00145,0.01179,0.01190,-0.62972,-0.12383,0.00106,0.64178
1700030477215801600,-0.00075,0.00145,0.01179,0.01190,-0.62972,-0.12383,0.00106,0.64178
1700030477282754304,-0.00075,0.00145,0.01179,0.01190,-0.62972,-0.12383,0.00106,0.64178
1700030477349708544,-0.00075,0.00145,0.01179,0.01190,-0.62972,-0.12383,0.00106,0.64178
1700030477416664064,-0.00075,0.00145,0.01179,0.01190,-0.62972,-0.12383,0.00106,0.64178
1700030477483621120,-0.00090,0.00134,0.01193,0.01204,-0.60393,-0.08500,0.01107,0.60998
1700030477550579456,-0.00085,0.00122,0.01180,0.01189,-0.59231,-0.08549,0.00244,0.59845
1700030477617538816,-0.00085,0.00144,0.01164,0.01176,-0.57486,-0.08948,-0.00015,0.58179
1700030477684500224,-0.00086,0.00145,0.01165,0.01177,-0.57492,-0.09092,0.00470,0.58209
1700030477751463168,-0.00086,0.00145,0.01165,0.01177,-0.57492,-0.09092,0.00470,0.58209
1700030477818427904,-0.00086,0.00145,0.01165,0.01177,-0.57492,-0.09092,0.00470,0.58209
1700030477885393664,-0.00086,0.00145,0.01165,0.01177,-0.57492,-0.09092,0.00470,0.58209
1700030477952361216,-0.00086,0.00145,0.01165,0.01177,-0.57492,-0.09092,0.00470,0.58209
1700030478019329792,-0.00086,0.00145,0.01165,0.01177,-0.57492,-0.09092,0.00470,0.58209
1700030478086299392,-0.00076,0.00153,0.01169,0.01182,-0.59351,-0.10057,0.03605,0.60305
1700030478153271296,-0.00074,0.00154,0.01170,0.01182,-0.59707,-0.10237,0.04267,0.60728
1700030478220242688,-0.00074,0.00154,0.01170,0.01183,-0.59781,-0.10260,0.04421,0.60816
1700030478286876160,-0.00075,0.00156,0.01172,0.01185,-0.59493,-0.10217,0.04014,0.60497
1700030478353512704,-0.00076,0.00158,0.01175,0.01188,-0.58885,-0.09999,0.02810,0.59794
1700030478420152064,-0.00076,0.00158,0.01175,0.01188,-0.58885,-0.09999,0.02810,0.59794
1700030478486792960,-0.00086,0.00151,0.01176,0.01189,-0.58534,-0.09519,0.00748,0.59308
1700030478553437696,-0.00090,0.00147,0.01175,0.01187,-0.58379,-0.08696,0.00990,0.59032
1700030478620085248,-0.00090,0.00147,0.01175,0.01187,-0.58379,-0.08696,0.00990,0.59032
1700030478686735360,-0.00090,0.00147,0.01175,0.01187,-0.58379,-0.08696,0.00990,0.59032
1700030478753388288,-0.00090,0.00147,0.01175,0.01187,-0.58379,-0.08696,0.00990,0.59032
1700030478820044288,-0.00092,0.00145,0.01174,0.01186,-0.58270,-0.08334,0.01198,0.58875
1700030478886702592,-0.00098,0.00140,0.01173,0.01185,-0.57801,-0.07475,0.00103,0.58283
1700030478953362944,-0.00098,0.00140,0.01173,0.01185,-0.57801,-0.07475,0.00103,0.58283
1700030479020026880,-0.00098,0.00140,0.01173,0.01185,-0.57801,-0.07475,0.00103,0.58283
1700030479086693888,-0.00070,0.00153,0.01177,0.01189,-0.60305,-0.10074,-0.02091,0.61176
1700030479153363200,-0.00063,0.00158,0.01178,0.01190,-0.61477,-0.10949,-0.00940,0.62451
1700030479220035072,-0.00052,0.00152,0.01180,0.01191,-0.62764,-0.10421,0.01032,0.63632
1700030479286318336,-0.00042,0.00164,0.01189,0.01201,-0.61778,-0.11737,-0.00067,0.62883
1700030479352594432,-0.00038,0.00165,0.01209,0.01220,-0.59813,-0.11339,-0.02474,0.60928
1700030479418862848,-0.00043,0.00176,0.01218,0.01232,-0.60055,-0.13037,-0.01478,0.61471
1700030479485125376,-0.00058,0.00180,0.01223,0.01237,-0.58206,-0.12849,-0.01076,0.59617
1700030479551380736,-0.00058,0.00180,0.01223,0.01237,-0.58206,-0.12849,-0.01076,0.59617
1700030479617628928,-0.00060,0.00174,0.01231,0.01244,-0.59158,-0.12249,-0.02415,0.60461
1700030479683870720,-0.00058,0.00173,0.01231,0.01245,-0.59103,-0.12069,-0.02208,0.60363
1700030479750105600,-0.00052,0.00174,0.01231,0.01245,-0.59907,-0.11806,-0.01769,0.61085
1700030479816332544,-0.00055,0.00169,0.01228,0.01241,-0.58765,-0.10899,-0.01698,0.59791
1700030479882553344,-0.00055,0.00171,0.01228,0.01241,-0.59116,-0.11217,-0.01704,0.60195
1700030479948767488,-0.00055,0.00171,0.01228,0.01241,-0.59116,-0.11217,-0.01704,0.60195
1700030480014974464,-0.00055,0.00171,0.01228,0.01241,-0.59116,-0.11217,-0.01704,0.60195
1700030480081174528,-0.00054,0.00173,0.01227,0.01241,-0.60174,-0.11476,-0.00660,0.61262
1700030480147367680,-0.00054,0.00173,0.01227,0.01241,-0.60174,-0.11476,-0.00660,0.61262
1700030480213555456,-0.00045,0.00185,0.01234,0.01249,-0.62902,-0.12676,0.02144,0.64203
1700030480280193792,-0.00042,0.00189,0.01237,0.01252,-0.63550,-0.12927,0.02772,0.64910
1700030480346834944,-0.00043,0.00184,0.01238,0.01252,-0.62755,-0.11888,0.03397,0.63961
1700030480413478656,-0.00043,0.00184,0.01238,0.01252,-0.62641,-0.11797,0.03477,0.63837
1700030480480123904,-0.00041,0.00186,0.01238,0.01252,-0.63232,-0.12294,0.03301,0.64500
1700030480546771968,-0.00042,0.00187,0.01238,0.01253,-0.63322,-0.12514,0.03466,0.64640
1700030480613422080,-0.00040,0.00188,0.01236,0.01251,-0.64597,-0.12888,0.04510,0.66024
1700030480680074752,-0.00040,0.00188,0.01236,0.01251,-0.64597,-0.12888,0.04510,0.66024
1700030480746728192,-0.00041,0.00187,0.01236,0.01251,-0.64195,-0.12816,0.05024,0.65655
1700030480813385216,-0.00052,0.00177,0.01229,0.01243,-0.62166,-0.11326,0.03695,0.63297
1700030480880044288,-0.00054,0.00177,0.01230,0.01243,-0.61977,-0.11491,0.04115,0.63168
1700030480946705664,-0.00076,0.00186,0.01235,0.01251,-0.59020,-0.13672,0.06800,0.60964
1700030481013369088,-0.00082,0.00193,0.01232,0.01250,-0.57045,-0.14886,0.08004,0.59496
1700030481080035072,-0.00087,0.00195,0.01232,0.01250,-0.55995,-0.15341,0.08630,0.58696
1700030481146702080,-0.00085,0.00195,0.01231,0.01249,-0.56212,-0.15191,0.08506,0.58846
1700030481213371648,-0.00085,0.00195,0.01231,0.01249,-0.56212,-0.15191,0.08506,0.58846
1700030481280415488,-0.00077,0.00201,0.01226,0.01245,-0.57005,-0.14811,0.07192,0.59335
1700030481347956992,-0.00082,0.00188,0.01218,0.01235,-0.55971,-0.11612,0.08818,0.57839
1700030481415512832,-0.00082,0.00188,0.01218,0.01235,-0.55971,-0.11612,0.08818,0.57839
1700030481483083520,-0.00084,0.00188,0.01218,0.01235,-0.55351,-0.11436,0.08855,0.57209
1700030481550669056,-0.00088,0.00194,0.01216,0.01234,-0.54174,-0.11844,0.10135,0.56372
1700030481618268160,-0.00101,0.00206,0.01222,0.01244,-0.52735,-0.13466,0.11106,0.55549
1700030481685883392,-0.00100,0.00209,0.01221,0.01243,-0.52527,-0.13847,0.11349,0.55495
1700030481753513216,-0.00104,0.00210,0.01222,0.01244,-0.51756,-0.13906,0.10827,0.54674
1700030481821157632,-0.00104,0.00210,0.01222,0.01244,-0.51756,-0.13906,0.10827,0.54674
1700030481888817152,-0.00112,0.00210,0.01219,0.01242,-0.51107,-0.13196,0.11988,0.54127
1700030481956491264,-0.00117,0.00208,0.01216,0.01240,-0.50622,-0.12756,0.12333,0.53641
1700030482024179968,-0.00125,0.00210,0.01216,0.01240,-0.50194,-0.12993,0.10884,0.52979
1700030482091882496,-0.00120,0.00214,0.01212,0.01237,-0.50392,-0.12501,0.10835,0.53038
1700030482159600640,-0.00123,0.00217,0.01214,0.01239,-0.50465,-0.12718,0.11716,0.53345
1700030482227334144,-0.00124,0.00217,0.01214,0.01240,-0.50492,-0.12756,0.11779,0.53394
1700030482294534912,-0.00124,0.00217,0.01214,0.01240,-0.50492,-0.12756,0.11779,0.53394
1700030482361569792,-0.00124,0.00217,0.01214,0.01240,-0.50492,-0.12756,0.11779,0.53394
1700030482428980992,-0.00124,0.00217,0.01214,0.01240,-0.50492,-0.12756,0.11779,0.53394
1700030482496403456,-0.00124,0.00217,0.01214,0.01240,-0.50492,-0.12756,0.11779,0.53394
1700030482563839488,-0.00124,0.00218,0.01214,0.01240,-0.50409,-0.12881,0.11579,0.53302
1700030482631287296,-0.00147,0.00192,0.01233,0.01257,-0.49931,-0.12883,0.11030,0.52733
1700030482698747904,-0.00152,0.00196,0.01234,0.01259,-0.49411,-0.11614,0.11700,0.52089
1700030482766220288,-0.00174,0.00184,0.01241,0.01267,-0.47922,-0.10198,0.09708,0.49948
1700030482833705216,-0.00185,0.00239,0.01264,0.01300,-0.48164,-0.07000,0.07380,0.49226
1700030482901202176,-0.00205,0.00254,0.01279,0.01320,-0.47414,-0.07171,0.06704,0.48419
1700030482968710656,-0.00225,0.00258,0.01288,0.01333,-0.47248,-0.07484,0.06745,0.48310
1700030483036232192,-0.00251,0.00276,0.01281,0.01334,-0.47233,-0.07076,0.07659,0.48370
1700030483103766272,-0.00280,0.00300,0.01266,0.01331,-0.47918,-0.07234,0.08475,0.49196
1700030483171312384,-0.00288,0.00315,0.01254,0.01325,-0.47970,-0.07892,0.07487,0.49188
1700030483238870784,-0.00299,0.00308,0.01254,0.01326,-0.48843,-0.08357,0.07913,0.50181
1700030483306441216,-0.00311,0.00311,0.01245,0.01320,-0.48956,-0.08191,0.07358,0.50178
1700030483373398272,-0.00316,0.00320,0.01237,0.01316,-0.49005,-0.07738,0.06496,0.50036
1700030483439734272,-0.00299,0.00344,0.01233,0.01314,-0.48747,-0.05925,0.05999,0.49471
1700030483506065152,-0.00302,0.00339,0.01229,0.01310,-0.48537,-0.05869,0.05645,0.49215
1700030483572390400,-0.00294,0.00352,0.01227,0.01310,-0.48415,-0.04940,0.04966,0.48919
1700030483638709504,-0.00273,0.00387,0.01227,0.01316,-0.47977,-0.03762,0.04953,0.48378
1700030483705022976,-0.00268,0.00387,0.01221,0.01309,-0.48006,-0.04102,0.04281,0.48371
1700030483771330304,-0.00262,0.00390,0.01220,0.01308,-0.48074,-0.04008,0.04076,0.48413
1700030483837630720,-0.00250,0.00399,0.01215,0.01303,-0.48181,-0.03101,0.03052,0.48377
1700030483903926272,-0.00250,0.00411,0.01213,0.01305,-0.48512,-0.02022,0.02022,0.48597
1700030483970215936,-0.00256,0.00407,0.01214,0.01305,-0.48680,-0.02448,0.01947,0.48780
1700030484036499712,-0.00245,0.00413,0.01212,0.01304,-0.48485,-0.01902,0.01224,0.48537
1700030484102777600,-0.00236,0.00416,0.01210,0.01301,-0.48466,-0.01685,0.01356,0.48514
1700030484169049600,-0.00225,0.00418,0.01208,0.01298,-0.48424,-0.01601,0.00918,0.48459
1700030484235315456,-0.00222,0.00412,0.01205,0.01293,-0.48575,-0.02269,0.01141,0.48641
1700030484301574656,-0.00216,0.00404,0.01204,0.01289,-0.48625,-0.03108,0.01156,0.48738
1700030484367877120,-0.00211,0.00391,0.01200,0.01279,-0.48561,-0.03585,0.00021,0.48693
1700030484434217216,-0.00206,0.00395,0.01199,0.01279,-0.48510,-0.03148,-0.00552,0.48615
1700030484500551424,-0.00204,0.00396,0.01198,0.01278,-0.48402,-0.02950,-0.00878,0.48500
1700030484566880000,-0.00203,0.00394,0.01197,0.01276,-0.48426,-0.03167,-0.00861,0.48537
1700030484633202432,-0.00197,0.00390,0.01196,0.01273,-0.48457,-0.03595,-0.01025,0.48601
1700030484699518720,-0.00183,0.00375,0.01192,0.01262,-0.48394,-0.04288,-0.03047,0.48679
1700030484765828608,-0.00175,0.00367,0.01194,0.01262,-0.48116,-0.05224,-0.02604,0.48469
1700030484832133376,-0.00177,0.00366,0.01184,0.01252,-0.48712,-0.05348,-0.01704,0.49035
1700030484898432000,-0.00175,0.00324,0.01172,0.01229,-0.48712,-0.07118,0.00629,0.49233
1700030484964724992,-0.00173,0.00318,0.01172,0.01227,-0.49023,-0.07285,-0.00339,0.49562
1700030485031012352,-0.00172,0.00314,0.01172,0.01226,-0.48998,-0.07446,-0.00585,0.49564
1700030485097293312,-0.00170,0.00302,0.01170,0.01220,-0.49180,-0.08270,-0.00017,0.49870
1700030485163567616,-0.00167,0.00296,0.01167,0.01216,-0.49250,-0.08802,0.00205,0.50031
1700030485229837056,-0.00167,0.00285,0.01163,0.01209,-0.49661,-0.09362,0.00620,0.50539
1700030485296100352,-0.00166,0.00277,0.01164,0.01208,-0.49692,-0.09808,0.00826,0.50658
1700030485362405632,-0.00165,0.00277,0.01163,0.01207,-0.49713,-0.09821,0.00609,0.50677
1700030485428748032,-0.00169,0.00270,0.01160,0.01203,-0.50048,-0.09904,-0.00028,0.51019
1700030485495084544,-0.00169,0.00270,0.01160,0.01203,-0.50048,-0.09904,-0.00028,0.51019
1700030485561415168,-0.00169,0.00270,0.01160,0.01203,-0.50048,-0.09904,-0.00028,0.51019
1700030485627738880,-0.00169,0.00270,0.01160,0.01203,-0.50048,-0.09904,-0.00028,0.51019
1700030485694058240,-0.00169,0.00270,0.01160,0.01203,-0.50048,-0.09904,-0.00028,0.51019
1700030485760371200,-0.00169,0.00270,0.01160,0.01203,-0.50048,-0.09904,-0.00028,0.51019
1700030485826678272,-0.00171,0.00270,0.01157,0.01201,-0.50279,-0.09897,0.00987,0.51254
1700030485892979456,-0.00171,0.00270,0.01157,0.01201,-0.50279,-0.09897,0.00987,0.51254
1700030485959274752,-0.00171,0.00270,0.01157,0.01201,-0.50279,-0.09897,0.00987,0.51254
1700030486025564160,-0.00171,0.00270,0.01157,0.01201,-0.50279,-0.09897,0.00987,0.51254
1700030486091846656,-0.00171,0.00270,0.01157,0.01201,-0.50279,-0.09897,0.00987,0.51254
1700030486158124288,-0.00171,0.00270,0.01157,0.01201,-0.50279,-0.09897,0.00987,0.51254
1700030486224396032,-0.00171,0.00270,0.01157,0.01201,-0.50279,-0.09897,0.00987,0.51254
1700030486290661888,-0.00171,0.00270,0.01157,0.01201,-0.50279,-0.09897,0.00987,0.51254
1700030486357176064,-0.00171,0.00270,0.01157,0.01201,-0.50279,-0.09897,0.00987,0.51254
1700030486423943168,-0.00171,0.00270,0.01157,0.01201,-0.50279,-0.09897,0.00987,0.51254
1700030486490714880,-0.00171,0.00270,0.01157,0.01201,-0.50279,-0.09897,0.00987,0.51254
1700030486557491968,-0.00171,0.00270,0.01157,0.01201,-0.50279,-0.09897,0.00987,0.51254
1700030486624274432,-0.00171,0.00270,0.01157,0.01201,-0.50279,-0.09897,0.00987,0.51254
1700030486691061504,-0.00171,0.00270,0.01157,0.01201,-0.50279,-0.09897,0.00987,0.51254
1700030486757853696,-0.00171,0.00270,0.01157,0.01201,-0.50279,-0.09897,0.00987,0.51254
1700030486824651264,-0.00171,0.00270,0.01157,0.01201,-0.50279,-0.09897,0.00987,0.51254
1700030486891452928,-0.00173,0.00267,0.01156,0.01199,-0.50572,-0.09908,0.00213,0.51533
1700030486958259456,-0.00173,0.00267,0.01156,0.01199,-0.50572,-0.09908,0.00213,0.51533
1700030487025071616,-0.00160,0.00277,0.01161,0.01205,-0.49463,-0.09938,0.03415,0.50567
1700030487091888640,-0.00160,0.00277,0.01161,0.01205,-0.49463,-0.09938,0.03415,0.50567
1700030487158710784,-0.00160,0.00277,0.01161,0.01205,-0.49463,-0.09938,0.03415,0.50567
1700030487225537792,-0.00160,0.00277,0.01161,0.01205,-0.49463,-0.09938,0.03415,0.50567
1700030487292369920,-0.00160,0.00277,0.01161,0.01205,-0.49463,-0.09938,0.03415,0.50567
1700030487359119104,-0.00160,0.00277,0.01161,0.01205,-0.49463,-0.09938,0.03415,0.50567
1700030487425782784,-0.00160,0.00277,0.01161,0.01205,-0.49463,-0.09938,0.03415,0.50567
1700030487493269248,-0.00138,0.00281,0.01162,0.01203,-0.48993,-0.10641,0.02086,0.50178
1700030487560769536,-0.00133,0.00291,0.01164,0.01208,-0.48782,-0.10403,0.00266,0.49880
1700030487628283392,-0.00126,0.00287,0.01166,0.01207,-0.49394,-0.10340,-0.01318,0.50482
1700030487695811072,-0.00131,0.00282,0.01162,0.01203,-0.50391,-0.09833,-0.01982,0.51379
1700030487763352064,-0.00136,0.00272,0.01158,0.01197,-0.50884,-0.10287,-0.01418,0.51933
1700030487830905856,-0.00136,0.00272,0.01158,0.01197,-0.50884,-0.10287,-0.01418,0.51933
1700030487898474752,-0.00136,0.00272,0.01158,0.01197,-0.50884,-0.10287,-0.01418,0.51933
1700030487966056704,-0.00136,0.00272,0.01158,0.01197,-0.50884,-0.10287,-0.01418,0.51933
1700030488033652480,-0.00136,0.00272,0.01158,0.01197,-0.50884,-0.10287,-0.01418,0.51933
1700030488101262080,-0.00136,0.00272,0.01158,0.01197,-0.50884,-0.10287,-0.01418,0.51933
1700030488168885504,-0.00136,0.00272,0.01158,0.01197,-0.50884,-0.10287,-0.01418,0.51933
1700030488236522496,-0.00136,0.00272,0.01158,0.01197,-0.50884,-0.10287,-0.01418,0.51933
1700030488304171776,-0.00139,0.00261,0.01156,0.01193,-0.51752,-0.10008,-0.03783,0.52847
1700030488371836160,-0.00139,0.00261,0.01156,0.01193,-0.51752,-0.10008,-0.03783,0.52847
1700030488439509504,-0.00139,0.00261,0.01156,0.01193,-0.51752,-0.10008,-0.03783,0.52847
1700030488506276352,-0.00139,0.00261,0.01156,0.01193,-0.51752,-0.10008,-0.03783,0.52847
1700030488573523200,-0.00139,0.00260,0.01156,0.01193,-0.51817,-0.09975,-0.03972,0.52917
1700030488640650752,-0.00139,0.00260,0.01156,0.01193,-0.51817,-0.09975,-0.03972,0.52917
1700030488707782144,-0.00139,0.00260,0.01156,0.01193,-0.51817,-0.09975,-0.03972,0.52917
1700030488774916864,-0.00139,0.00260,0.01156,0.01193,-0.51817,-0.09975,-0.03972,0.52917
1700030488842056960,-0.00139,0.00260,0.01156,0.01193,-0.51817,-0.09975,-0.03972,0.52917
1700030488909200896,-0.00141,0.00256,0.01154,0.01191,-0.52126,-0.09818,-0.05024,0.53280
1700030488976349440,-0.00142,0.00251,0.01153,0.01188,-0.52443,-0.09667,-0.06047,0.53669
1700030489043501824,-0.00142,0.00251,0.01153,0.01188,-0.52443,-0.09667,-0.06047,0.53669
1700030489110658560,-0.00150,0.00250,0.01149,0.01185,-0.52780,-0.08993,-0.06828,0.53975
1700030489177818624,-0.00150,0.00250,0.01149,0.01185,-0.52780,-0.08993,-0.06828,0.53975
1700030489244983808,-0.00150,0.00250,0.01149,0.01185,-0.52780,-0.08993,-0.06828,0.53975
1700030489312153088,-0.00150,0.00250,0.01149,0.01185,-0.52780,-0.08993,-0.06828,0.53975
1700030489379326464,-0.00150,0.00250,0.01149,0.01185,-0.52780,-0.08993,-0.06828,0.53975
1700030489446504448,-0.00150,0.00245,0.01148,0.01183,-0.53177,-0.08899,-0.07647,0.54456
1700030489513550080,-0.00150,0.00245,0.01148,0.01183,-0.53177,-0.08899,-0.07647,0.54456
1700030489580348160,-0.00150,0.00245,0.01148,0.01183,-0.53177,-0.08899,-0.07647,0.54456
1700030489647145472,-0.00150,0.00245,0.01148,0.01183,-0.53177,-0.08899,-0.07647,0.54456
1700030489714201088,-0.00150,0.00245,0.01148,0.01183,-0.53177,-0.08899,-0.07647,0.54456
1700030489781259520,-0.00150,0.00245,0.01148,0.01183,-0.53177,-0.08899,-0.07647,0.54456
1700030489848321024,-0.00150,0.00245,0.01148,0.01183,-0.53177,-0.08899,-0.07647,0.54456
1700030489915385600,-0.00150,0.00245,0.01148,0.01183,-0.53177,-0.08899,-0.07647,0.54456
1700030489982452992,-0.00150,0.00248,0.01148,0.01184,-0.52901,-0.08967,-0.06737,0.54077
1700030490049523456,-0.00156,0.00233,0.01143,0.01177,-0.54228,-0.08775,-0.08623,0.55606
1700030490116596224,-0.00156,0.00232,0.01143,0.01177,-0.54259,-0.08768,-0.08693,0.55646
1700030490183672576,-0.00156,0.00232,0.01143,0.01177,-0.54259,-0.08768,-0.08693,0.55646
1700030490250752256,-0.00156,0.00232,0.01143,0.01177,-0.54259,-0.08768,-0.08693,0.55646
1700030490317834496,-0.00156,0.00232,0.01143,0.01177,-0.54259,-0.08768,-0.08693,0.55646
1700030490384920320,-0.00156,0.00232,0.01143,0.01177,-0.54259,-0.08768,-0.08693,0.55646
1700030490452008960,-0.00156,0.00232,0.01143,0.01177,-0.54259,-0.08768,-0.08693,0.55646
1700030490519099648,-0.00156,0.00227,0.01143,0.01176,-0.54708,-0.08598,-0.12450,0.56761
1700030490586193920,-0.00156,0.00226,0.01143,0.01176,-0.54738,-0.08597,-0.12534,0.56809
1700030490653290496,-0.00157,0.00224,0.01143,0.01175,-0.54954,-0.08559,-0.13242,0.57171
1700030490719553024,-0.00157,0.00224,0.01143,0.01175,-0.54954,-0.08559,-0.13242,0.57171
1700030490785808384,-0.00157,0.00224,0.01143,0.01175,-0.54954,-0.08559,-0.13242,0.57171
1700030490852056832,-0.00157,0.00224,0.01143,0.01175,-0.54954,-0.08559,-0.13242,0.57171
1700030490918297856,-0.00157,0.00224,0.01143,0.01175,-0.54954,-0.08559,-0.13242,0.57171
1700030490984530688,-0.00157,0.00224,0.01143,0.01175,-0.54954,-0.08559,-0.13242,0.57171
1700030491050757632,-0.00158,0.00224,0.01143,0.01175,-0.55063,-0.08420,-0.14040,0.57445
1700030491116977152,-0.00158,0.00224,0.01143,0.01175,-0.55063,-0.08420,-0.14040,0.57445
1700030491183189504,-0.00158,0.00224,0.01143,0.01175,-0.55063,-0.08420,-0.14040,0.57445
1700030491249395456,-0.00158,0.00224,0.01143,0.01175,-0.55063,-0.08420,-0.14040,0.57445
1700030491315593472,-0.00158,0.00224,0.01143,0.01175,-0.55063,-0.08420,-0.14040,0.57445
1700030491381784576,-0.00158,0.00224,0.01143,0.01175,-0.55063,-0.08420,-0.14040,0.57445
1700030491447967488,-0.00158,0.00224,0.01143,0.01175,-0.55063,-0.08420,-0.14040,0.57445
1700030491514144256,-0.00158,0.00224,0.01143,0.01175,-0.55063,-0.08420,-0.14040,0.57445
1700030491580313856,-0.00158,0.00224,0.01143,0.01175,-0.55063,-0.08420,-0.14040,0.57445
1700030491646479616,-0.00160,0.00227,0.01144,0.01177,-0.55281,-0.08091,-0.16128,0.58151
1700030491712752896,-0.00164,0.00223,0.01142,0.01175,-0.55757,-0.07964,-0.17076,0.58855
1700030491779019520,-0.00167,0.00221,0.01141,0.01174,-0.56109,-0.07866,-0.17717,0.59363
1700030491845277696,-0.00167,0.00221,0.01141,0.01174,-0.56109,-0.07866,-0.17717,0.59363
1700030491911530240,-0.00167,0.00218,0.01140,0.01173,-0.56178,-0.08014,-0.17578,0.59406
1700030491977775872,-0.00167,0.00218,0.01140,0.01173,-0.56178,-0.08014,-0.17578,0.59406
1700030492044014336,-0.00167,0.00218,0.01140,0.01173,-0.56178,-0.08014,-0.17578,0.59406
1700030492110245632,-0.00167,0.00218,0.01140,0.01173,-0.56178,-0.08014,-0.17578,0.59406
1700030492176470016,-0.00167,0.00218,0.01140,0.01173,-0.56178,-0.08014,-0.17578,0.59406
1700030492242687488,-0.00167,0.00218,0.01140,0.01173,-0.56178,-0.08014,-0.17578,0.59406
1700030492308896768,-0.00167,0.00218,0.01140,0.01173,-0.56178,-0.08014,-0.17578,0.59406
1700030492375100160,-0.00167,0.00218,0.01140,0.01173,-0.56178,-0.08014,-0.17578,0.59406
1700030492441296384,-0.00167,0.00218,0.01140,0.01173,-0.56178,-0.08014,-0.17578,0.59406
1700030492507485696,-0.00167,0.00218,0.01140,0.01173,-0.56178,-0.08014,-0.17578,0.59406
1700030492573668096,-0.00165,0.00233,0.01145,0.01181,-0.56493,-0.07296,-0.21906,0.61029
1700030492639845888,-0.00165,0.00233,0.01145,0.01181,-0.56493,-0.07296,-0.21906,0.61029
1700030492706560512,-0.00212,0.00228,0.01135,0.01177,-0.60117,-0.04992,-0.21170,0.63931
1700030492773641216,-0.00214,0.00227,0.01134,0.01177,-0.60046,-0.04966,-0.19997,0.63483
1700030492840635904,-0.00219,0.00229,0.01136,0.01179,-0.60104,-0.04689,-0.19145,0.63254
1700030492907632896,-0.00219,0.00229,0.01136,0.01179,-0.60104,-0.04689,-0.19145,0.63254
1700030492974631424,-0.00219,0.00229,0.01136,0.01179,-0.60104,-0.04689,-0.19145,0.63254
1700030493041632256,-0.00219,0.00229,0.01136,0.01179,-0.60104,-0.04689,-0.19145,0.63254
1700030493108634368,-0.00219,0.00229,0.01136,0.01179,-0.60104,-0.04689,-0.19145,0.63254
1700030493175638016,-0.00219,0.00229,0.01136,0.01179,-0.60104,-0.04689,-0.19145,0.63254
1700030493242644224,-0.00228,0.00216,0.01131,0.01174,-0.60386,-0.04874,-0.16416,0.62767
1700030493309652224,-0.00228,0.00216,0.01131,0.01174,-0.60386,-0.04874,-0.16416,0.62767
1700030493376662272,-0.00228,0.00216,0.01131,0.01174,-0.60386,-0.04874,-0.16416,0.62767
1700030493443674368,-0.00228,0.00216,0.01131,0.01174,-0.60386,-0.04874,-0.16416,0.62767
1700030493510688256,-0.00228,0.00216,0.01131,0.01174,-0.60386,-0.04874,-0.16416,0.62767
1700030493577703936,-0.00230,0.00216,0.01131,0.01174,-0.60607,-0.04858,-0.16900,0.63106
1700030493644720896,-0.00230,0.00216,0.01131,0.01174,-0.60607,-0.04858,-0.16900,0.63106
1700030493711645952,-0.00230,0.00216,0.01131,0.01174,-0.60607,-0.04858,-0.16900,0.63106
1700030493778179328,-0.00239,0.00213,0.01129,0.01174,-0.62154,-0.04789,-0.19657,0.65364
1700030493878052608,-0.00247,0.00208,0.01127,0.01172,-0.63069,-0.04839,-0.20560,0.66512
1700030493944636672,-0.00247,0.00216,0.01131,0.01178,-0.63083,-0.04280,-0.20409,0.66440
1700030494011221504,-0.00247,0.00216,0.01131,0.01178,-0.63083,-0.04280,-0.20409,0.66440
1700030494077806848,-0.00247,0.00216,0.01131,0.01178,-0.63083,-0.04280,-0.20409,0.66440
1700030494144394752,-0.00247,0.00216,0.01131,0.01178,-0.63083,-0.04280,-0.20409,0.66440
1700030494210983424,-0.00247,0.00216,0.01131,0.01178,-0.63083,-0.04280,-0.20409,0.66440
1700030494277573888,-0.00247,0.00216,0.01131,0.01178,-0.63083,-0.04280,-0.20409,0.66440
1700030494344165632,-0.00247,0.00216,0.01131,0.01178,-0.63083,-0.04280,-0.20409,0.66440
1700030494410758144,-0.00247,0.00216,0.01131,0.01178,-0.63083,-0.04280,-0.20409,0.66440
1700030494477352960,-0.00247,0.00216,0.01131,0.01178,-0.63083,-0.04280,-0.20409,0.66440
1700030494543947264,-0.00247,0.00216,0.01131,0.01178,-0.63083,-0.04280,-0.20409,0.66440
1700030494610544128,-0.00247,0.00216,0.01131,0.01178,-0.63083,-0.04280,-0.20409,0.66440
1700030494677142528,-0.00247,0.00216,0.01131,0.01178,-0.63083,-0.04280,-0.20409,0.66440
1700030494743855616,-0.00247,0.00216,0.01131,0.01178,-0.63083,-0.04280,-0.20409,0.66440
1700030494809766144,-0.00247,0.00216,0.01131,0.01178,-0.63083,-0.04280,-0.20409,0.66440
1700030494876036096,-0.00247,0.00216,0.01131,0.01178,-0.63083,-0.04280,-0.20409,0.66440
1700030494942299392,-0.00247,0.00216,0.01131,0.01178,-0.63083,-0.04280,-0.20409,0.66440
1700030495008554496,-0.00247,0.00216,0.01131,0.01178,-0.63083,-0.04280,-0.20409,0.66440
1700030495074803456,-0.00247,0.00216,0.01131,0.01178,-0.63083,-0.04280,-0.20409,0.66440
1700030495141045504,-0.00247,0.00216,0.01131,0.01178,-0.63083,-0.04280,-0.20409,0.66440
1700030495207281152,-0.00247,0.00216,0.01131,0.01178,-0.63083,-0.04280,-0.20409,0.66440
1700030495273509376,-0.00247,0.00216,0.01131,0.01178,-0.63083,-0.04280,-0.20409,0.66440
1700030495339730688,-0.00263,0.00220,0.01133,0.01184,-0.65520,-0.03861,-0.24043,0.69898
1700030495405944064,-0.00263,0.00220,0.01133,0.01184,-0.65520,-0.03861,-0.24043,0.69898
1700030495472151552,-0.00263,0.00220,0.01133,0.01184,-0.65520,-0.03861,-0.24043,0.69898
1700030495538352128,-0.00263,0.00220,0.01133,0.01184,-0.65520,-0.03861,-0.24043,0.69898
1700030495604545792,-0.00263,0.00220,0.01133,0.01184,-0.65520,-0.03861,-0.24043,0.69898
1700030495670732544,-0.00233,0.00234,0.01137,0.01184,-0.62260,-0.03840,-0.22142,0.66192
1700030495737323008,-0.00233,0.00234,0.01137,0.01184,-0.62260,-0.03840,-0.22142,0.66192
1700030495804009728,-0.00233,0.00234,0.01137,0.01184,-0.62260,-0.03840,-0.22142,0.66192
1700030495870847744,-0.00233,0.00234,0.01137,0.01184,-0.62260,-0.03840,-0.22142,0.66192
1700030495937840128,-0.00233,0.00234,0.01137,0.01184,-0.62260,-0.03840,-0.22142,0.66192
1700030496004834560,-0.00233,0.00234,0.01137,0.01184,-0.62260,-0.03840,-0.22142,0.66192
1700030496071831040,-0.00233,0.00234,0.01137,0.01184,-0.62260,-0.03840,-0.22142,0.66192
1700030496138829056,-0.00233,0.00234,0.01137,0.01184,-0.62260,-0.03840,-0.22142,0.66192
1700030496205829120,-0.00233,0.00234,0.01137,0.01184,-0.62260,-0.03840,-0.22142,0.66192
1700030496272830720,-0.00239,0.00220,0.01132,0.01178,-0.62356,-0.04369,-0.20386,0.65749
1700030496339833344,-0.00239,0.00220,0.01132,0.01178,-0.62356,-0.04369,-0.20386,0.65749
1700030496406838528,-0.00242,0.00208,0.01130,0.01174,-0.62975,-0.05225,-0.21327,0.66693
1700030496473845760,-0.00253,0.00207,0.01130,0.01177,-0.64762,-0.05256,-0.23590,0.69125
1700030496540854784,-0.00253,0.00207,0.01130,0.01177,-0.64762,-0.05256,-0.23590,0.69125
1700030496607865856,-0.00253,0.00207,0.01130,0.01177,-0.64762,-0.05256,-0.23590,0.69125
1700030496674878208,-0.00262,0.00207,0.01130,0.01178,-0.65646,-0.04995,-0.24045,0.70089
1700030496741891840,-0.00268,0.00213,0.01131,0.01182,-0.66263,-0.04397,-0.24788,0.70885
1700030496808908032,-0.00268,0.00213,0.01131,0.01182,-0.66263,-0.04397,-0.24788,0.70885
1700030496875523328,-0.00268,0.00213,0.01131,0.01182,-0.66263,-0.04397,-0.24788,0.70885
1700030496941733632,-0.00268,0.00213,0.01131,0.01182,-0.66263,-0.04397,-0.24788,0.70885
1700030497007935744,-0.00268,0.00213,0.01131,0.01182,-0.66263,-0.04397,-0.24788,0.70885
1700030497074129920,-0.00268,0.00213,0.01131,0.01182,-0.66263,-0.04397,-0.24788,0.70885
1700030497140315904,-0.00268,0.00213,0.01131,0.01182,-0.66263,-0.04397,-0.24788,0.70885
1700030497206492672,-0.00268,0.00213,0.01131,0.01182,-0.66263,-0.04397,-0.24788,0.70885
1700030497272662528,-0.00262,0.00209,0.01130,0.01179,-0.65563,-0.04828,-0.24083,0.70013
1700030497338824192,-0.00272,0.00199,0.01132,0.01181,-0.66850,-0.05339,-0.23403,0.71030
1700030497404977920,-0.00272,0.00199,0.01132,0.01181,-0.66850,-0.05339,-0.23403,0.71030
1700030497471123456,-0.00272,0.00199,0.01132,0.01181,-0.66850,-0.05339,-0.23403,0.71030
1700030497537261312,-0.00272,0.00199,0.01132,0.01181,-0.66850,-0.05339,-0.23403,0.71030
1700030497603390720,-0.00278,0.00207,0.01133,0.01185,-0.67484,-0.04771,-0.24454,0.71937
1700030497669511168,-0.00278,0.00207,0.01133,0.01185,-0.67484,-0.04771,-0.24454,0.71937
1700030497735624192,-0.00278,0.00207,0.01133,0.01185,-0.67484,-0.04771,-0.24454,0.71937
1700030497801729536,-0.00269,0.00173,0.01123,0.01167,-0.66997,-0.07502,-0.24185,0.71622
1700030497882644224,-0.00279,0.00176,0.01124,0.01171,-0.68167,-0.07240,-0.25201,0.73036
1700030497934734848,-0.00279,0.00176,0.01124,0.01171,-0.68167,-0.07240,-0.25201,0.73036
1700030498001373184,-0.00279,0.00176,0.01124,0.01171,-0.68167,-0.07240,-0.25201,0.73036
1700030498068013312,-0.00279,0.00162,0.01121,0.01166,-0.68259,-0.08154,-0.24575,0.73005
1700030498134657024,-0.00288,0.00163,0.01121,0.01169,-0.69324,-0.08173,-0.25412,0.74286
1700030498201303296,-0.00291,0.00164,0.01122,0.01170,-0.69754,-0.08140,-0.25815,0.74822
1700030498267951872,-0.00291,0.00164,0.01122,0.01170,-0.69754,-0.08140,-0.25815,0.74822
1700030498334603264,-0.00278,0.00152,0.01122,0.01166,-0.68751,-0.09325,-0.25702,0.73988
1700030498401256960,-0.00278,0.00152,0.01122,0.01166,-0.68751,-0.09325,-0.25702,0.73988
1700030498467913472,-0.00278,0.00152,0.01122,0.01166,-0.68751,-0.09325,-0.25702,0.73988
1700030498534571264,-0.00278,0.00152,0.01122,0.01166,-0.68751,-0.09325,-0.25702,0.73988
1700030498601232896,-0.00336,0.00066,0.01096,0.01148,-0.71978,-0.11362,-0.18797,0.75255
1700030498667896832,-0.00339,0.00064,0.01096,0.01149,-0.72288,-0.11464,-0.18851,0.75580
1700030498734563584,-0.00414,0.00063,0.01127,0.01202,-0.77454,-0.07875,-0.13175,0.78960
1700030498801232384,-0.00436,0.00070,0.01137,0.01219,-0.79000,-0.06512,-0.11495,0.80097
1700030498867901696,-0.00442,0.00056,0.01133,0.01218,-0.79527,-0.07244,-0.10370,0.80527
1700030498934571776,-0.00447,0.00047,0.01139,0.01224,-0.79788,-0.08225,-0.11336,0.81008
1700030499001243392,-0.00447,0.00034,0.01150,0.01234,-0.79880,-0.09200,-0.11921,0.81287
1700030499067919104,-0.00447,0.00029,0.01154,0.01238,-0.79804,-0.09603,-0.12237,0.81306
1700030499134597120,-0.00447,0.00029,0.01154,0.01238,-0.79804,-0.09603,-0.12237,0.81306
1700030499201278208,-0.00447,0.00008,0.01149,0.01233,-0.79553,-0.10307,-0.10511,0.80903
1700030499267962112,-0.00492,-0.00034,0.01144,0.01246,-0.84328,-0.11797,-0.08452,0.85567
1700030499334648832,-0.00492,-0.00034,0.01144,0.01246,-0.84328,-0.11797,-0.08452,0.85567
1700030499401337600,-0.00519,-0.00044,0.01144,0.01257,-0.88114,-0.12450,-0.08794,0.89422
1700030499468029952,-0.00517,-0.00051,0.01146,0.01258,-0.88258,-0.12560,-0.07398,0.89454
1700030499534725120,-0.00555,-0.00047,0.01062,0.01199,-0.92260,-0.10746,-0.04299,0.92983
1700030499601423104,-0.00567,-0.00030,0.01038,0.01183,-0.95915,-0.09483,-0.01766,0.96399
1700030499668123904,-0.00568,-0.00030,0.01041,0.01186,-0.96536,-0.09452,-0.01453,0.97008
1700030499734827520,-0.00568,-0.00030,0.01041,0.01186,-0.96536,-0.09452,-0.01453,0.97008
1700030499801533952,-0.00581,-0.00036,0.01034,0.01187,-0.97065,-0.09822,-0.02446,0.97592
1700030499868227072,-0.00604,-0.00052,0.01037,0.01201,-0.98695,-0.11011,-0.04139,0.99394
1700030499935666688,-0.00619,-0.00064,0.01041,0.01213,-0.99843,-0.11894,-0.05116,1.00679
1700030500002785536,-0.00630,-0.00073,0.01044,0.01222,-1.00548,-0.12637,-0.06182,1.01527
1700030500069907968,-0.00625,-0.00077,0.01055,0.01229,-1.01016,-0.12735,-0.05535,1.01966
1700030500137034496,-0.00648,-0.00072,0.01066,0.01250,-1.03690,-0.12446,-0.04850,1.04546
1700030500204164352,-0.00647,-0.00073,0.01068,0.01251,-1.03795,-0.12485,-0.04723,1.04650
1700030500271298048,-0.00648,-0.00071,0.01065,0.01249,-1.03806,-0.12377,-0.04741,1.04648
1700030500338434560,-0.00670,-0.00066,0.01047,0.01244,-1.04525,-0.12192,-0.05718,1.05389
1700030500405575680,-0.00715,-0.00064,0.01072,0.01290,-1.08186,-0.12071,-0.05088,1.08976
1700030500472720384,-0.00732,-0.00091,0.01070,0.01299,-1.09905,-0.12550,-0.03153,1.10664
1700030500539868928,-0.00736,-0.00089,0.01076,0.01307,-1.11240,-0.12375,-0.02546,1.11955
1700030500607021056,-0.00722,-0.00072,0.01070,0.01292,-1.12558,-0.10062,-0.00109,1.13007
1700030500674177024,-0.00703,-0.00080,0.01068,0.01281,-1.11775,-0.10592,-0.00123,1.12275
1700030500741335296,-0.00697,-0.00082,0.01076,0.01285,-1.11771,-0.10411,0.00268,1.12255
1700030500808498944,-0.00697,-0.00082,0.01076,0.01285,-1.11771,-0.10411,0.00268,1.12255
1700030500875310336,-0.00697,-0.00082,0.01076,0.01285,-1.11771,-0.10411,0.00268,1.12255
1700030500941274880,-0.00696,-0.00079,0.01079,0.01287,-1.12511,-0.09823,0.01709,1.12952
1700030501007550464,-0.00712,-0.00061,0.01081,0.01296,-1.15850,-0.07107,0.05725,1.16209
1700030501073819392,-0.00711,-0.00059,0.01096,0.01308,-1.18727,-0.04806,0.10252,1.19266
1700030501140081152,-0.00711,-0.00059,0.01096,0.01308,-1.18727,-0.04806,0.10252,1.19266
1700030501206334720,-0.00678,-0.00075,0.01112,0.01304,-1.19237,-0.04751,0.12255,1.19959
1700030501272582656,-0.00666,-0.00079,0.01117,0.01303,-1.19709,-0.04282,0.13467,1.20541
1700030501338823680,-0.00656,-0.00091,0.01124,0.01304,-1.20284,-0.04651,0.14728,1.21271
1700030501405057280,-0.00663,-0.00087,0.01123,0.01307,-1.20771,-0.04712,0.13570,1.21623
1700030501471283968,-0.00668,-0.00070,0.01109,0.01296,-1.21231,-0.03154,0.14371,1.22120
1700030501537504000,-0.00684,-0.00038,0.01067,0.01268,-1.21165,-0.00928,0.13252,1.21891
1700030501603716864,-0.00693,-0.00037,0.01053,0.01261,-1.20950,-0.01149,0.12548,1.21605
1700030501669921536,-0.00696,-0.00036,0.01048,0.01259,-1.20854,-0.01225,0.12313,1.21485
1700030501736120576,-0.00690,-0.00020,0.01039,0.01247,-1.20361,0.00516,0.13704,1.21140
1700030501802312448,-0.00696,-0.00015,0.01043,0.01254,-1.20568,0.00843,0.13873,1.21366
1700030501868857344,-0.00700,-0.00006,0.01049,0.01261,-1.20767,0.01386,0.14581,1.21652
1700030501934863104,-0.00700,-0.00007,0.01049,0.01261,-1.20765,0.01373,0.14575,1.21649
1700030502001137920,-0.00699,-0.00003,0.01047,0.01259,-1.21522,0.02416,0.15684,1.22554
1700030502067404800,-0.00680,-0.00012,0.01058,0.01258,-1.19742,0.01965,0.16675,1.20913
1700030502133665536,-0.00680,-0.00001,0.01065,0.01263,-1.19401,0.02126,0.14034,1.20241
1700030502199919104,-0.00690,0.00012,0.01064,0.01268,-1.19694,0.02791,0.13033,1.20433
1700030502266165760,-0.00691,0.00011,0.01065,0.01270,-1.20011,0.02845,0.13268,1.20776
1700030502332405248,-0.00697,0.00015,0.01071,0.01278,-1.19954,0.01720,0.12660,1.20633
1700030502398637824,-0.00691,0.00000,0.01076,0.01279,-1.19928,0.00755,0.13921,1.20736
1700030502464862976,-0.00691,-0.00002,0.01078,0.01281,-1.20035,0.00582,0.14167,1.20869
1700030502531080192,-0.00693,-0.00001,0.01078,0.01281,-1.20259,0.00596,0.13844,1.21055
1700030502597291520,-0.00712,0.00015,0.01076,0.01290,-1.22144,0.01275,0.12045,1.22743
1700030502663495424,-0.00702,0.00015,0.01079,0.01288,-1.20861,0.01057,0.10120,1.21289
1700030502729692928,-0.00700,0.00016,0.01078,0.01285,-1.20554,0.01216,0.10057,1.20979
1700030502795882752,-0.00699,0.00016,0.01078,0.01285,-1.20435,0.01334,0.10275,1.20880
1700030502862384128,-0.00676,0.00003,0.01089,0.01282,-1.16602,-0.00047,0.09147,1.16960
1700030502928422656,-0.00687,0.00011,0.01088,0.01287,-1.17903,0.00405,0.09153,1.18258
1700030502994690816,-0.00678,0.00014,0.01090,0.01284,-1.16834,0.00967,0.10154,1.17278
1700030503060953088,-0.00678,0.00014,0.01090,0.01284,-1.16834,0.00967,0.10154,1.17278
