1403715528862622720,0.01298,0.03951,0.08928,0.09849,-0.01814,-0.00132,0.00775,0.01977
1403715528909787392,0.01085,0.04172,0.08506,0.09536,-0.02242,-0.00069,0.00963,0.02441
1403715528966042112,0.00558,0.03522,0.07770,0.08549,-0.02461,-0.00052,0.00942,0.02636
1403715529016036864,0.00491,0.03400,0.07690,0.08422,-0.02220,-0.00060,0.00826,0.02370
1403715529065610496,0.00471,0.03306,0.07624,0.08323,-0.02079,-0.00061,0.00753,0.02212
1403715529115246080,0.00426,0.03176,0.07547,0.08200,-0.02103,-0.00063,0.00741,0.02231
1403715529165249792,0.00196,0.02746,0.07478,0.07969,-0.02086,-0.00069,0.00691,0.02199
1403715529214817536,0.00167,0.02553,0.07439,0.07867,-0.02058,-0.00060,0.00661,0.02162
1403715529264404224,0.00243,0.02396,0.07352,0.07737,-0.01811,0.00004,0.00551,0.01893
1403715529314273280,0.00269,0.02323,0.07316,0.07681,-0.01924,0.00083,0.00575,0.02010
1403715529364153344,0.00134,0.02330,0.07340,0.07702,-0.01678,0.00116,0.00438,0.01738
1403715529414069504,0.00134,0.02343,0.07356,0.07722,-0.01690,0.00077,0.00422,0.01743
1403715529464039168,-0.00008,0.02382,0.07397,0.07771,-0.01954,0.00075,0.00665,0.02065
1403715529513954816,-0.00030,0.02415,0.07366,0.07752,-0.02304,-0.00024,0.01020,0.02519
1403715529563846656,-0.00152,0.02470,0.07312,0.07719,-0.02828,-0.00203,0.01458,0.03188
1403715529613723648,-0.00166,0.02436,0.07347,0.07742,-0.03093,-0.00244,0.01554,0.03470
1403715529663515648,-0.00219,0.02373,0.07364,0.07740,-0.03579,-0.00280,0.01658,0.03954
1403715529712839424,-0.00286,0.02318,0.07366,0.07728,-0.04050,-0.00381,0.01738,0.04423
1403715529762742272,-0.00314,0.02236,0.07415,0.07751,-0.04509,-0.00476,0.01838,0.04892
1403715529812715776,-0.00309,0.02187,0.07439,0.07760,-0.04811,-0.00547,0.01963,0.05224
1403715529862652416,-0.00313,0.02172,0.07426,0.07744,-0.05008,-0.00607,0.02156,0.05486
1403715529912771840,-0.00282,0.02152,0.07452,0.07762,-0.05161,-0.00645,0.02119,0.05616
1403715529962847232,-0.00255,0.02124,0.07489,0.07789,-0.05114,-0.00847,0.02387,0.05707
1403715530012720896,-0.00259,0.02111,0.07497,0.07793,-0.05062,-0.00832,0.02405,0.05666
1403715530062526208,-0.00267,0.02068,0.07530,0.07814,-0.04975,-0.00696,0.02432,0.05581
1403715530112556544,-0.00291,0.02038,0.07554,0.07829,-0.04912,-0.00430,0.02308,0.05444
1403715530162811904,-0.00326,0.02009,0.07582,0.07851,-0.04856,-0.00110,0.02059,0.05276
1403715530213215488,-0.00306,0.01970,0.07646,0.07901,-0.04882,0.00354,0.01893,0.05248
1403715530263416832,-0.00326,0.01961,0.07683,0.07936,-0.04889,0.00705,0.01457,0.05150
1403715530313336064,-0.00358,0.01944,0.07714,0.07963,-0.04874,0.00971,0.00988,0.05067
1403715530363185920,-0.00392,0.01930,0.07731,0.07978,-0.04848,0.01066,0.00538,0.04992
1403715530413057024,-0.00421,0.01918,0.07753,0.07998,-0.04784,0.01112,0.00551,0.04942
1403715530462881792,-0.00434,0.01909,0.07784,0.08026,-0.04702,0.00880,0.00516,0.04812
1403715530512765952,-0.00449,0.01897,0.07787,0.08028,-0.04649,0.00758,0.00536,0.04741
1403715530562716160,-0.00462,0.01885,0.07787,0.08025,-0.04585,0.00686,0.00625,0.04678
1403715530612701696,-0.00470,0.01885,0.07785,0.08024,-0.04501,0.00530,0.00816,0.04605
1403715530662712832,-0.00474,0.01874,0.07784,0.08020,-0.04409,0.00532,0.01048,0.04563
1403715530712701440,-0.00471,0.01875,0.07779,0.08016,-0.04380,0.00529,0.01160,0.04562
1403715530762705664,-0.00488,0.01879,0.07770,0.08009,-0.04247,0.00402,0.01443,0.04504
1403715530812672000,-0.00486,0.01874,0.07769,0.08006,-0.04175,0.00409,0.01538,0.04469
1403715530862647296,-0.00485,0.01866,0.07767,0.08003,-0.04131,0.00451,0.01630,0.04464
1403715530912629248,-0.00478,0.01864,0.07771,0.08006,-0.04080,0.00373,0.01722,0.04444
1403715530962625792,-0.00489,0.01889,0.07772,0.08013,-0.04086,0.00108,0.01832,0.04479
1403715531012602112,-0.00493,0.01883,0.07774,0.08014,-0.04132,0.00157,0.01849,0.04529
1403715531062535680,-0.00468,0.01891,0.07785,0.08025,-0.03949,-0.00067,0.02117,0.04481
1403715531112497920,-0.00460,0.01892,0.07785,0.08025,-0.04070,-0.00290,0.02272,0.04670
1403715531162498816,-0.00455,0.01880,0.07790,0.08027,-0.04169,-0.00275,0.02434,0.04835
1403715531212628224,-0.00444,0.01876,0.07793,0.08028,-0.04301,-0.00413,0.02603,0.05045
1403715531262736384,-0.00439,0.01876,0.07793,0.08028,-0.04324,-0.00451,0.02873,0.05211
1403715531312718592,-0.00440,0.01875,0.07789,0.08023,-0.04240,-0.00354,0.03049,0.05234
1403715531362577152,-0.00429,0.01864,0.07760,0.07992,-0.04056,0.00131,0.03163,0.05145
1403715531412589824,-0.00429,0.01864,0.07755,0.07987,-0.03944,0.00261,0.03244,0.05113
1403715531462587648,-0.00426,0.01856,0.07753,0.07984,-0.04059,0.00437,0.03269,0.05230
1403715531512545024,-0.00423,0.01858,0.07755,0.07986,-0.04151,0.00632,0.03417,0.05413
1403715531562505728,-0.00422,0.01849,0.07767,0.07995,-0.04367,0.00759,0.03415,0.05596
1403715531612362496,-0.00421,0.01855,0.07774,0.08003,-0.04560,0.00944,0.03646,0.05915
1403715531662249472,-0.00417,0.01846,0.07794,0.08020,-0.04828,0.01198,0.03841,0.06285
1403715531712264192,-0.00413,0.01853,0.07802,0.08030,-0.05026,0.01456,0.03956,0.06560
1403715531762309888,-0.00408,0.01861,0.07814,0.08043,-0.05204,0.01735,0.04282,0.06959
1403715531812410880,-0.00407,0.01873,0.07825,0.08056,-0.05355,0.01940,0.04392,0.07192
1403715531862463488,-0.00398,0.01883,0.07826,0.08059,-0.05431,0.02042,0.04535,0.07364
1403715531912476928,-0.00397,0.01889,0.07827,0.08061,-0.05488,0.02149,0.04728,0.07556
1403715531962417408,-0.00382,0.01897,0.07827,0.08063,-0.05303,0.01883,0.04923,0.07477
1403715532012391680,-0.00388,0.01895,0.07836,0.08071,-0.05318,0.01953,0.05136,0.07647
1403715532062375424,-0.00385,0.01896,0.07837,0.08072,-0.05285,0.01870,0.05281,0.07701
1403715532112368128,-0.00383,0.01899,0.07835,0.08071,-0.05325,0.01910,0.05323,0.07767
1403715532162364928,-0.00377,0.01900,0.07838,0.08074,-0.05247,0.01850,0.05474,0.07805
1403715532212351744,-0.00373,0.01901,0.07842,0.08078,-0.05155,0.01736,0.05693,0.07874
1403715532262300672,-0.00366,0.01903,0.07848,0.08084,-0.05147,0.01756,0.06031,0.08121
1403715532312289024,-0.00362,0.01905,0.07856,0.08092,-0.04902,0.01444,0.06388,0.08180
1403715532362271232,-0.00357,0.01907,0.07857,0.08094,-0.04851,0.01333,0.06582,0.08284
1403715532412270336,-0.00354,0.01911,0.07855,0.08092,-0.04821,0.01190,0.06706,0.08344
1403715532462278656,-0.00355,0.01915,0.07854,0.08092,-0.04727,0.01000,0.06811,0.08351
1403715532512284416,-0.00358,0.01916,0.07853,0.08091,-0.04654,0.00849,0.06881,0.08351
1403715532562317568,-0.00361,0.01918,0.07847,0.08086,-0.04592,0.00626,0.06833,0.08256
1403715532612340736,-0.00366,0.01920,0.07847,0.08086,-0.04476,0.00468,0.06913,0.08249
1403715532662360576,-0.00372,0.01924,0.07843,0.08084,-0.04398,0.00377,0.06939,0.08224
1403715532712379648,-0.00376,0.01927,0.07839,0.08081,-0.04352,0.00325,0.06939,0.08197
1403715532762395904,-0.00379,0.01931,0.07835,0.08078,-0.04335,0.00399,0.06868,0.08131
1403715532812405248,-0.00381,0.01937,0.07830,0.08075,-0.04333,0.00539,0.06791,0.08074
1403715532862415872,-0.00382,0.01943,0.07823,0.08070,-0.04518,0.00806,0.06524,0.07977
1403715532912398592,-0.00382,0.01951,0.07817,0.08066,-0.04575,0.01123,0.06344,0.07902
1403715532962381824,-0.00382,0.01959,0.07809,0.08060,-0.04681,0.01550,0.06068,0.07819
1403715533012367872,-0.00382,0.01968,0.07796,0.08050,-0.04846,0.02098,0.05659,0.07740
1403715533062361344,-0.00376,0.01980,0.07774,0.08031,-0.05153,0.02894,0.05005,0.07745
1403715533112343808,-0.00382,0.01984,0.07757,0.08016,-0.05367,0.03383,0.04385,0.07712
1403715533162317824,-0.00382,0.01999,0.07732,0.07995,-0.05656,0.04379,0.03590,0.08003
1403715533212281856,-0.00365,0.02011,0.07707,0.07973,-0.05775,0.05138,0.03025,0.08301
1403715533262254080,-0.00365,0.02019,0.07694,0.07963,-0.05688,0.05532,0.02777,0.08406
1403715533312232448,-0.00369,0.02024,0.07686,0.07957,-0.05491,0.05815,0.02697,0.08440
1403715533362236160,-0.00387,0.02023,0.07679,0.07950,-0.05353,0.05707,0.02418,0.08190
1403715533412314880,-0.00407,0.02016,0.07672,0.07943,-0.05140,0.05061,0.02098,0.07513
1403715533462350592,-0.00436,0.01996,0.07666,0.07934,-0.05083,0.03808,0.01452,0.06515
1403715533512401152,-0.00457,0.01981,0.07663,0.07928,-0.04834,0.02611,0.01152,0.05613
1403715533562429440,-0.00479,0.01953,0.07663,0.07922,-0.04572,0.00597,0.00860,0.04690
1403715533612469248,-0.00499,0.01930,0.07661,0.07916,-0.04383,-0.01165,0.00448,0.04557
1403715533662508032,-0.00518,0.01918,0.07663,0.07917,-0.04291,-0.02121,0.00198,0.04791
1403715533712499968,-0.00530,0.01905,0.07664,0.07915,-0.04164,-0.03144,0.00015,0.05217
1403715533762508544,-0.00546,0.01886,0.07666,0.07914,-0.04132,-0.04302,-0.00214,0.05969
1403715533812503808,-0.00552,0.01880,0.07668,0.07914,-0.03998,-0.04760,-0.00209,0.06219
1403715533862509056,-0.00566,0.01869,0.07670,0.07915,-0.03960,-0.05380,-0.00305,0.06687
1403715533912516864,-0.00566,0.01858,0.07670,0.07912,-0.03888,-0.06022,-0.00463,0.07183
1403715533962508288,-0.00570,0.01846,0.07671,0.07910,-0.03790,-0.06759,-0.00529,0.07767
1403715534012523008,-0.00570,0.01834,0.07671,0.07908,-0.03663,-0.07486,-0.00605,0.08356
1403715534062540544,-0.00569,0.01828,0.07672,0.07907,-0.03587,-0.07768,-0.00603,0.08578
1403715534112545792,-0.00564,0.01826,0.07673,0.07907,-0.03414,-0.07923,-0.00463,0.08640
1403715534162540800,-0.00562,0.01823,0.07673,0.07907,-0.03380,-0.08111,-0.00338,0.08794
1403715534212543744,-0.00560,0.01823,0.07673,0.07906,-0.03355,-0.08087,-0.00335,0.08762
1403715534262537728,-0.00553,0.01824,0.07672,0.07905,-0.03395,-0.07953,-0.00159,0.08648
1403715534312539904,-0.00544,0.01826,0.07671,0.07904,-0.03425,-0.07721,0.00013,0.08447
1403715534362537216,-0.00540,0.01819,0.07669,0.07900,-0.03730,-0.07881,0.00189,0.08722
1403715534412533504,-0.00528,0.01823,0.07666,0.07897,-0.03896,-0.07506,0.00521,0.08473
1403715534462534400,-0.00519,0.01825,0.07663,0.07895,-0.04059,-0.07178,0.00773,0.08282
1403715534512527872,-0.00508,0.01831,0.07661,0.07893,-0.04179,-0.06626,0.01004,0.07898
1403715534562500352,-0.00498,0.01839,0.07660,0.07893,-0.04267,-0.05939,0.01294,0.07427
1403715534612495872,-0.00489,0.01849,0.07659,0.07894,-0.04173,-0.05193,0.01431,0.06814
1403715534662466048,-0.00481,0.01855,0.07657,0.07894,-0.04230,-0.04625,0.01588,0.06466
1403715534712448000,-0.00473,0.01859,0.07658,0.07895,-0.04218,-0.04280,0.02077,0.06358
1403715534762410752,-0.00468,0.01867,0.07659,0.07897,-0.04181,-0.03720,0.02583,0.06163
1403715534812391424,-0.00469,0.01878,0.07659,0.07900,-0.04131,-0.02971,0.02604,0.05717
1403715534862362112,-0.00467,0.01890,0.07660,0.07903,-0.04061,-0.02138,0.02814,0.05383
1403715534912338944,-0.00464,0.01902,0.07659,0.07906,-0.03933,-0.01245,0.02888,0.05036
1403715534962318336,-0.00459,0.01911,0.07657,0.07905,-0.03925,-0.00509,0.02769,0.04830
1403715535012290048,-0.00457,0.01923,0.07656,0.07907,-0.03895,0.00415,0.02684,0.04748
1403715535062258176,-0.00454,0.01937,0.07655,0.07909,-0.03817,0.01494,0.02660,0.04886
1403715535112200960,-0.00455,0.01947,0.07653,0.07910,-0.03765,0.02396,0.02500,0.05115
1403715535162190080,-0.00454,0.01957,0.07654,0.07913,-0.03682,0.03156,0.02617,0.05511
1403715535212180480,-0.00454,0.01973,0.07656,0.07919,-0.03575,0.04097,0.02894,0.06160
1403715535262157056,-0.00460,0.01980,0.07655,0.07920,-0.03597,0.04590,0.02861,0.06496
1403715535312164608,-0.00456,0.01997,0.07656,0.07925,-0.03481,0.05542,0.03276,0.07319
1403715535362173184,-0.00453,0.02005,0.07656,0.07927,-0.03301,0.06085,0.03489,0.07752
1403715535412181504,-0.00453,0.02011,0.07655,0.07928,-0.03259,0.06419,0.03608,0.08052
1403715535462188800,-0.00453,0.02015,0.07655,0.07929,-0.03279,0.06644,0.03714,0.08288
1403715535512182528,-0.00452,0.02018,0.07655,0.07929,-0.03244,0.06760,0.03910,0.08457
1403715535562170368,-0.00448,0.02020,0.07655,0.07929,-0.03140,0.06814,0.04104,0.08552
1403715535612156928,-0.00446,0.02022,0.07654,0.07930,-0.03102,0.06958,0.04238,0.08718
1403715535662127360,-0.00443,0.02025,0.07654,0.07929,-0.03062,0.07144,0.04418,0.08940
1403715535712104192,-0.00439,0.02027,0.07654,0.07930,-0.03037,0.07209,0.04690,0.09121
1403715535762070272,-0.00437,0.02029,0.07653,0.07930,-0.03146,0.07315,0.04841,0.09319
1403715535812044032,-0.00434,0.02031,0.07653,0.07930,-0.03122,0.07490,0.04996,0.09529
1403715535862024960,-0.00433,0.02033,0.07653,0.07930,-0.03236,0.07453,0.05168,0.09629
1403715535912004096,-0.00428,0.02034,0.07652,0.07929,-0.03261,0.07433,0.05401,0.09750
1403715535961988864,-0.00425,0.02036,0.07652,0.07929,-0.03292,0.07439,0.05647,0.09903
1403715536011974400,-0.00421,0.02037,0.07651,0.07929,-0.03288,0.07457,0.05852,0.10033
1403715536061962240,-0.00418,0.02037,0.07651,0.07928,-0.03250,0.07499,0.06032,0.10158
1403715536111958272,-0.00415,0.02040,0.07649,0.07927,-0.03318,0.07432,0.06221,0.10245
1403715536161940736,-0.00414,0.02040,0.07648,0.07927,-0.03233,0.07496,0.06238,0.10274
1403715536211933696,-0.00412,0.02040,0.07648,0.07926,-0.03158,0.07515,0.06243,0.10268
1403715536261910272,-0.00410,0.02039,0.07647,0.07925,-0.03041,0.07557,0.06228,0.10254
1403715536311884544,-0.00411,0.02037,0.07647,0.07925,-0.02904,0.07540,0.06194,0.10181
1403715536361848576,-0.00410,0.02036,0.07646,0.07923,-0.02773,0.07586,0.06191,0.10177
1403715536411825920,-0.00409,0.02034,0.07645,0.07921,-0.02612,0.07671,0.06158,0.10178
1403715536461805568,-0.00409,0.02033,0.07644,0.07920,-0.02515,0.07705,0.06209,0.10210
1403715536511801856,-0.00410,0.02031,0.07644,0.07920,-0.02457,0.07747,0.06247,0.10251
1403715536561802752,-0.00410,0.02029,0.07645,0.07920,-0.02393,0.07831,0.06257,0.10306
1403715536611818496,-0.00409,0.02027,0.07645,0.07920,-0.02242,0.08073,0.06206,0.10427
1403715536661831680,-0.00408,0.02025,0.07645,0.07919,-0.02140,0.08226,0.06170,0.10503
1403715536711844352,-0.00409,0.02024,0.07644,0.07918,-0.02036,0.08390,0.06123,0.10584
1403715536761854464,-0.00409,0.02023,0.07643,0.07917,-0.01941,0.08527,0.06078,0.10650
1403715536811855872,-0.00410,0.02022,0.07643,0.07917,-0.01822,0.08664,0.06086,0.10744
1403715536861867008,-0.00411,0.02020,0.07644,0.07917,-0.01781,0.08755,0.06064,0.10798
1403715536911878400,-0.00412,0.02018,0.07644,0.07917,-0.01679,0.08894,0.06064,0.10895
1403715536961876992,-0.00412,0.02017,0.07645,0.07918,-0.01696,0.08860,0.06061,0.10867
1403715537011871232,-0.00413,0.02017,0.07647,0.07919,-0.01795,0.08731,0.05990,0.10740
1403715537061871104,-0.00414,0.02016,0.07649,0.07921,-0.01875,0.08707,0.05869,0.10666
1403715537111867392,-0.00414,0.02017,0.07650,0.07922,-0.01923,0.08643,0.05808,0.10589
1403715537161856768,-0.00417,0.02018,0.07652,0.07925,-0.01945,0.08537,0.05816,0.10511
1403715537211861504,-0.00420,0.02020,0.07653,0.07927,-0.01838,0.08726,0.05783,0.10628
1403715537261856768,-0.00423,0.02023,0.07654,0.07928,-0.01782,0.08753,0.05836,0.10670
1403715537311850240,-0.00424,0.02024,0.07655,0.07930,-0.01822,0.08665,0.05855,0.10615
1403715537361869568,-0.00424,0.02026,0.07655,0.07930,-0.01737,0.08652,0.05895,0.10612
1403715537411928064,-0.00425,0.02028,0.07655,0.07930,-0.01525,0.08762,0.05992,0.10724
1403715537461957888,-0.00425,0.02029,0.07655,0.07931,-0.01392,0.08762,0.06021,0.10722
1403715537511974656,-0.00424,0.02029,0.07654,0.07930,-0.01204,0.08794,0.06072,0.10754
1403715537561966848,-0.00424,0.02030,0.07653,0.07929,-0.01011,0.08886,0.06148,0.10853
1403715537611958016,-0.00423,0.02032,0.07652,0.07929,-0.00859,0.08931,0.06129,0.10865
1403715537661954304,-0.00422,0.02033,0.07652,0.07928,-0.00813,0.08918,0.06121,0.10847
1403715537711950336,-0.00420,0.02034,0.07651,0.07928,-0.00764,0.08871,0.06128,0.10808
1403715537761931264,-0.00417,0.02034,0.07647,0.07924,-0.00665,0.08764,0.06265,0.10794
1403715537811946240,-0.00412,0.02035,0.07644,0.07921,-0.00614,0.08615,0.06390,0.10744
1403715537861932800,-0.00407,0.02035,0.07640,0.07917,-0.00500,0.08480,0.06563,0.10734
1403715537911931904,-0.00404,0.02036,0.07638,0.07915,-0.00439,0.08360,0.06648,0.10690
1403715537961913344,-0.00401,0.02037,0.07636,0.07914,-0.00323,0.08238,0.06757,0.10660
1403715538011905792,-0.00398,0.02038,0.07634,0.07911,-0.00422,0.08094,0.06754,0.10550
1403715538061893120,-0.00395,0.02038,0.07630,0.07907,-0.00685,0.07975,0.06702,0.10440
1403715538111872512,-0.00392,0.02039,0.07626,0.07903,-0.00886,0.07835,0.06698,0.10346
1403715538161858560,-0.00390,0.02040,0.07622,0.07900,-0.01035,0.07719,0.06710,0.10280
1403715538211859712,-0.00387,0.02042,0.07619,0.07897,-0.01101,0.07588,0.06748,0.10214
1403715538261864960,-0.00384,0.02043,0.07617,0.07895,-0.01094,0.07358,0.06754,0.10047
1403715538311870976,-0.00382,0.02045,0.07615,0.07894,-0.01069,0.07195,0.06710,0.09896
1403715538361871872,-0.00381,0.02047,0.07613,0.07893,-0.01116,0.07083,0.06670,0.09793
1403715538411880192,-0.00380,0.02046,0.07610,0.07889,-0.01323,0.07045,0.06625,0.09761
1403715538461881344,-0.00379,0.02046,0.07608,0.07888,-0.01388,0.06975,0.06600,0.09702
1403715538511874560,-0.00381,0.02047,0.07609,0.07889,-0.01423,0.06939,0.06547,0.09646
1403715538561874688,-0.00381,0.02047,0.07608,0.07888,-0.01451,0.06889,0.06522,0.09597
1403715538611874560,-0.00382,0.02048,0.07608,0.07888,-0.01452,0.06856,0.06496,0.09556
1403715538661874432,-0.00383,0.02049,0.07608,0.07888,-0.01443,0.06949,0.06499,0.09623
1403715538711876864,-0.00384,0.02050,0.07607,0.07888,-0.01412,0.06973,0.06497,0.09635
1403715538761880320,-0.00384,0.02052,0.07607,0.07888,-0.01317,0.07016,0.06492,0.09649
1403715538811884288,-0.00385,0.02053,0.07607,0.07888,-0.01290,0.07057,0.06460,0.09653
1403715538861899520,-0.00383,0.02054,0.07606,0.07888,-0.01255,0.06994,0.06295,0.09493
1403715538911901952,-0.00381,0.02055,0.07605,0.07887,-0.01286,0.07036,0.06204,0.09468
1403715538961908736,-0.00378,0.02056,0.07605,0.07887,-0.01284,0.07008,0.06101,0.09380
1403715539011901952,-0.00376,0.02055,0.07604,0.07886,-0.01319,0.06963,0.06056,0.09322
1403715539061906944,-0.00372,0.02056,0.07603,0.07884,-0.01248,0.06962,0.05956,0.09246
1403715539111906816,-0.00372,0.02055,0.07602,0.07884,-0.01227,0.06889,0.05659,0.08999
1403715539161905152,-0.00368,0.02054,0.07601,0.07882,-0.01243,0.06791,0.05465,0.08805
1403715539211903744,-0.00368,0.02054,0.07601,0.07882,-0.01063,0.06901,0.05439,0.08851
1403715539261904640,-0.00368,0.02053,0.07600,0.07881,-0.01053,0.06903,0.05325,0.08782
1403715539311907328,-0.00369,0.02053,0.07600,0.07881,-0.01012,0.06931,0.05301,0.08784
1403715539361911040,-0.00373,0.02054,0.07600,0.07882,-0.00966,0.07111,0.05239,0.08886
1403715539411928320,-0.00380,0.02059,0.07601,0.07884,-0.00697,0.07655,0.05535,0.09473
1403715539461929472,-0.00381,0.02060,0.07600,0.07883,-0.00643,0.07797,0.05647,0.09648
1403715539511940864,-0.00384,0.02062,0.07599,0.07884,-0.00542,0.08139,0.05990,0.10120
1403715539561955328,-0.00387,0.02066,0.07600,0.07885,-0.00401,0.08480,0.06421,0.10645
1403715539611978496,-0.00393,0.02074,0.07597,0.07885,0.00113,0.09715,0.06873,0.11901
1403715539661985024,-0.00394,0.02078,0.07598,0.07886,0.00302,0.10015,0.07390,0.12450
1403715539711986176,-0.00394,0.02081,0.07597,0.07887,0.00531,0.10293,0.07869,0.12967
1403715539761986304,-0.00393,0.02084,0.07597,0.07888,0.00799,0.10615,0.08405,0.13563
1403715539811981056,-0.00392,0.02091,0.07594,0.07887,0.01373,0.11511,0.09184,0.14790
1403715539861979648,-0.00393,0.02093,0.07594,0.07887,0.01428,0.11790,0.09556,0.15243
1403715539911979776,-0.00394,0.02095,0.07594,0.07887,0.01472,0.12036,0.09894,0.15650
1403715539961972992,-0.00392,0.02097,0.07593,0.07887,0.01330,0.12131,0.10446,0.16064
1403715540011959040,-0.00393,0.02098,0.07592,0.07886,0.01246,0.12367,0.10707,0.16406
1403715540061939200,-0.00391,0.02099,0.07590,0.07884,0.01140,0.12694,0.10914,0.16779
1403715540111945472,-0.00392,0.02101,0.07587,0.07882,0.00889,0.13140,0.11023,0.17174
1403715540161951488,-0.00392,0.02101,0.07584,0.07880,0.00739,0.13292,0.11087,0.17325
1403715540211968768,-0.00392,0.02104,0.07582,0.07878,0.00259,0.13788,0.11152,0.17735
1403715540261977856,-0.00391,0.02103,0.07580,0.07876,0.00159,0.13811,0.11097,0.17718
1403715540311987200,-0.00390,0.02103,0.07579,0.07875,0.00051,0.13825,0.11082,0.17718
1403715540361987840,-0.00389,0.02102,0.07577,0.07873,-0.00028,0.13801,0.11111,0.17718
1403715540411998976,-0.00387,0.02103,0.07576,0.07872,-0.00249,0.13980,0.11150,0.17883
1403715540461997824,-0.00385,0.02103,0.07575,0.07871,-0.00372,0.13990,0.11151,0.17895
1403715540512011520,-0.00382,0.02104,0.07576,0.07871,-0.00443,0.14147,0.11119,0.17999
1403715540562015232,-0.00381,0.02104,0.07576,0.07871,-0.00454,0.14130,0.11178,0.18023
1403715540612022272,-0.00381,0.02103,0.07576,0.07872,-0.00372,0.14091,0.11200,0.18004
1403715540662019584,-0.00381,0.02103,0.07577,0.07873,-0.00253,0.14061,0.11177,0.17964
1403715540712020224,-0.00380,0.02102,0.07578,0.07874,-0.00100,0.13908,0.11109,0.17800
1403715540762014464,-0.00380,0.02102,0.07579,0.07874,-0.00015,0.13808,0.11007,0.17658
1403715540812016384,-0.00380,0.02101,0.07580,0.07875,0.00157,0.13484,0.10895,0.17337
1403715540862012928,-0.00379,0.02101,0.07580,0.07875,0.00196,0.13430,0.10828,0.17252
1403715540912011264,-0.00377,0.02101,0.07580,0.07875,0.00233,0.13392,0.10754,0.17177
1403715540962012672,-0.00375,0.02101,0.07580,0.07875,0.00272,0.13360,0.10701,0.17120
1403715541012011264,-0.00374,0.02101,0.07580,0.07875,0.00381,0.13258,0.10594,0.16975
1403715541062017024,-0.00374,0.02100,0.07580,0.07875,0.00486,0.13164,0.10547,0.16875
1403715541112028160,-0.00372,0.02100,0.07582,0.07876,0.00609,0.13020,0.10508,0.16743
1403715541162028288,-0.00371,0.02099,0.07582,0.07876,0.00711,0.12995,0.10420,0.16672
1403715541212026624,-0.00369,0.02099,0.07582,0.07876,0.00770,0.12970,0.10376,0.16627
1403715541262026752,-0.00367,0.02099,0.07582,0.07876,0.00840,0.12957,0.10292,0.16569
1403715541312030720,-0.00366,0.02099,0.07583,0.07876,0.00927,0.12848,0.10251,0.16462
1403715541362033920,-0.00365,0.02099,0.07583,0.07876,0.00977,0.12811,0.10207,0.16409
1403715541412034816,-0.00362,0.02099,0.07584,0.07877,0.00933,0.12825,0.10288,0.16468
1403715541462036992,-0.00361,0.02099,0.07584,0.07878,0.00927,0.12785,0.10201,0.16382
1403715541512039424,-0.00360,0.02099,0.07585,0.07878,0.00878,0.12731,0.10163,0.16313
1403715541562041600,-0.00360,0.02099,0.07585,0.07879,0.00902,0.12657,0.10036,0.16178
1403715541612037632,-0.00360,0.02099,0.07585,0.07879,0.00879,0.12696,0.10035,0.16207
1403715541662041856,-0.00357,0.02101,0.07585,0.07879,0.00712,0.12654,0.10113,0.16214
1403715541712042496,-0.00357,0.02101,0.07585,0.07879,0.00696,0.12655,0.10121,0.16219
1403715541762038016,-0.00358,0.02100,0.07585,0.07879,0.00784,0.12651,0.10080,0.16195
1403715541812028672,-0.00358,0.02099,0.07585,0.07879,0.00913,0.12733,0.09977,0.16202
1403715541862017280,-0.00359,0.02099,0.07586,0.07879,0.01074,0.12761,0.09964,0.16226
1403715541912011776,-0.00359,0.02098,0.07586,0.07879,0.01243,0.12783,0.09983,0.16267
1403715541962006016,-0.00359,0.02098,0.07586,0.07879,0.01401,0.12786,0.10026,0.16309
1403715542012009984,-0.00359,0.02096,0.07586,0.07878,0.01582,0.12939,0.09936,0.16390
1403715542062003456,-0.00361,0.02095,0.07585,0.07877,0.01800,0.13039,0.09840,0.16434
1403715542111997184,-0.00364,0.02095,0.07585,0.07877,0.02033,0.13273,0.09631,0.16525
1403715542161987840,-0.00367,0.02094,0.07585,0.07877,0.02216,0.13220,0.09643,0.16513
1403715542211982848,-0.00368,0.02095,0.07585,0.07877,0.02216,0.13198,0.09604,0.16472
1403715542261980672,-0.00370,0.02095,0.07585,0.07878,0.02250,0.13206,0.09557,0.16456
1403715542311977728,-0.00371,0.02096,0.07585,0.07878,0.02192,0.13197,0.09510,0.16413
1403715542361978368,-0.00373,0.02096,0.07584,0.07878,0.02235,0.13152,0.09484,0.16368
1403715542411979264,-0.00375,0.02096,0.07584,0.07877,0.02285,0.13132,0.09469,0.16350
1403715542461980416,-0.00377,0.02096,0.07584,0.07877,0.02403,0.13150,0.09400,0.16342
1403715542511986688,-0.00379,0.02095,0.07583,0.07876,0.02661,0.13190,0.09277,0.16344
1403715542561993216,-0.00377,0.02098,0.07582,0.07876,0.02804,0.13118,0.09142,0.16233
1403715542611999232,-0.00377,0.02097,0.07582,0.07875,0.02959,0.13212,0.09148,0.16340
1403715542662005504,-0.00377,0.02096,0.07581,0.07875,0.03114,0.13286,0.09167,0.16439
1403715542712007168,-0.00377,0.02096,0.07581,0.07874,0.03319,0.13404,0.09150,0.16566
1403715542762015744,-0.00377,0.02097,0.07580,0.07874,0.03579,0.13497,0.09068,0.16649
1403715542812024576,-0.00376,0.02098,0.07580,0.07874,0.03822,0.13576,0.08880,0.16666
1403715542862025472,-0.00375,0.02098,0.07580,0.07874,0.03898,0.13613,0.08830,0.16688
1403715542912025856,-0.00375,0.02099,0.07581,0.07875,0.03938,0.13615,0.08757,0.16660
1403715542962024192,-0.00375,0.02100,0.07581,0.07875,0.04068,0.13661,0.08684,0.16691
1403715543012027136,-0.00374,0.02101,0.07581,0.07876,0.04082,0.13646,0.08539,0.16607
1403715543062028544,-0.00373,0.02102,0.07581,0.07876,0.04065,0.13601,0.08437,0.16514
1403715543112028160,-0.00372,0.02103,0.07581,0.07876,0.04069,0.13571,0.08352,0.16447
1403715543162027520,-0.00371,0.02104,0.07581,0.07877,0.04023,0.13537,0.08234,0.16347
1403715543212027904,-0.00371,0.02105,0.07582,0.07878,0.03904,0.13508,0.08091,0.16222
1403715543262029312,-0.00369,0.02106,0.07583,0.07878,0.03688,0.13530,0.07909,0.16100
1403715543312026624,-0.00369,0.02107,0.07584,0.07880,0.03503,0.13570,0.07753,0.16016
1403715543362022912,-0.00367,0.02108,0.07585,0.07881,0.03189,0.13632,0.07493,0.15879
1403715543412019712,-0.00368,0.02108,0.07586,0.07882,0.03019,0.13679,0.07355,0.15822
1403715543462017024,-0.00369,0.02108,0.07587,0.07883,0.02693,0.13726,0.07183,0.15725
1403715543512015360,-0.00369,0.02108,0.07589,0.07885,0.02339,0.13781,0.06991,0.15629
1403715543562020608,-0.00369,0.02108,0.07590,0.07886,0.01975,0.13857,0.06821,0.15571
1403715543612027136,-0.00369,0.02108,0.07590,0.07887,0.01623,0.13944,0.06677,0.15545
1403715543662032896,-0.00369,0.02108,0.07591,0.07887,0.01279,0.14022,0.06548,0.15528
1403715543712032256,-0.00369,0.02108,0.07592,0.07888,0.00938,0.14104,0.06422,0.15526
1403715543762027776,-0.00369,0.02108,0.07593,0.07888,0.00607,0.14213,0.06316,0.15565
1403715543812024576,-0.00370,0.02107,0.07594,0.07889,0.00328,0.14321,0.06217,0.15616
1403715543862018560,-0.00370,0.02107,0.07595,0.07890,0.00092,0.14468,0.06138,0.15716
1403715543912013568,-0.00370,0.02106,0.07596,0.07891,-0.00120,0.14590,0.06078,0.15806
1403715543962007040,-0.00369,0.02104,0.07597,0.07892,-0.00382,0.14696,0.06044,0.15895
1403715544012000512,-0.00369,0.02103,0.07597,0.07892,-0.00636,0.14752,0.06032,0.15950
1403715544061996544,-0.00367,0.02102,0.07598,0.07892,-0.00903,0.14722,0.06011,0.15928
1403715544111992064,-0.00366,0.02101,0.07597,0.07891,-0.01117,0.14700,0.06012,0.15921
1403715544161991168,-0.00365,0.02101,0.07597,0.07891,-0.01275,0.14663,0.05983,0.15888
1403715544211987200,-0.00364,0.02100,0.07598,0.07891,-0.01366,0.14633,0.05964,0.15861
1403715544261983744,-0.00364,0.02099,0.07598,0.07891,-0.01434,0.14601,0.05954,0.15833
1403715544311984128,-0.00363,0.02098,0.07599,0.07891,-0.01532,0.14666,0.06027,0.15930
1403715544361982464,-0.00363,0.02098,0.07599,0.07892,-0.01534,0.14691,0.06015,0.15949
1403715544411981312,-0.00363,0.02098,0.07600,0.07892,-0.01526,0.14745,0.06043,0.16008
1403715544461981440,-0.00363,0.02098,0.07600,0.07892,-0.01519,0.14766,0.06052,0.16031
1403715544511981056,-0.00361,0.02098,0.07600,0.07892,-0.01545,0.14705,0.06102,0.15996
1403715544561979904,-0.00360,0.02096,0.07600,0.07892,-0.01567,0.14619,0.06121,0.15926
1403715544611980800,-0.00359,0.02096,0.07600,0.07892,-0.01543,0.14542,0.06145,0.15862
1403715544661978624,-0.00357,0.02094,0.07600,0.07892,-0.01507,0.14339,0.06057,0.15638
1403715544711969280,-0.00355,0.02092,0.07600,0.07891,-0.01450,0.14151,0.06006,0.15441
1403715544761960448,-0.00352,0.02088,0.07601,0.07890,-0.01349,0.13836,0.05922,0.15110
1403715544811955968,-0.00350,0.02086,0.07601,0.07890,-0.01248,0.13627,0.05885,0.14896
1403715544861953280,-0.00348,0.02084,0.07602,0.07890,-0.01175,0.13418,0.05842,0.14681
1403715544911955200,-0.00346,0.02083,0.07603,0.07890,-0.01175,0.13210,0.05897,0.14515
1403715544961955840,-0.00343,0.02079,0.07604,0.07890,-0.01352,0.12756,0.05862,0.14104
1403715545011955456,-0.00341,0.02078,0.07604,0.07891,-0.01491,0.12491,0.05901,0.13895
1403715545061956864,-0.00341,0.02077,0.07605,0.07891,-0.01692,0.12256,0.05933,0.13721
1403715545111957760,-0.00341,0.02077,0.07605,0.07891,-0.01878,0.12124,0.05966,0.13642
1403715545161964288,-0.00342,0.02077,0.07605,0.07891,-0.02137,0.11940,0.05907,0.13492
1403715545211965440,-0.00343,0.02077,0.07605,0.07891,-0.02331,0.11819,0.05887,0.13408
1403715545261966592,-0.00343,0.02077,0.07605,0.07891,-0.02588,0.11809,0.05937,0.13468
1403715545311967744,-0.00342,0.02077,0.07605,0.07891,-0.02789,0.11634,0.05983,0.13377
1403715545361969664,-0.00342,0.02076,0.07606,0.07892,-0.02994,0.11490,0.05936,0.13275
1403715545411971072,-0.00342,0.02076,0.07606,0.07892,-0.03149,0.11434,0.05992,0.13288
1403715545461970432,-0.00344,0.02075,0.07609,0.07894,-0.03560,0.11344,0.06050,0.13340
1403715545511971840,-0.00344,0.02074,0.07608,0.07893,-0.03725,0.11392,0.06073,0.13436
1403715545561971968,-0.00343,0.02073,0.07608,0.07893,-0.03871,0.11398,0.06082,0.13487
1403715545611973120,-0.00342,0.02071,0.07608,0.07892,-0.04045,0.11321,0.06068,0.13466
1403715545661972224,-0.00341,0.02071,0.07608,0.07892,-0.04084,0.11245,0.06033,0.13399
1403715545711974656,-0.00338,0.02070,0.07607,0.07891,-0.03967,0.11380,0.06058,0.13489
1403715545761975040,-0.00336,0.02070,0.07606,0.07890,-0.03866,0.11457,0.06030,0.13512
1403715545811975680,-0.00336,0.02070,0.07607,0.07891,-0.03904,0.11365,0.05993,0.13429
1403715545861976832,-0.00334,0.02069,0.07607,0.07891,-0.03821,0.11376,0.06035,0.13433
1403715545911978240,-0.00334,0.02070,0.07608,0.07891,-0.03823,0.11261,0.06010,0.13325
1403715545961976832,-0.00332,0.02070,0.07608,0.07891,-0.03719,0.11311,0.06067,0.13364
1403715546011978496,-0.00330,0.02070,0.07608,0.07892,-0.03674,0.11381,0.06091,0.13421
1403715546061974016,-0.00326,0.02070,0.07607,0.07891,-0.03468,0.11465,0.06075,0.13431
1403715546111969536,-0.00324,0.02070,0.07606,0.07890,-0.03331,0.11502,0.06031,0.13407
1403715546161965568,-0.00319,0.02069,0.07606,0.07889,-0.03222,0.11545,0.06024,0.13415
1403715546211961088,-0.00317,0.02069,0.07606,0.07889,-0.03151,0.11470,0.05971,0.13309
1403715546261955584,-0.00310,0.02068,0.07604,0.07886,-0.02957,0.11526,0.05896,0.13280
1403715546311954176,-0.00308,0.02068,0.07603,0.07885,-0.02823,0.11503,0.05814,0.13194
1403715546361953792,-0.00307,0.02067,0.07604,0.07886,-0.02801,0.11538,0.05763,0.13198
1403715546411954688,-0.00307,0.02067,0.07605,0.07887,-0.02827,0.11535,0.05769,0.13203
1403715546461950720,-0.00307,0.02067,0.07608,0.07890,-0.02996,0.11529,0.05718,0.13213
1403715546511953664,-0.00308,0.02066,0.07608,0.07890,-0.02969,0.11532,0.05721,0.13212
1403715546561956352,-0.00308,0.02065,0.07608,0.07890,-0.03000,0.11487,0.05745,0.13189
1403715546611959808,-0.00309,0.02065,0.07610,0.07891,-0.03106,0.11448,0.05793,0.13201
1403715546661957376,-0.00307,0.02064,0.07611,0.07892,-0.03235,0.11463,0.05815,0.13255
1403715546711952384,-0.00306,0.02063,0.07612,0.07893,-0.03288,0.11526,0.05727,0.13284
1403715546761940224,-0.00303,0.02063,0.07613,0.07893,-0.03463,0.11567,0.05669,0.13339
1403715546811936000,-0.00302,0.02062,0.07615,0.07895,-0.03602,0.11633,0.05548,0.13382
1403715546861935616,-0.00300,0.02063,0.07615,0.07895,-0.03830,0.11604,0.05511,0.13405
1403715546911937792,-0.00300,0.02064,0.07615,0.07896,-0.04052,0.11507,0.05638,0.13439
1403715546961943808,-0.00299,0.02064,0.07614,0.07895,-0.04178,0.11476,0.05815,0.13526
1403715547011946496,-0.00298,0.02064,0.07613,0.07894,-0.04242,0.11452,0.06015,0.13613
1403715547061950976,-0.00299,0.02064,0.07611,0.07891,-0.04224,0.11416,0.06411,0.13757
1403715547111951872,-0.00298,0.02064,0.07610,0.07890,-0.04248,0.11390,0.06562,0.13814
1403715547161951232,-0.00298,0.02064,0.07609,0.07890,-0.04255,0.11380,0.06619,0.13835
1403715547211951360,-0.00298,0.02064,0.07609,0.07890,-0.04286,0.11363,0.06650,0.13846
1403715547261950720,-0.00299,0.02064,0.07610,0.07890,-0.04255,0.11352,0.06688,0.13845
1403715547311949824,-0.00299,0.02063,0.07610,0.07891,-0.04302,0.11397,0.06634,0.13871
1403715547361953792,-0.00298,0.02060,0.07609,0.07888,-0.04422,0.11695,0.06633,0.14154
1403715547411953408,-0.00298,0.02060,0.07609,0.07889,-0.04420,0.11746,0.06601,0.14180
1403715547461953280,-0.00299,0.02058,0.07609,0.07888,-0.04442,0.11902,0.06690,0.14357
1403715547511953152,-0.00299,0.02057,0.07610,0.07889,-0.04423,0.11930,0.06562,0.14316
1403715547561956608,-0.00300,0.02053,0.07612,0.07889,-0.04282,0.12267,0.06299,0.14439
1403715547611955712,-0.00300,0.02053,0.07611,0.07889,-0.04276,0.12288,0.06355,0.14479
1403715547661954304,-0.00298,0.02054,0.07611,0.07889,-0.04373,0.12148,0.06334,0.14381
1403715547711953152,-0.00299,0.02053,0.07611,0.07889,-0.04333,0.12232,0.06504,0.14515
1403715547761953792,-0.00298,0.02055,0.07611,0.07889,-0.04424,0.11980,0.06579,0.14366
1403715547811954432,-0.00298,0.02055,0.07611,0.07889,-0.04490,0.11999,0.06581,0.14403
1403715547861955840,-0.00298,0.02054,0.07612,0.07890,-0.04536,0.12008,0.06536,0.14404
1403715547911956480,-0.00297,0.02053,0.07612,0.07889,-0.04570,0.12068,0.06554,0.14474
1403715547961958912,-0.00296,0.02054,0.07612,0.07889,-0.04642,0.11989,0.06517,0.14413
1403715548011958272,-0.00295,0.02054,0.07612,0.07890,-0.04645,0.11912,0.06487,0.14337
1403715548061961984,-0.00294,0.02055,0.07612,0.07890,-0.04636,0.11724,0.06510,0.14188
1403715548111962624,-0.00293,0.02055,0.07612,0.07890,-0.04568,0.11625,0.06430,0.14048
1403715548161964288,-0.00292,0.02056,0.07612,0.07891,-0.04513,0.11434,0.06443,0.13878
1403715548211965696,-0.00290,0.02057,0.07612,0.07891,-0.04438,0.11256,0.06373,0.13675
1403715548261966592,-0.00289,0.02058,0.07613,0.07891,-0.04395,0.11064,0.06351,0.13493
1403715548311974912,-0.00285,0.02060,0.07613,0.07892,-0.04235,0.10642,0.06321,0.13082
1403715548361974528,-0.00285,0.02060,0.07613,0.07892,-0.04195,0.10492,0.06312,0.12943
1403715548411975680,-0.00284,0.02061,0.07613,0.07892,-0.04141,0.10404,0.06267,0.12833
1403715548461975808,-0.00284,0.02061,0.07613,0.07892,-0.04108,0.10341,0.06253,0.12764
1403715548511978240,-0.00283,0.02061,0.07612,0.07891,-0.04030,0.10392,0.06253,0.12780
1403715548561980160,-0.00283,0.02061,0.07611,0.07890,-0.03911,0.10479,0.06271,0.12823
1403715548611978752,-0.00284,0.02061,0.07611,0.07890,-0.03728,0.10490,0.06324,0.12804
1403715548661981440,-0.00284,0.02061,0.07609,0.07888,-0.03591,0.10693,0.06422,0.12980
1403715548711979776,-0.00285,0.02061,0.07608,0.07888,-0.03389,0.10826,0.06551,0.13099
1403715548761980160,-0.00284,0.02060,0.07607,0.07886,-0.03091,0.11086,0.06674,0.13304
1403715548811979264,-0.00283,0.02057,0.07605,0.07883,-0.02770,0.11609,0.06860,0.13766
1403715548861979136,-0.00284,0.02057,0.07604,0.07882,-0.02606,0.11728,0.06924,0.13867
1403715548911978752,-0.00284,0.02056,0.07604,0.07882,-0.02340,0.11923,0.06993,0.14019
1403715548961980160,-0.00285,0.02056,0.07603,0.07881,-0.02148,0.12156,0.07050,0.14216
1403715549011979776,-0.00285,0.02055,0.07603,0.07880,-0.01997,0.12420,0.07092,0.14441
1403715549061981440,-0.00285,0.02054,0.07602,0.07880,-0.01856,0.12633,0.07070,0.14595
1403715549111979520,-0.00283,0.02053,0.07602,0.07879,-0.01695,0.12848,0.07069,0.14762
1403715549161974272,-0.00282,0.02052,0.07601,0.07879,-0.01446,0.12950,0.06998,0.14791
1403715549211963392,-0.00281,0.02051,0.07600,0.07877,-0.00981,0.13170,0.07136,0.15011
1403715549261959680,-0.00279,0.02050,0.07600,0.07877,-0.00699,0.13267,0.07019,0.15026
1403715549311957760,-0.00275,0.02049,0.07599,0.07875,-0.00404,0.13339,0.06858,0.15004
1403715549361963264,-0.00272,0.02048,0.07599,0.07875,-0.00141,0.13410,0.06667,0.14976
1403715549411973120,-0.00270,0.02048,0.07599,0.07875,0.00128,0.13416,0.06548,0.14929
1403715549461981184,-0.00269,0.02047,0.07599,0.07874,0.00335,0.13392,0.06488,0.14884
1403715549511981056,-0.00267,0.02047,0.07598,0.07874,0.00424,0.13385,0.06390,0.14838
1403715549561980672,-0.00266,0.02047,0.07598,0.07873,0.00444,0.13443,0.06347,0.14872
1403715549611978496,-0.00265,0.02046,0.07598,0.07873,0.00437,0.13581,0.06355,0.15001
1403715549661978112,-0.00264,0.02046,0.07597,0.07873,0.00410,0.13594,0.06278,0.14980
1403715549711981056,-0.00264,0.02046,0.07598,0.07873,0.00390,0.13503,0.06120,0.14830
1403715549761981696,-0.00263,0.02046,0.07598,0.07873,0.00311,0.13554,0.06077,0.14857
1403715549811980544,-0.00263,0.02045,0.07598,0.07872,0.00124,0.13746,0.06173,0.15069
1403715549861980416,-0.00262,0.02044,0.07597,0.07872,0.00084,0.13805,0.06216,0.15141
1403715549911983616,-0.00262,0.02044,0.07597,0.07871,0.00003,0.13842,0.06253,0.15189
1403715549961979904,-0.00261,0.02043,0.07597,0.07871,0.00037,0.13963,0.06326,0.15329
1403715550011980288,-0.00260,0.02042,0.07597,0.07871,0.00107,0.14007,0.06447,0.15419
1403715550061982208,-0.00260,0.02042,0.07596,0.07870,0.00147,0.14001,0.06555,0.15460
1403715550111982336,-0.00260,0.02042,0.07595,0.07869,0.00114,0.14031,0.06701,0.15549
1403715550161981696,-0.00259,0.02042,0.07594,0.07868,0.00056,0.14085,0.06808,0.15644
1403715550211981056,-0.00260,0.02041,0.07594,0.07868,-0.00016,0.14137,0.06884,0.15724
1403715550261982464,-0.00260,0.02041,0.07595,0.07868,-0.00060,0.14198,0.06896,0.15784
1403715550311982336,-0.00261,0.02041,0.07595,0.07869,-0.00087,0.14190,0.06904,0.15781
1403715550361984000,-0.00261,0.02041,0.07595,0.07869,-0.00140,0.14213,0.06897,0.15799
1403715550411986688,-0.00262,0.02042,0.07595,0.07869,-0.00214,0.14245,0.06850,0.15808
1403715550461984768,-0.00262,0.02043,0.07595,0.07869,-0.00288,0.14267,0.06741,0.15782
1403715550511984640,-0.00263,0.02043,0.07595,0.07870,-0.00325,0.14269,0.06582,0.15717
1403715550561985536,-0.00264,0.02045,0.07595,0.07870,-0.00474,0.14436,0.06476,0.15829
1403715550611984640,-0.00264,0.02047,0.07595,0.07870,-0.00611,0.14602,0.06375,0.15944
1403715550661982720,-0.00264,0.02049,0.07594,0.07870,-0.00796,0.14768,0.06256,0.16058
1403715550711977728,-0.00264,0.02050,0.07593,0.07870,-0.01051,0.14875,0.06118,0.16118
1403715550761977088,-0.00263,0.02052,0.07592,0.07869,-0.01179,0.15044,0.05991,0.16236
1403715550811973120,-0.00263,0.02055,0.07592,0.07870,-0.01299,0.15220,0.05836,0.16352
1403715550861969152,-0.00264,0.02055,0.07590,0.07868,-0.01480,0.15204,0.05560,0.16256
1403715550911961856,-0.00265,0.02057,0.07591,0.07869,-0.01549,0.15460,0.05565,0.16504
1403715550961957120,-0.00265,0.02058,0.07591,0.07870,-0.01593,0.15602,0.05540,0.16633
1403715551011955712,-0.00266,0.02058,0.07591,0.07870,-0.01640,0.15557,0.05512,0.16586
1403715551061952000,-0.00266,0.02058,0.07592,0.07871,-0.01581,0.15605,0.05588,0.16651
1403715551111948032,-0.00266,0.02059,0.07592,0.07871,-0.01549,0.15732,0.05592,0.16768
1403715551161948672,-0.00266,0.02058,0.07591,0.07869,-0.01651,0.15666,0.05429,0.16662
1403715551211947520,-0.00264,0.02059,0.07592,0.07870,-0.01672,0.15758,0.05658,0.16826
1403715551261948416,-0.00263,0.02059,0.07593,0.07872,-0.01639,0.15847,0.05946,0.17005
1403715551311948800,-0.00262,0.02060,0.07595,0.07873,-0.01557,0.15867,0.06190,0.17103
1403715551361949184,-0.00261,0.02061,0.07596,0.07875,-0.01428,0.15873,0.06404,0.17176
1403715551411949056,-0.00259,0.02060,0.07597,0.07875,-0.01376,0.15789,0.06536,0.17144
1403715551461947648,-0.00258,0.02060,0.07597,0.07875,-0.01319,0.15754,0.06572,0.17121
1403715551511950592,-0.00258,0.02059,0.07597,0.07875,-0.01325,0.15597,0.06524,0.16959
1403715551561953536,-0.00258,0.02058,0.07597,0.07875,-0.01403,0.15531,0.06466,0.16882
1403715551611951360,-0.00258,0.02059,0.07597,0.07875,-0.01339,0.15590,0.06525,0.16953
1403715551661952256,-0.00258,0.02058,0.07597,0.07875,-0.01284,0.15507,0.06459,0.16847
1403715551711952128,-0.00258,0.02058,0.07597,0.07875,-0.01303,0.15408,0.06439,0.16750
1403715551761951488,-0.00258,0.02056,0.07597,0.07875,-0.01316,0.15213,0.06407,0.16559
1403715551811951360,-0.00258,0.02056,0.07597,0.07875,-0.01261,0.15140,0.06414,0.16491
1403715551861947904,-0.00256,0.02055,0.07598,0.07875,-0.01196,0.14968,0.06454,0.16344
1403715551911950592,-0.00254,0.02056,0.07598,0.07876,-0.01024,0.15002,0.06554,0.16403
1403715551961950208,-0.00254,0.02056,0.07598,0.07876,-0.00927,0.14970,0.06557,0.16369
1403715552011952896,-0.00253,0.02056,0.07599,0.07876,-0.00778,0.14846,0.06600,0.16265
1403715552061955584,-0.00253,0.02056,0.07599,0.07876,-0.00626,0.14796,0.06516,0.16180
1403715552111957504,-0.00252,0.02056,0.07599,0.07876,-0.00525,0.14802,0.06567,0.16202
1403715552161957376,-0.00251,0.02057,0.07599,0.07876,-0.00541,0.14845,0.06677,0.16286
1403715552211958528,-0.00251,0.02057,0.07599,0.07877,-0.00486,0.14826,0.06719,0.16284
1403715552261958144,-0.00250,0.02058,0.07599,0.07876,-0.00481,0.14949,0.06732,0.16401
1403715552311959040,-0.00249,0.02058,0.07599,0.07876,-0.00464,0.14960,0.06811,0.16444
1403715552361961216,-0.00249,0.02059,0.07599,0.07876,-0.00398,0.14991,0.06846,0.16485
1403715552411962112,-0.00249,0.02059,0.07599,0.07877,-0.00324,0.15005,0.06889,0.16514
1403715552461961728,-0.00249,0.02059,0.07599,0.07877,-0.00327,0.14979,0.06927,0.16507
1403715552511961856,-0.00249,0.02059,0.07599,0.07877,-0.00302,0.14958,0.06979,0.16509
1403715552561962240,-0.00248,0.02058,0.07599,0.07877,-0.00270,0.14924,0.07005,0.16488
1403715552611962368,-0.00248,0.02058,0.07600,0.07877,-0.00292,0.14856,0.07042,0.16443
1403715552661961472,-0.00249,0.02058,0.07600,0.07877,-0.00352,0.14800,0.07005,0.16378
1403715552711960832,-0.00249,0.02057,0.07600,0.07877,-0.00458,0.14689,0.06954,0.16258
1403715552761960960,-0.00248,0.02056,0.07601,0.07878,-0.00615,0.14435,0.06998,0.16054
1403715552811961344,-0.00248,0.02055,0.07601,0.07878,-0.00877,0.14270,0.06924,0.15886
1403715552861963008,-0.00248,0.02054,0.07601,0.07878,-0.01173,0.14048,0.06856,0.15676
1403715552911963392,-0.00247,0.02053,0.07601,0.07878,-0.01430,0.13909,0.06903,0.15594
1403715552961964288,-0.00247,0.02053,0.07602,0.07878,-0.01686,0.13761,0.06901,0.15487
1403715553011967232,-0.00246,0.02052,0.07602,0.07878,-0.01853,0.13656,0.06971,0.15444
1403715553061968640,-0.00245,0.02052,0.07603,0.07879,-0.01984,0.13577,0.07011,0.15408
1403715553111972096,-0.00247,0.02050,0.07603,0.07878,-0.02389,0.13360,0.06759,0.15162
1403715553161973760,-0.00247,0.02049,0.07603,0.07878,-0.02477,0.13316,0.06702,0.15112
1403715553211976704,-0.00247,0.02048,0.07603,0.07878,-0.02601,0.13250,0.06637,0.15046
1403715553261979136,-0.00246,0.02048,0.07604,0.07878,-0.02691,0.13216,0.06627,0.15028
1403715553311981312,-0.00246,0.02047,0.07604,0.07878,-0.02781,0.13181,0.06599,0.15000
1403715553361982720,-0.00246,0.02047,0.07604,0.07879,-0.02905,0.13135,0.06601,0.14985
1403715553411984384,-0.00246,0.02047,0.07605,0.07879,-0.02979,0.13114,0.06698,0.15024
1403715553461984000,-0.00245,0.02047,0.07605,0.07879,-0.02990,0.13092,0.06735,0.15023
1403715553511985152,-0.00245,0.02047,0.07605,0.07879,-0.02983,0.13069,0.06752,0.15009
1403715553561990400,-0.00245,0.02047,0.07605,0.07880,-0.03040,0.13031,0.06762,0.14992
1403715553611998208,-0.00244,0.02047,0.07605,0.07880,-0.03056,0.13006,0.06793,0.14988
1403715553662000896,-0.00244,0.02047,0.07606,0.07880,-0.03020,0.13006,0.06879,0.15020
1403715553712003328,-0.00244,0.02048,0.07606,0.07881,-0.03054,0.13021,0.06967,0.15081
1403715553762001920,-0.00244,0.02048,0.07606,0.07881,-0.03128,0.13045,0.07025,0.15143
1403715553812003328,-0.00244,0.02048,0.07606,0.07881,-0.03166,0.13111,0.07119,0.15251
1403715553862003968,-0.00244,0.02048,0.07606,0.07881,-0.03217,0.13164,0.07197,0.15344
1403715553912005632,-0.00244,0.02048,0.07606,0.07881,-0.03277,0.13182,0.07224,0.15385
1403715553962007808,-0.00244,0.02049,0.07606,0.07881,-0.03329,0.13212,0.07249,0.15433
1403715554012008448,-0.00244,0.02049,0.07606,0.07881,-0.03364,0.13240,0.07292,0.15485
1403715554062008832,-0.00244,0.02049,0.07606,0.07881,-0.03457,0.13249,0.07297,0.15516
1403715554112013056,-0.00243,0.02049,0.07605,0.07880,-0.03547,0.13208,0.07337,0.15519
1403715554162014720,-0.00242,0.02049,0.07605,0.07880,-0.03609,0.13085,0.07312,0.15417
1403715554212016896,-0.00242,0.02049,0.07605,0.07880,-0.03629,0.13071,0.07299,0.15404
1403715554262020864,-0.00240,0.02050,0.07605,0.07880,-0.03748,0.12910,0.07478,0.15383
1403715554312021760,-0.00240,0.02050,0.07605,0.07880,-0.03701,0.12810,0.07404,0.15252
1403715554362021376,-0.00239,0.02050,0.07605,0.07880,-0.03694,0.12781,0.07392,0.15219
1403715554412019456,-0.00239,0.02050,0.07605,0.07880,-0.03621,0.12688,0.07480,0.15167
1403715554462013952,-0.00238,0.02050,0.07606,0.07881,-0.03472,0.12538,0.07676,0.15106
1403715554512011264,-0.00238,0.02050,0.07606,0.07881,-0.03364,0.12581,0.07672,0.15115
1403715554562007296,-0.00238,0.02049,0.07607,0.07882,-0.03085,0.12449,0.07864,0.15044
1403715554612006912,-0.00240,0.02049,0.07607,0.07882,-0.03051,0.12740,0.07679,0.15185
1403715554662009600,-0.00240,0.02049,0.07607,0.07882,-0.02966,0.12873,0.07583,0.15232
1403715554712011520,-0.00241,0.02048,0.07607,0.07881,-0.02895,0.13128,0.07458,0.15374
1403715554762009344,-0.00241,0.02047,0.07606,0.07881,-0.02831,0.13362,0.07299,0.15486
1403715554812009216,-0.00242,0.02048,0.07606,0.07881,-0.02905,0.13311,0.07459,0.15533
1403715554862006016,-0.00242,0.02048,0.07606,0.07881,-0.02957,0.13386,0.07447,0.15601
1403715554912001024,-0.00244,0.02048,0.07607,0.07882,-0.03103,0.13270,0.07464,0.15538
1403715554961991424,-0.00245,0.02050,0.07608,0.07883,-0.03453,0.13209,0.07386,0.15522
1403715555011980800,-0.00246,0.02051,0.07608,0.07884,-0.03747,0.13135,0.07479,0.15573
1403715555061962240,-0.00249,0.02053,0.07610,0.07886,-0.04068,0.12937,0.07384,0.15442
1403715555111959040,-0.00250,0.02054,0.07610,0.07887,-0.04140,0.12886,0.07408,0.15429
1403715555161964288,-0.00250,0.02054,0.07610,0.07887,-0.04133,0.12901,0.07353,0.15414
1403715555211967744,-0.00249,0.02055,0.07610,0.07887,-0.04075,0.12931,0.07363,0.15428
1403715555261965312,-0.00247,0.02055,0.07610,0.07886,-0.04065,0.12883,0.07400,0.15403
1403715555311964160,-0.00245,0.02056,0.07609,0.07886,-0.04033,0.12862,0.07425,0.15389
1403715555361961984,-0.00243,0.02057,0.07608,0.07885,-0.03918,0.12871,0.07494,0.15400
1403715555411959296,-0.00241,0.02057,0.07608,0.07885,-0.03851,0.12857,0.07544,0.15396
1403715555461955840,-0.00240,0.02058,0.07608,0.07885,-0.03740,0.12865,0.07549,0.15378
1403715555511945216,-0.00237,0.02057,0.07607,0.07883,-0.03461,0.12907,0.07724,0.15434
1403715555561939200,-0.00235,0.02056,0.07606,0.07883,-0.03274,0.12949,0.07786,0.15460
1403715555611933696,-0.00234,0.02057,0.07606,0.07883,-0.03055,0.13014,0.07800,0.15477
1403715555661933056,-0.00232,0.02057,0.07606,0.07883,-0.02758,0.13089,0.07859,0.15514
1403715555711927296,-0.00229,0.02057,0.07606,0.07882,-0.02353,0.13227,0.07796,0.15533
1403715555761931520,-0.00227,0.02055,0.07606,0.07882,-0.01926,0.13294,0.07986,0.15628
1403715555811925504,-0.00224,0.02054,0.07605,0.07880,-0.01458,0.13384,0.08073,0.15698
1403715555861928192,-0.00223,0.02054,0.07605,0.07881,-0.01279,0.13434,0.08038,0.15707
1403715555911927808,-0.00222,0.02053,0.07605,0.07881,-0.01120,0.13465,0.08142,0.15775
1403715555961930752,-0.00221,0.02052,0.07605,0.07880,-0.00902,0.13411,0.08283,0.15788
1403715556011934208,-0.00222,0.02048,0.07605,0.07879,-0.00770,0.13406,0.08478,0.15881
1403715556061940736,-0.00224,0.02047,0.07605,0.07879,-0.00997,0.13487,0.08185,0.15808
1403715556111942656,-0.00224,0.02047,0.07605,0.07879,-0.00950,0.13458,0.08108,0.15740
1403715556161945088,-0.00225,0.02048,0.07605,0.07879,-0.00987,0.13402,0.07987,0.15632
1403715556211949312,-0.00225,0.02047,0.07604,0.07878,-0.01054,0.13355,0.07882,0.15544
1403715556261957888,-0.00230,0.02049,0.07605,0.07879,-0.01381,0.13196,0.07625,0.15303
1403715556311962112,-0.00234,0.02049,0.07606,0.07880,-0.01594,0.13108,0.07417,0.15145
1403715556361963776,-0.00235,0.02049,0.07606,0.07881,-0.01663,0.13034,0.07286,0.15024
1403715556411963904,-0.00237,0.02049,0.07606,0.07881,-0.01806,0.13008,0.07391,0.15070
1403715556461964288,-0.00237,0.02048,0.07607,0.07881,-0.01900,0.13014,0.07360,0.15071
1403715556511962624,-0.00236,0.02048,0.07606,0.07881,-0.02070,0.13016,0.07191,0.15013
1403715556561960448,-0.00235,0.02048,0.07606,0.07881,-0.02277,0.13084,0.07099,0.15059
1403715556611956224,-0.00234,0.02047,0.07606,0.07880,-0.02517,0.13130,0.07048,0.15113
1403715556661949440,-0.00233,0.02048,0.07606,0.07880,-0.02895,0.13223,0.06944,0.15213
1403715556711947264,-0.00234,0.02047,0.07606,0.07880,-0.03022,0.13245,0.06924,0.15248
1403715556761946624,-0.00236,0.02047,0.07606,0.07880,-0.03149,0.13273,0.06916,0.15294
1403715556811947776,-0.00238,0.02047,0.07607,0.07881,-0.03221,0.13320,0.06904,0.15345
1403715556861948416,-0.00240,0.02046,0.07607,0.07881,-0.03343,0.13449,0.06946,0.15502
1403715556911949568,-0.00242,0.02046,0.07608,0.07882,-0.03292,0.13545,0.06910,0.15558
1403715556961949952,-0.00245,0.02045,0.07610,0.07883,-0.03166,0.13688,0.06892,0.15649
1403715557011951616,-0.00247,0.02044,0.07611,0.07884,-0.03049,0.13808,0.06839,0.15708
1403715557061953536,-0.00248,0.02043,0.07612,0.07885,-0.02928,0.13907,0.06832,0.15769
1403715557111953664,-0.00249,0.02042,0.07612,0.07885,-0.02744,0.13993,0.06867,0.15826
1403715557161954048,-0.00250,0.02041,0.07612,0.07885,-0.02629,0.14035,0.06887,0.15853
1403715557211954176,-0.00251,0.02040,0.07611,0.07884,-0.02478,0.14064,0.06939,0.15877
1403715557261954304,-0.00252,0.02037,0.07610,0.07882,-0.02116,0.14060,0.07146,0.15913
1403715557311954688,-0.00252,0.02037,0.07610,0.07882,-0.02041,0.14043,0.07155,0.15893
1403715557361952512,-0.00253,0.02036,0.07609,0.07881,-0.01894,0.14035,0.07193,0.15884
1403715557411949056,-0.00253,0.02036,0.07609,0.07881,-0.01788,0.14000,0.07212,0.15850
1403715557461942784,-0.00256,0.02034,0.07609,0.07880,-0.01419,0.13915,0.07280,0.15768
1403715557511939840,-0.00257,0.02033,0.07609,0.07880,-0.01314,0.13905,0.07307,0.15763
1403715557561935616,-0.00258,0.02032,0.07609,0.07880,-0.01052,0.13914,0.07284,0.15741
1403715557611935232,-0.00258,0.02032,0.07609,0.07880,-0.00974,0.13923,0.07275,0.15739
1403715557661934848,-0.00258,0.02032,0.07610,0.07881,-0.00896,0.13961,0.07222,0.15744
1403715557711937024,-0.00259,0.02031,0.07611,0.07881,-0.00725,0.13980,0.07180,0.15733
1403715557761938176,-0.00259,0.02031,0.07612,0.07882,-0.00665,0.14050,0.07147,0.15777
1403715557811939072,-0.00259,0.02031,0.07612,0.07883,-0.00593,0.14098,0.07127,0.15808
1403715557861938688,-0.00259,0.02031,0.07613,0.07883,-0.00562,0.14133,0.07125,0.15837
1403715557911937536,-0.00259,0.02031,0.07614,0.07884,-0.00575,0.14152,0.07148,0.15865
1403715557961936128,-0.00259,0.02031,0.07614,0.07885,-0.00585,0.14171,0.07177,0.15896
1403715558011934720,-0.00259,0.02031,0.07615,0.07885,-0.00653,0.14167,0.07222,0.15915
1403715558061929216,-0.00259,0.02032,0.07616,0.07887,-0.00780,0.14138,0.07334,0.15946
1403715558111926016,-0.00259,0.02032,0.07618,0.07888,-0.00956,0.14074,0.07526,0.15989
1403715558161927424,-0.00260,0.02033,0.07618,0.07889,-0.00947,0.14018,0.07519,0.15935
1403715558211927808,-0.00260,0.02033,0.07619,0.07890,-0.00966,0.13976,0.07540,0.15910
1403715558261928192,-0.00260,0.02034,0.07619,0.07890,-0.00962,0.13929,0.07527,0.15862
1403715558311930112,-0.00261,0.02034,0.07620,0.07891,-0.01001,0.13822,0.07561,0.15787
1403715558361931520,-0.00260,0.02035,0.07620,0.07892,-0.01011,0.13762,0.07496,0.15703
1403715558411931648,-0.00261,0.02036,0.07621,0.07892,-0.01054,0.13653,0.07502,0.15614
1403715558461928192,-0.00261,0.02036,0.07621,0.07893,-0.01017,0.13510,0.07434,0.15453
1403715558511926016,-0.00261,0.02037,0.07621,0.07893,-0.00972,0.13375,0.07391,0.15312
1403715558561924096,-0.00261,0.02037,0.07621,0.07893,-0.00961,0.13204,0.07365,0.15149
1403715558611922688,-0.00262,0.02038,0.07622,0.07894,-0.00886,0.13026,0.07294,0.14955
1403715558661923584,-0.00262,0.02038,0.07622,0.07894,-0.00832,0.12861,0.07270,0.14796
1403715558711920896,-0.00262,0.02039,0.07622,0.07894,-0.00870,0.12662,0.07215,0.14599
1403715558761918208,-0.00261,0.02039,0.07622,0.07894,-0.00969,0.12548,0.07170,0.14484
1403715558811915008,-0.00261,0.02040,0.07622,0.07895,-0.01135,0.12443,0.07156,0.14399
1403715558861913088,-0.00261,0.02040,0.07622,0.07894,-0.01288,0.12342,0.07117,0.14305
1403715558911911168,-0.00261,0.02041,0.07622,0.07895,-0.01615,0.12168,0.07128,0.14194
1403715558961911296,-0.00261,0.02041,0.07623,0.07896,-0.02003,0.12031,0.07202,0.14164
1403715559011910144,-0.00260,0.02041,0.07623,0.07896,-0.02331,0.11924,0.07240,0.14143
1403715559061908992,-0.00260,0.02041,0.07624,0.07897,-0.02702,0.11815,0.07282,0.14139
1403715559111907840,-0.00259,0.02041,0.07624,0.07897,-0.03062,0.11700,0.07283,0.14117
1403715559161910272,-0.00258,0.02041,0.07624,0.07896,-0.03418,0.11569,0.07279,0.14089
1403715559211912448,-0.00257,0.02041,0.07624,0.07896,-0.03800,0.11395,0.07324,0.14069
1403715559261912064,-0.00256,0.02041,0.07623,0.07896,-0.03940,0.11288,0.07309,0.14013
1403715559311913216,-0.00254,0.02041,0.07622,0.07895,-0.04168,0.11200,0.07325,0.14017
1403715559361912832,-0.00252,0.02041,0.07621,0.07894,-0.04286,0.11144,0.07322,0.14006
1403715559411912192,-0.00251,0.02041,0.07621,0.07894,-0.04412,0.11069,0.07320,0.13984
1403715559461912320,-0.00250,0.02041,0.07621,0.07893,-0.04467,0.10985,0.07329,0.13940
1403715559511913216,-0.00249,0.02042,0.07620,0.07893,-0.04405,0.10921,0.07323,0.13867
1403715559561913600,-0.00248,0.02041,0.07620,0.07893,-0.04420,0.10868,0.07364,0.13852
1403715559611913472,-0.00247,0.02042,0.07619,0.07892,-0.04297,0.10843,0.07380,0.13802
1403715559661912064,-0.00245,0.02042,0.07619,0.07891,-0.04141,0.10855,0.07372,0.13759
1403715559711908352,-0.00244,0.02043,0.07618,0.07891,-0.03950,0.10886,0.07372,0.13728
1403715559761902592,-0.00243,0.02043,0.07617,0.07890,-0.03691,0.10970,0.07387,0.13731
1403715559811897088,-0.00241,0.02043,0.07615,0.07888,-0.03426,0.11062,0.07389,0.13737
1403715559861893376,-0.00239,0.02043,0.07614,0.07887,-0.03169,0.11181,0.07352,0.13752
1403715559911889152,-0.00237,0.02043,0.07613,0.07886,-0.02812,0.11263,0.07265,0.13695
1403715559961886720,-0.00235,0.02043,0.07612,0.07885,-0.02623,0.11346,0.07202,0.13693
1403715560011885312,-0.00232,0.02043,0.07612,0.07885,-0.02523,0.11400,0.07100,0.13665
1403715560061883648,-0.00230,0.02044,0.07612,0.07885,-0.02398,0.11384,0.07035,0.13596
1403715560111882240,-0.00228,0.02044,0.07612,0.07885,-0.02360,0.11434,0.06923,0.13573
1403715560161882112,-0.00226,0.02044,0.07612,0.07885,-0.02306,0.11493,0.06815,0.13559
1403715560211882496,-0.00224,0.02045,0.07612,0.07885,-0.02296,0.11520,0.06732,0.13538
1403715560261883136,-0.00222,0.02045,0.07611,0.07884,-0.02328,0.11556,0.06633,0.13526
1403715560311883520,-0.00220,0.02045,0.07611,0.07884,-0.02366,0.11605,0.06540,0.13530
1403715560361883904,-0.00218,0.02044,0.07610,0.07883,-0.02366,0.11657,0.06489,0.13550
1403715560411883520,-0.00216,0.02044,0.07609,0.07882,-0.02416,0.11697,0.06473,0.13586
1403715560461882368,-0.00214,0.02044,0.07608,0.07881,-0.02559,0.11694,0.06373,0.13561
1403715560511881984,-0.00212,0.02044,0.07607,0.07880,-0.02660,0.11665,0.06308,0.13525
1403715560561880832,-0.00210,0.02044,0.07607,0.07879,-0.02835,0.11670,0.06379,0.13598
1403715560611880704,-0.00208,0.02044,0.07606,0.07879,-0.03006,0.11671,0.06389,0.13641
1403715560661880320,-0.00207,0.02043,0.07605,0.07878,-0.03132,0.11663,0.06435,0.13684
1403715560711879424,-0.00206,0.02042,0.07604,0.07876,-0.03203,0.11750,0.06660,0.13881
1403715560761879552,-0.00206,0.02042,0.07603,0.07875,-0.03132,0.11844,0.06824,0.14023
1403715560811879424,-0.00205,0.02041,0.07602,0.07874,-0.03118,0.11969,0.06918,0.14171
1403715560861879296,-0.00204,0.02040,0.07602,0.07873,-0.03111,0.12033,0.06993,0.14261
1403715560911878656,-0.00204,0.02040,0.07602,0.07873,-0.03142,0.12106,0.07008,0.14337
1403715560961878272,-0.00203,0.02039,0.07601,0.07873,-0.03154,0.12179,0.06990,0.14392
1403715561011877888,-0.00203,0.02039,0.07601,0.07872,-0.03170,0.12283,0.07040,0.14508
1403715561061879040,-0.00203,0.02038,0.07601,0.07872,-0.03102,0.12350,0.07093,0.14576
1403715561111878400,-0.00203,0.02038,0.07601,0.07872,-0.03167,0.12405,0.07162,0.14670
1403715561161877760,-0.00202,0.02038,0.07600,0.07872,-0.03205,0.12468,0.07216,0.14758
1403715561211877632,-0.00202,0.02038,0.07601,0.07872,-0.03245,0.12514,0.07143,0.14769
1403715561261878528,-0.00202,0.02037,0.07600,0.07871,-0.03225,0.12661,0.07173,0.14905
1403715561311877632,-0.00202,0.02037,0.07600,0.07871,-0.03317,0.12645,0.07221,0.14934
1403715561361878272,-0.00202,0.02037,0.07600,0.07871,-0.03381,0.12651,0.07272,0.14978
1403715561411879424,-0.00202,0.02038,0.07600,0.07871,-0.03458,0.12551,0.07318,0.14934
1403715561461881600,-0.00203,0.02039,0.07600,0.07871,-0.03512,0.12465,0.07504,0.14968
1403715561511886848,-0.00202,0.02040,0.07600,0.07872,-0.03531,0.12098,0.07551,0.14692
1403715561561890048,-0.00202,0.02041,0.07600,0.07872,-0.03537,0.11906,0.07635,0.14580
1403715561611893504,-0.00202,0.02042,0.07600,0.07873,-0.03460,0.11628,0.07722,0.14381
1403715561661893376,-0.00202,0.02044,0.07601,0.07873,-0.03354,0.11413,0.07758,0.14202
1403715561711892480,-0.00202,0.02044,0.07600,0.07873,-0.03254,0.11312,0.07889,0.14170
1403715561761890048,-0.00203,0.02045,0.07600,0.07873,-0.03102,0.11093,0.08014,0.14032
1403715561811889408,-0.00203,0.02046,0.07600,0.07873,-0.03009,0.11073,0.08123,0.14059
1403715561861889792,-0.00202,0.02046,0.07600,0.07873,-0.02905,0.10979,0.08124,0.13963
1403715561911889408,-0.00203,0.02046,0.07600,0.07873,-0.02834,0.10941,0.08117,0.13915
1403715561961889024,-0.00202,0.02046,0.07600,0.07873,-0.02728,0.10856,0.08093,0.13813
1403715562011888384,-0.00202,0.02047,0.07600,0.07873,-0.02618,0.10768,0.08104,0.13729
1403715562061889024,-0.00202,0.02048,0.07600,0.07874,-0.02374,0.10597,0.08093,0.13543
1403715562111889152,-0.00202,0.02048,0.07601,0.07875,-0.02081,0.10476,0.07979,0.13332
1403715562161890048,-0.00202,0.02048,0.07601,0.07875,-0.01853,0.10416,0.07898,0.13203
1403715562211891968,-0.00202,0.02047,0.07602,0.07875,-0.01524,0.10447,0.07834,0.13147
1403715562261894656,-0.00202,0.02047,0.07602,0.07875,-0.01290,0.10440,0.07820,0.13108
1403715562311898368,-0.00203,0.02047,0.07602,0.07875,-0.01050,0.10583,0.07828,0.13206
1403715562361901312,-0.00203,0.02046,0.07601,0.07875,-0.00845,0.10710,0.07787,0.13268
1403715562411904000,-0.00204,0.02046,0.07601,0.07874,-0.00676,0.10790,0.07761,0.13309
1403715562461905408,-0.00205,0.02045,0.07601,0.07874,-0.00634,0.10930,0.07757,0.13418
1403715562511905792,-0.00205,0.02045,0.07601,0.07874,-0.00672,0.10980,0.07759,0.13462
1403715562561911552,-0.00205,0.02044,0.07601,0.07874,-0.00766,0.11040,0.07730,0.13498
1403715562611915520,-0.00206,0.02044,0.07601,0.07874,-0.00958,0.11069,0.07728,0.13534
1403715562661915904,-0.00207,0.02043,0.07602,0.07874,-0.01037,0.11108,0.07762,0.13591
1403715562711919360,-0.00207,0.02043,0.07602,0.07875,-0.01301,0.11100,0.07848,0.13656
1403715562761921280,-0.00208,0.02043,0.07602,0.07875,-0.01414,0.11128,0.07914,0.13729
1403715562811924224,-0.00208,0.02042,0.07603,0.07875,-0.01559,0.11112,0.07889,0.13717
1403715562861924608,-0.00207,0.02042,0.07603,0.07875,-0.01620,0.11096,0.07860,0.13694
1403715562911925248,-0.00207,0.02042,0.07604,0.07876,-0.01683,0.11096,0.07834,0.13686
1403715562961925376,-0.00207,0.02042,0.07604,0.07876,-0.01751,0.11095,0.07772,0.13659
1403715563011926528,-0.00207,0.02041,0.07604,0.07876,-0.01794,0.11119,0.07716,0.13652
1403715563061928448,-0.00207,0.02041,0.07605,0.07876,-0.01869,0.11153,0.07719,0.13691
1403715563111931392,-0.00206,0.02040,0.07604,0.07876,-0.01952,0.11194,0.07776,0.13769
1403715563161932544,-0.00206,0.02040,0.07604,0.07875,-0.01939,0.11094,0.07944,0.13782
1403715563211932160,-0.00205,0.02040,0.07604,0.07875,-0.01944,0.11103,0.07904,0.13767
1403715563261933056,-0.00205,0.02039,0.07604,0.07875,-0.02012,0.11183,0.07874,0.13824
1403715563311934976,-0.00205,0.02039,0.07605,0.07876,-0.02013,0.11359,0.07745,0.13894
1403715563361937408,-0.00205,0.02039,0.07605,0.07876,-0.01969,0.11355,0.07749,0.13887
1403715563411940352,-0.00205,0.02040,0.07605,0.07877,-0.01798,0.11350,0.07747,0.13859
1403715563461946368,-0.00206,0.02041,0.07605,0.07877,-0.01506,0.11033,0.07941,0.13676
1403715563511951616,-0.00206,0.02041,0.07605,0.07877,-0.01204,0.11072,0.07954,0.13685
1403715563561956608,-0.00206,0.02041,0.07604,0.07876,-0.00928,0.11081,0.07984,0.13690
1403715563611958016,-0.00207,0.02042,0.07604,0.07876,-0.00692,0.11152,0.08009,0.13748
1403715563661961984,-0.00207,0.02042,0.07604,0.07877,-0.00329,0.11082,0.08076,0.13716
1403715563711964416,-0.00208,0.02043,0.07604,0.07877,-0.00030,0.11019,0.08124,0.13690
1403715563761964544,-0.00209,0.02044,0.07604,0.07877,0.00273,0.11048,0.08300,0.13822
1403715563811965696,-0.00209,0.02044,0.07604,0.07877,0.00652,0.10967,0.08284,0.13760
1403715563861967616,-0.00210,0.02045,0.07605,0.07878,0.00886,0.10917,0.08191,0.13677
1403715563911968512,-0.00210,0.02045,0.07605,0.07878,0.01027,0.10921,0.08081,0.13624
1403715563961967872,-0.00211,0.02045,0.07605,0.07878,0.01129,0.11019,0.08195,0.13779
1403715564011967232,-0.00212,0.02045,0.07606,0.07879,0.01171,0.11068,0.08175,0.13810
1403715564061969408,-0.00212,0.02045,0.07605,0.07878,0.01236,0.11178,0.08085,0.13851
1403715564111969280,-0.00212,0.02045,0.07605,0.07878,0.01266,0.11243,0.08033,0.13876
1403715564161969920,-0.00213,0.02045,0.07605,0.07878,0.01255,0.11334,0.07998,0.13929
1403715564211970816,-0.00214,0.02043,0.07604,0.07877,0.01129,0.11530,0.07811,0.13973
1403715564261970432,-0.00214,0.02043,0.07604,0.07877,0.01080,0.11665,0.07676,0.14005
1403715564311970048,-0.00215,0.02042,0.07603,0.07876,0.00931,0.11860,0.07444,0.14033
1403715564361970432,-0.00215,0.02041,0.07603,0.07875,0.00818,0.12006,0.07245,0.14046
1403715564411971072,-0.00216,0.02040,0.07603,0.07874,0.00657,0.12170,0.07065,0.14088
1403715564461971712,-0.00217,0.02040,0.07602,0.07874,0.00533,0.12286,0.06994,0.14148
1403715564511972352,-0.00218,0.02039,0.07602,0.07873,0.00403,0.12582,0.06886,0.14348
1403715564561972736,-0.00218,0.02039,0.07602,0.07874,0.00385,0.12473,0.06939,0.14279
1403715564611973376,-0.00218,0.02039,0.07602,0.07874,0.00322,0.12431,0.06900,0.14221
1403715564661974016,-0.00218,0.02039,0.07602,0.07874,0.00265,0.12446,0.06806,0.14188
1403715564711975424,-0.00218,0.02039,0.07602,0.07874,0.00190,0.12387,0.06704,0.14087
1403715564761978112,-0.00219,0.02039,0.07602,0.07873,-0.00218,0.12447,0.06457,0.14024
1403715564811978752,-0.00219,0.02039,0.07602,0.07874,-0.00427,0.12295,0.06427,0.13880
1403715564861980160,-0.00218,0.02038,0.07603,0.07874,-0.00693,0.11895,0.06295,0.13476
1403715564911981056,-0.00218,0.02037,0.07603,0.07874,-0.00884,0.11665,0.06201,0.13240
1403715564961981184,-0.00216,0.02037,0.07604,0.07875,-0.00899,0.11204,0.06185,0.12830
1403715565011980800,-0.00216,0.02036,0.07605,0.07875,-0.01032,0.10990,0.06160,0.12641
1403715565061981184,-0.00215,0.02035,0.07605,0.07875,-0.01068,0.10815,0.05967,0.12398
1403715565111982080,-0.00216,0.02036,0.07604,0.07875,-0.01081,0.10976,0.05957,0.12535
1403715565161985792,-0.00216,0.02035,0.07603,0.07874,-0.01051,0.11221,0.05793,0.12671
1403715565211988736,-0.00217,0.02036,0.07603,0.07874,-0.01045,0.11417,0.05768,0.12833
1403715565261989376,-0.00216,0.02035,0.07603,0.07873,-0.01033,0.11387,0.05694,0.12773
1403715565311988992,-0.00215,0.02035,0.07603,0.07873,-0.01051,0.11304,0.05759,0.12730
1403715565361989632,-0.00215,0.02036,0.07603,0.07874,-0.01054,0.11212,0.06018,0.12769
1403715565411991552,-0.00214,0.02036,0.07603,0.07874,-0.01010,0.11160,0.06233,0.12823
1403715565461991936,-0.00213,0.02037,0.07604,0.07874,-0.01006,0.11037,0.06411,0.12803
1403715565511991552,-0.00213,0.02037,0.07604,0.07875,-0.01066,0.11060,0.06540,0.12893
1403715565561991680,-0.00213,0.02037,0.07604,0.07875,-0.01119,0.11066,0.06509,0.12887
1403715565611991808,-0.00213,0.02037,0.07603,0.07874,-0.01243,0.11191,0.06396,0.12950
1403715565661992704,-0.00214,0.02037,0.07603,0.07874,-0.01216,0.11332,0.06245,0.12996
1403715565711994624,-0.00214,0.02037,0.07602,0.07873,-0.01192,0.11416,0.06126,0.13010
1403715565761997056,-0.00214,0.02037,0.07603,0.07874,-0.01064,0.11523,0.06113,0.13087
1403715565812001536,-0.00214,0.02038,0.07603,0.07874,-0.00858,0.11678,0.06009,0.13161
1403715565862003968,-0.00214,0.02039,0.07603,0.07875,-0.00716,0.11798,0.05964,0.13239
1403715565912006656,-0.00214,0.02039,0.07603,0.07875,-0.00548,0.11998,0.05774,0.13327
1403715565962007552,-0.00214,0.02040,0.07603,0.07874,-0.00538,0.12189,0.05674,0.13455
1403715566012008192,-0.00214,0.02040,0.07603,0.07874,-0.00572,0.12340,0.05594,0.13561
1403715566062007808,-0.00215,0.02040,0.07602,0.07874,-0.00558,0.12459,0.05514,0.13636
1403715566112007424,-0.00215,0.02040,0.07603,0.07875,-0.00442,0.12584,0.05321,0.13670
1403715566162004992,-0.00215,0.02041,0.07603,0.07875,-0.00457,0.12857,0.05185,0.13871
1403715566212004608,-0.00215,0.02041,0.07603,0.07875,-0.00320,0.12867,0.05143,0.13860
1403715566262003200,-0.00215,0.02041,0.07604,0.07876,-0.00169,0.12988,0.05302,0.14029
1403715566312001280,-0.00215,0.02041,0.07604,0.07876,-0.00044,0.13089,0.05184,0.14078
1403715566362001920,-0.00215,0.02041,0.07603,0.07875,-0.00148,0.13100,0.05066,0.14046
1403715566412001280,-0.00215,0.02041,0.07603,0.07875,-0.00164,0.13148,0.05071,0.14093
1403715566462000640,-0.00215,0.02041,0.07603,0.07875,-0.00282,0.13281,0.05028,0.14204
1403715566511998976,-0.00215,0.02042,0.07603,0.07875,-0.00456,0.13507,0.04986,0.14405
1403715566561998848,-0.00215,0.02042,0.07602,0.07875,-0.00667,0.13615,0.05027,0.14529
1403715566611998464,-0.00215,0.02042,0.07602,0.07875,-0.00817,0.13688,0.05100,0.14630
1403715566661998080,-0.00214,0.02042,0.07602,0.07875,-0.00899,0.13806,0.05116,0.14751
1403715566711997952,-0.00214,0.02043,0.07603,0.07875,-0.01020,0.13869,0.05264,0.14870
1403715566761998080,-0.00214,0.02043,0.07602,0.07875,-0.01156,0.13959,0.05358,0.14996
1403715566811997952,-0.00214,0.02044,0.07603,0.07875,-0.01363,0.14103,0.05621,0.15243
1403715566861999360,-0.00214,0.02044,0.07603,0.07876,-0.01567,0.14245,0.05811,0.15464
1403715566912001024,-0.00214,0.02045,0.07603,0.07876,-0.01742,0.14401,0.05992,0.15695
1403715566962000896,-0.00213,0.02045,0.07603,0.07876,-0.01851,0.14440,0.06189,0.15820
1403715567012001280,-0.00213,0.02045,0.07603,0.07876,-0.02004,0.14545,0.06348,0.15996
1403715567062000896,-0.00213,0.02045,0.07603,0.07877,-0.02011,0.14522,0.06429,0.16008
1403715567112001536,-0.00213,0.02045,0.07604,0.07877,-0.02066,0.14574,0.06461,0.16075
1403715567162001152,-0.00214,0.02045,0.07604,0.07877,-0.02037,0.14590,0.06489,0.16097
1403715567212001280,-0.00213,0.02045,0.07604,0.07877,-0.02092,0.14657,0.06504,0.16171
1403715567262001152,-0.00213,0.02045,0.07604,0.07877,-0.02038,0.14709,0.06493,0.16207
1403715567312001536,-0.00213,0.02045,0.07604,0.07877,-0.02059,0.14760,0.06507,0.16261
1403715567362001664,-0.00213,0.02045,0.07604,0.07878,-0.02019,0.14680,0.06556,0.16204
1403715567412001792,-0.00213,0.02045,0.07605,0.07878,-0.02031,0.14624,0.06637,0.16187
1403715567462001664,-0.00213,0.02045,0.07605,0.07878,-0.02057,0.14635,0.06680,0.16218
1403715567512002048,-0.00213,0.02044,0.07605,0.07878,-0.02094,0.14570,0.06788,0.16209
1403715567562002432,-0.00214,0.02045,0.07605,0.07878,-0.02164,0.14623,0.06847,0.16291
1403715567612003840,-0.00213,0.02046,0.07605,0.07878,-0.02265,0.14854,0.06879,0.16525
1403715567662005248,-0.00213,0.02046,0.07606,0.07879,-0.02426,0.15070,0.07138,0.16851
1403715567712007168,-0.00212,0.02047,0.07606,0.07880,-0.02623,0.15331,0.07561,0.17294
1403715567762010368,-0.00212,0.02049,0.07607,0.07881,-0.02844,0.15715,0.07817,0.17781
1403715567812012800,-0.00211,0.02050,0.07608,0.07882,-0.03118,0.16096,0.08241,0.18350
1403715567862012928,-0.00211,0.02050,0.07608,0.07883,-0.03344,0.16356,0.08422,0.18699
1403715567912013312,-0.00210,0.02051,0.07609,0.07883,-0.03499,0.16481,0.08640,0.18935
1403715567962013952,-0.00209,0.02052,0.07609,0.07883,-0.03812,0.16811,0.08899,0.19400
1403715568012015104,-0.00209,0.02052,0.07609,0.07884,-0.03978,0.16856,0.09024,0.19529
1403715568062014720,-0.00209,0.02052,0.07609,0.07884,-0.04207,0.17050,0.09442,0.19939
1403715568112013824,-0.00209,0.02052,0.07609,0.07884,-0.04372,0.17109,0.09540,0.20071
1403715568162013184,-0.00208,0.02052,0.07609,0.07884,-0.04522,0.17036,0.09626,0.20083
1403715568212011520,-0.00208,0.02053,0.07609,0.07884,-0.04804,0.17007,0.09537,0.20082
1403715568262009856,-0.00208,0.02054,0.07609,0.07884,-0.05035,0.17024,0.09623,0.20193
1403715568312008704,-0.00208,0.02054,0.07609,0.07884,-0.05381,0.16953,0.09595,0.20209
1403715568362008320,-0.00208,0.02054,0.07609,0.07884,-0.05495,0.16890,0.09671,0.20224
1403715568412008448,-0.00208,0.02054,0.07609,0.07884,-0.05475,0.16974,0.09835,0.20367
1403715568462008320,-0.00208,0.02053,0.07609,0.07884,-0.05514,0.16747,0.10025,0.20282
1403715568512008704,-0.00208,0.02053,0.07609,0.07884,-0.05463,0.16782,0.10129,0.20349
1403715568562008832,-0.00208,0.02054,0.07609,0.07884,-0.05413,0.16875,0.10138,0.20417
1403715568612009216,-0.00208,0.02053,0.07609,0.07884,-0.05284,0.16891,0.10273,0.20464
1403715568662009600,-0.00207,0.02053,0.07609,0.07884,-0.05042,0.16984,0.10391,0.20539
1403715568712009728,-0.00207,0.02053,0.07609,0.07884,-0.04906,0.17121,0.10537,0.20693
1403715568762009600,-0.00207,0.02053,0.07609,0.07884,-0.04793,0.17153,0.10662,0.20757
1403715568812009984,-0.00206,0.02053,0.07608,0.07883,-0.04727,0.17270,0.10824,0.20922
1403715568862010624,-0.00207,0.02053,0.07608,0.07883,-0.04602,0.17286,0.11012,0.21006
1403715568912011520,-0.00206,0.02053,0.07608,0.07883,-0.04461,0.17356,0.11117,0.21089
1403715568962011904,-0.00206,0.02053,0.07608,0.07883,-0.04304,0.17458,0.11255,0.21212
1403715569012012032,-0.00206,0.02053,0.07608,0.07883,-0.04136,0.17542,0.11379,0.21315
1403715569062011648,-0.00206,0.02053,0.07608,0.07883,-0.04139,0.17646,0.11395,0.21409
1403715569112012032,-0.00206,0.02053,0.07608,0.07883,-0.04093,0.17693,0.11597,0.21547
1403715569162011904,-0.00207,0.02053,0.07607,0.07882,-0.04092,0.17761,0.11732,0.21676
1403715569212011776,-0.00207,0.02053,0.07607,0.07882,-0.04048,0.17779,0.11798,0.21718
1403715569262010880,-0.00206,0.02053,0.07607,0.07882,-0.03992,0.17867,0.11807,0.21785
1403715569312008704,-0.00206,0.02053,0.07607,0.07882,-0.03793,0.17890,0.11926,0.21833
1403715569362006528,-0.00206,0.02053,0.07607,0.07882,-0.03614,0.17975,0.11960,0.21891
1403715569412004864,-0.00205,0.02053,0.07606,0.07881,-0.03363,0.18008,0.12053,0.21929
1403715569462005760,-0.00205,0.02053,0.07606,0.07881,-0.03178,0.17926,0.12176,0.21901
1403715569512007168,-0.00205,0.02053,0.07606,0.07880,-0.03042,0.17985,0.12274,0.21986
1403715569562009600,-0.00204,0.02053,0.07606,0.07880,-0.02891,0.18053,0.12329,0.22051
1403715569612012544,-0.00204,0.02052,0.07606,0.07880,-0.02678,0.18092,0.12367,0.22078
1403715569662016256,-0.00204,0.02052,0.07605,0.07880,-0.02342,0.18156,0.12461,0.22144
1403715569712019712,-0.00203,0.02052,0.07605,0.07880,-0.02079,0.18141,0.12425,0.22087
1403715569762022144,-0.00203,0.02052,0.07605,0.07879,-0.01847,0.18121,0.12454,0.22066
1403715569812024064,-0.00203,0.02051,0.07605,0.07879,-0.01636,0.18234,0.12520,0.22179
1403715569862025216,-0.00203,0.02051,0.07604,0.07879,-0.01446,0.18282,0.12512,0.22201
1403715569912024320,-0.00203,0.02051,0.07604,0.07879,-0.01332,0.18338,0.12494,0.22230
1403715569962024192,-0.00203,0.02051,0.07604,0.07879,-0.01267,0.18412,0.12442,0.22258
1403715570012023808,-0.00203,0.02052,0.07604,0.07879,-0.01126,0.18389,0.12387,0.22201
1403715570062023680,-0.00203,0.02052,0.07604,0.07879,-0.01034,0.18353,0.12415,0.22182
1403715570112024576,-0.00203,0.02052,0.07604,0.07879,-0.00982,0.18301,0.12477,0.22171
1403715570162025472,-0.00203,0.02051,0.07604,0.07879,-0.00886,0.18254,0.12522,0.22154
1403715570212025344,-0.00203,0.02051,0.07604,0.07879,-0.00901,0.18227,0.12547,0.22146
1403715570262024704,-0.00203,0.02052,0.07604,0.07879,-0.00861,0.18247,0.12491,0.22130
1403715570312024832,-0.00203,0.02051,0.07604,0.07879,-0.00693,0.18263,0.12437,0.22106
1403715570362024704,-0.00203,0.02051,0.07605,0.07879,-0.00635,0.18300,0.12415,0.22123
1403715570412024832,-0.00203,0.02051,0.07605,0.07879,-0.00605,0.18290,0.12427,0.22121
1403715570462024960,-0.00203,0.02051,0.07605,0.07879,-0.00554,0.18203,0.12489,0.22083
1403715570512024576,-0.00204,0.02050,0.07605,0.07879,-0.00443,0.18160,0.12467,0.22032
1403715570562024960,-0.00203,0.02050,0.07605,0.07879,-0.00323,0.18025,0.12479,0.21926
1403715570612025344,-0.00203,0.02050,0.07605,0.07879,-0.00289,0.17887,0.12526,0.21839
1403715570662024192,-0.00203,0.02050,0.07605,0.07879,-0.00435,0.18019,0.12607,0.21995
1403715570712023296,-0.00203,0.02050,0.07605,0.07879,-0.00536,0.18054,0.12689,0.22073
1403715570762022656,-0.00203,0.02050,0.07605,0.07879,-0.00682,0.18005,0.12867,0.22140
1403715570812023040,-0.00203,0.02050,0.07605,0.07879,-0.00734,0.18047,0.12900,0.22195
1403715570862023168,-0.00203,0.02050,0.07605,0.07879,-0.00730,0.17993,0.12917,0.22162
1403715570912023040,-0.00203,0.02050,0.07605,0.07879,-0.00804,0.18024,0.12973,0.22221
1403715570962022656,-0.00203,0.02050,0.07605,0.07879,-0.00851,0.18075,0.12987,0.22273
1403715571012022016,-0.00202,0.02049,0.07605,0.07879,-0.00996,0.18279,0.13005,0.22455
1403715571062025216,-0.00202,0.02049,0.07605,0.07879,-0.01089,0.18242,0.13001,0.22428
1403715571112026368,-0.00201,0.02049,0.07605,0.07879,-0.01134,0.18222,0.12990,0.22407
1403715571162030080,-0.00201,0.02048,0.07605,0.07879,-0.01283,0.18208,0.12882,0.22341
1403715571212033280,-0.00201,0.02048,0.07605,0.07878,-0.01394,0.18157,0.12826,0.22274
1403715571262036224,-0.00200,0.02048,0.07605,0.07879,-0.01499,0.18076,0.12755,0.22174
1403715571312039168,-0.00200,0.02048,0.07605,0.07879,-0.01614,0.17967,0.12606,0.22007
1403715571362041856,-0.00200,0.02047,0.07606,0.07879,-0.01902,0.17870,0.12574,0.21933
1403715571412041472,-0.00200,0.02047,0.07606,0.07879,-0.02071,0.17666,0.12529,0.21757
1403715571462041344,-0.00200,0.02047,0.07606,0.07880,-0.02384,0.17485,0.12343,0.21535
1403715571512040960,-0.00200,0.02048,0.07606,0.07880,-0.02473,0.17165,0.12444,0.21345
1403715571562031872,-0.00200,0.02049,0.07606,0.07880,-0.02975,0.16403,0.12345,0.20744
1403715571612034304,-0.00199,0.02049,0.07605,0.07879,-0.02812,0.16348,0.12295,0.20648
1403715571662038784,-0.00199,0.02049,0.07605,0.07879,-0.02636,0.16379,0.12337,0.20674
1403715571712048384,-0.00198,0.02049,0.07604,0.07878,-0.02132,0.16398,0.12458,0.20703
1403715571762049792,-0.00197,0.02049,0.07604,0.07877,-0.02024,0.16258,0.12535,0.20629
1403715571812051712,-0.00197,0.02050,0.07603,0.07877,-0.01854,0.15986,0.12487,0.20370
1403715571862050816,-0.00196,0.02050,0.07603,0.07877,-0.01606,0.15649,0.12386,0.20022
1403715571912048896,-0.00194,0.02051,0.07603,0.07877,-0.01356,0.15182,0.12103,0.19463
1403715571962048000,-0.00193,0.02051,0.07603,0.07877,-0.01123,0.14712,0.11780,0.18881
1403715572012044288,-0.00193,0.02051,0.07602,0.07876,-0.00894,0.14332,0.11540,0.18422
1403715572062039808,-0.00191,0.02050,0.07601,0.07875,-0.00679,0.13891,0.11280,0.17907
1403715572112035840,-0.00191,0.02049,0.07601,0.07875,-0.00578,0.13599,0.11116,0.17574
1403715572162027520,-0.00193,0.02049,0.07601,0.07874,-0.00421,0.13084,0.10547,0.16811
1403715572212025344,-0.00194,0.02048,0.07601,0.07874,-0.00350,0.12894,0.10430,0.16589
1403715572262020352,-0.00195,0.02047,0.07600,0.07874,-0.00299,0.12754,0.10483,0.16512
1403715572312023040,-0.00196,0.02047,0.07600,0.07873,-0.00447,0.12682,0.10604,0.16537
1403715572362023936,-0.00198,0.02047,0.07600,0.07874,-0.00525,0.12571,0.10738,0.16541
1403715572412020736,-0.00198,0.02048,0.07600,0.07874,-0.00792,0.12619,0.10832,0.16649
1403715572462011648,-0.00198,0.02049,0.07600,0.07874,-0.01002,0.12640,0.10871,0.16702
1403715572511997952,-0.00198,0.02051,0.07600,0.07874,-0.01244,0.12575,0.10958,0.16726
1403715572561987328,-0.00199,0.02052,0.07600,0.07874,-0.01475,0.12509,0.11041,0.16750
1403715572611978240,-0.00199,0.02053,0.07600,0.07875,-0.01668,0.12427,0.11045,0.16709
1403715572661971456,-0.00198,0.02054,0.07600,0.07875,-0.01890,0.12409,0.11060,0.16729
1403715572711969280,-0.00198,0.02054,0.07600,0.07875,-0.01993,0.12375,0.10991,0.16671
1403715572761960704,-0.00199,0.02056,0.07599,0.07875,-0.02227,0.12226,0.10916,0.16540
1403715572811958784,-0.00199,0.02056,0.07599,0.07875,-0.02312,0.12263,0.10741,0.16465
1403715572861958656,-0.00199,0.02056,0.07600,0.07876,-0.02395,0.12253,0.10437,0.16273
1403715572911956480,-0.00199,0.02057,0.07599,0.07875,-0.02506,0.12000,0.10455,0.16112
1403715572961954304,-0.00199,0.02057,0.07600,0.07876,-0.02553,0.12074,0.10348,0.16106
1403715573011952640,-0.00199,0.02058,0.07600,0.07877,-0.02549,0.12162,0.10187,0.16068
1403715573061949952,-0.00199,0.02058,0.07601,0.07877,-0.02438,0.12208,0.10060,0.16005
1403715573111947520,-0.00200,0.02058,0.07602,0.07878,-0.02299,0.12280,0.09958,0.15976
1403715573161944064,-0.00200,0.02059,0.07602,0.07879,-0.02083,0.12319,0.09717,0.15828
1403715573211944448,-0.00200,0.02060,0.07603,0.07879,-0.02037,0.12284,0.09632,0.15742
1403715573261942784,-0.00200,0.02060,0.07604,0.07880,-0.01962,0.12432,0.09483,0.15758
1403715573311942144,-0.00200,0.02059,0.07604,0.07881,-0.01961,0.12547,0.09407,0.15804
1403715573361942016,-0.00200,0.02059,0.07605,0.07881,-0.02037,0.12606,0.09326,0.15812
1403715573411941632,-0.00201,0.02059,0.07605,0.07882,-0.02130,0.12666,0.09377,0.15903
1403715573461941504,-0.00201,0.02058,0.07606,0.07882,-0.02230,0.12782,0.09438,0.16045
1403715573511941376,-0.00202,0.02057,0.07606,0.07882,-0.02374,0.13015,0.09378,0.16217
1403715573561942016,-0.00203,0.02057,0.07607,0.07882,-0.02486,0.12996,0.09417,0.16241
1403715573611941888,-0.00204,0.02056,0.07607,0.07882,-0.02513,0.13079,0.09359,0.16277
1403715573661939200,-0.00205,0.02055,0.07607,0.07883,-0.02602,0.13309,0.09372,0.16484
1403715573711937536,-0.00205,0.02055,0.07607,0.07882,-0.02633,0.13478,0.09451,0.16670
1403715573761936128,-0.00207,0.02054,0.07606,0.07881,-0.02654,0.13576,0.09536,0.16801
1403715573811935488,-0.00208,0.02053,0.07606,0.07881,-0.02689,0.13669,0.09639,0.16940
1403715573861936384,-0.00208,0.02052,0.07606,0.07881,-0.02697,0.13768,0.09662,0.17035
1403715573911936768,-0.00209,0.02052,0.07607,0.07881,-0.02673,0.13788,0.09649,0.17040
1403715573961937920,-0.00209,0.02052,0.07607,0.07882,-0.02627,0.13808,0.09686,0.17070
1403715574011937792,-0.00210,0.02052,0.07608,0.07882,-0.02539,0.13768,0.09713,0.17040
1403715574061937664,-0.00210,0.02052,0.07607,0.07882,-0.02483,0.13760,0.09736,0.17038
1403715574111935232,-0.00211,0.02052,0.07608,0.07882,-0.02395,0.13707,0.09954,0.17108
1403715574161934592,-0.00211,0.02052,0.07607,0.07882,-0.02293,0.13711,0.10030,0.17142
1403715574211932928,-0.00211,0.02053,0.07606,0.07881,-0.02176,0.13658,0.10148,0.17154
1403715574261930496,-0.00212,0.02053,0.07605,0.07880,-0.02044,0.13558,0.10413,0.17218
1403715574311930112,-0.00212,0.02054,0.07605,0.07880,-0.01869,0.13510,0.10589,0.17267
1403715574361930240,-0.00211,0.02053,0.07605,0.07880,-0.01663,0.13427,0.10489,0.17119
1403715574411932416,-0.00211,0.02054,0.07603,0.07879,-0.01368,0.13418,0.10465,0.17072
1403715574461932544,-0.00211,0.02053,0.07603,0.07878,-0.01314,0.13456,0.10438,0.17080
1403715574511933440,-0.00211,0.02053,0.07603,0.07878,-0.01271,0.13479,0.10416,0.17082
1403715574561934336,-0.00211,0.02053,0.07603,0.07878,-0.01234,0.13504,0.10373,0.17073
1403715574611934464,-0.00211,0.02053,0.07603,0.07878,-0.01222,0.13522,0.10357,0.17077
1403715574661935872,-0.00211,0.02053,0.07603,0.07878,-0.01170,0.13494,0.10354,0.17049
1403715574711937536,-0.00211,0.02053,0.07604,0.07879,-0.01020,0.13393,0.10291,0.16921
1403715574761936128,-0.00211,0.02053,0.07604,0.07880,-0.01026,0.13291,0.10310,0.16852
1403715574811933696,-0.00211,0.02053,0.07605,0.07880,-0.01068,0.13139,0.10264,0.16707
1403715574861932288,-0.00211,0.02053,0.07606,0.07881,-0.01099,0.12991,0.10218,0.16564
1403715574911933440,-0.00210,0.02054,0.07606,0.07881,-0.01103,0.12677,0.10127,0.16263
1403715574961932544,-0.00209,0.02054,0.07606,0.07881,-0.01162,0.12462,0.10090,0.16077
1403715575011932928,-0.00209,0.02054,0.07607,0.07882,-0.01240,0.12230,0.10041,0.15872
1403715575061934592,-0.00209,0.02053,0.07607,0.07882,-0.01292,0.12156,0.09920,0.15743
1403715575111935232,-0.00209,0.02053,0.07608,0.07882,-0.01368,0.12076,0.09860,0.15650
1403715575161937152,-0.00209,0.02053,0.07608,0.07883,-0.01441,0.11990,0.09854,0.15586
1403715575211938048,-0.00209,0.02053,0.07608,0.07883,-0.01494,0.11990,0.09822,0.15571
1403715575261939968,-0.00208,0.02053,0.07609,0.07884,-0.01524,0.11943,0.09800,0.15524
1403715575311941120,-0.00208,0.02053,0.07609,0.07884,-0.01518,0.11972,0.09727,0.15500
1403715575361939968,-0.00208,0.02053,0.07609,0.07884,-0.01610,0.12030,0.09630,0.15494
1403715575411937792,-0.00208,0.02053,0.07610,0.07884,-0.01747,0.12163,0.09501,0.15533
1403715575461935360,-0.00208,0.02053,0.07610,0.07885,-0.02029,0.12275,0.09486,0.15645
1403715575511936256,-0.00207,0.02053,0.07611,0.07886,-0.02267,0.12594,0.09320,0.15831
1403715575561938688,-0.00207,0.02054,0.07612,0.07887,-0.02508,0.12789,0.09136,0.15915
1403715575611941632,-0.00206,0.02054,0.07612,0.07887,-0.02624,0.12927,0.08883,0.15902
1403715575661943552,-0.00206,0.02054,0.07612,0.07887,-0.02708,0.13102,0.08634,0.15923
1403715575711945984,-0.00205,0.02054,0.07613,0.07888,-0.02804,0.13182,0.08542,0.15956
1403715575761946368,-0.00205,0.02054,0.07613,0.07888,-0.02759,0.13265,0.08365,0.15923
1403715575811947520,-0.00205,0.02054,0.07614,0.07889,-0.02756,0.13329,0.08219,0.15900
1403715575861948416,-0.00205,0.02054,0.07615,0.07889,-0.02786,0.13355,0.08107,0.15869
1403715575911949824,-0.00205,0.02053,0.07614,0.07888,-0.02659,0.13445,0.07999,0.15869
1403715575961949696,-0.00205,0.02053,0.07614,0.07888,-0.02743,0.13420,0.07894,0.15809
1403715576011949568,-0.00205,0.02053,0.07614,0.07888,-0.02816,0.13410,0.07775,0.15755
1403715576061949440,-0.00205,0.02053,0.07614,0.07888,-0.02896,0.13388,0.07692,0.15710
1403715576111949568,-0.00204,0.02053,0.07613,0.07888,-0.02960,0.13329,0.07626,0.15639
1403715576161948928,-0.00203,0.02052,0.07613,0.07888,-0.03095,0.13254,0.07636,0.15606
1403715576211949568,-0.00202,0.02052,0.07614,0.07888,-0.03210,0.13222,0.07544,0.15557
1403715576261951232,-0.00202,0.02052,0.07614,0.07888,-0.03322,0.13176,0.07432,0.15488
1403715576311955456,-0.00201,0.02052,0.07613,0.07888,-0.03528,0.13129,0.07271,0.15417
1403715576361960448,-0.00199,0.02051,0.07613,0.07887,-0.03902,0.13082,0.07324,0.15492
1403715576411964160,-0.00198,0.02050,0.07613,0.07887,-0.04150,0.13056,0.07302,0.15524
1403715576461964800,-0.00197,0.02049,0.07613,0.07886,-0.04315,0.13008,0.07310,0.15533
1403715576511965952,-0.00196,0.02048,0.07612,0.07885,-0.04381,0.12929,0.07380,0.15518
1403715576561966080,-0.00195,0.02048,0.07611,0.07884,-0.04323,0.12889,0.07360,0.15459
1403715576611967488,-0.00195,0.02047,0.07610,0.07883,-0.04293,0.12749,0.07353,0.15331
1403715576661968896,-0.00195,0.02047,0.07609,0.07882,-0.04261,0.12609,0.07389,0.15223
1403715576711970560,-0.00195,0.02046,0.07607,0.07880,-0.04223,0.12440,0.07396,0.15076
1403715576761973504,-0.00195,0.02045,0.07606,0.07879,-0.04169,0.12250,0.07477,0.14945
1403715576811975936,-0.00196,0.02045,0.07605,0.07877,-0.04180,0.11938,0.07493,0.14701
1403715576861975296,-0.00197,0.02044,0.07603,0.07876,-0.04233,0.11656,0.07614,0.14551
1403715576911979520,-0.00197,0.02044,0.07602,0.07875,-0.04032,0.11459,0.07618,0.14338
1403715576961977088,-0.00198,0.02044,0.07601,0.07873,-0.04074,0.11212,0.07579,0.14134
1403715577011976192,-0.00198,0.02043,0.07600,0.07872,-0.04031,0.11077,0.07584,0.14017
1403715577061975552,-0.00198,0.02042,0.07600,0.07872,-0.03960,0.10967,0.07618,0.13928
1403715577111973888,-0.00198,0.02042,0.07599,0.07871,-0.03801,0.10836,0.07677,0.13814
1403715577161973248,-0.00199,0.02043,0.07599,0.07871,-0.03620,0.10761,0.07595,0.13660
1403715577211972096,-0.00199,0.02042,0.07599,0.07871,-0.03456,0.10706,0.07634,0.13595
1403715577261969664,-0.00199,0.02042,0.07599,0.07871,-0.03216,0.10674,0.07572,0.13477
1403715577311968000,-0.00200,0.02042,0.07599,0.07871,-0.02978,0.10623,0.07562,0.13375
1403715577361966848,-0.00200,0.02042,0.07599,0.07872,-0.02708,0.10581,0.07486,0.13241
1403715577411965952,-0.00201,0.02043,0.07599,0.07871,-0.02395,0.10497,0.07305,0.13011
1403715577461965312,-0.00202,0.02043,0.07599,0.07871,-0.02164,0.10423,0.07207,0.12855
1403715577511965440,-0.00203,0.02044,0.07599,0.07872,-0.02039,0.10381,0.07144,0.12766
1403715577561965312,-0.00203,0.02044,0.07598,0.07871,-0.01967,0.10346,0.07068,0.12684
1403715577611964928,-0.00204,0.02046,0.07598,0.07871,-0.01923,0.10307,0.06958,0.12583
1403715577661964800,-0.00205,0.02047,0.07597,0.07871,-0.01883,0.10285,0.06830,0.12489
1403715577711963904,-0.00206,0.02048,0.07596,0.07870,-0.01866,0.10251,0.06747,0.12413
1403715577761963520,-0.00207,0.02051,0.07595,0.07870,-0.01780,0.10159,0.06451,0.12165
1403715577811963904,-0.00208,0.02052,0.07594,0.07869,-0.01721,0.10104,0.06346,0.12055
1403715577861964032,-0.00208,0.02052,0.07594,0.07869,-0.01607,0.10012,0.06290,0.11933
1403715577911965184,-0.00209,0.02054,0.07594,0.07869,-0.01527,0.10047,0.06035,0.11819
1403715577961965824,-0.00209,0.02055,0.07593,0.07869,-0.01468,0.09971,0.05906,0.11681
1403715578011966464,-0.00210,0.02057,0.07592,0.07868,-0.01506,0.09936,0.05760,0.11583
1403715578061967872,-0.00209,0.02059,0.07591,0.07868,-0.01428,0.09887,0.05626,0.11465
1403715578111968256,-0.00209,0.02060,0.07591,0.07868,-0.01456,0.09846,0.05532,0.11387
1403715578161968128,-0.00209,0.02061,0.07591,0.07868,-0.01504,0.09816,0.05471,0.11338
1403715578211967744,-0.00209,0.02062,0.07590,0.07868,-0.01560,0.09781,0.05399,0.11280
1403715578261969152,-0.00208,0.02063,0.07590,0.07868,-0.01681,0.09865,0.05416,0.11379
1403715578311970304,-0.00208,0.02064,0.07590,0.07868,-0.01721,0.09845,0.05372,0.11346
1403715578361972224,-0.00206,0.02066,0.07590,0.07869,-0.01706,0.09846,0.05226,0.11277
1403715578411974400,-0.00204,0.02069,0.07590,0.07870,-0.01753,0.09995,0.05168,0.11388
1403715578461975296,-0.00203,0.02070,0.07590,0.07870,-0.01831,0.10028,0.05142,0.11418
1403715578511975424,-0.00202,0.02071,0.07590,0.07870,-0.01905,0.10071,0.05121,0.11457
1403715578561975552,-0.00200,0.02072,0.07589,0.07869,-0.01979,0.10127,0.05091,0.11507
1403715578611975168,-0.00199,0.02073,0.07589,0.07870,-0.02072,0.10236,0.05094,0.11620
1403715578661976832,-0.00199,0.02074,0.07589,0.07870,-0.02073,0.10387,0.05060,0.11738
1403715578711979008,-0.00198,0.02074,0.07589,0.07870,-0.02049,0.10514,0.05071,0.11851
1403715578761982976,-0.00189,0.02073,0.07590,0.07870,-0.01665,0.10874,0.05013,0.12089
1403715578811983104,-0.00187,0.02074,0.07590,0.07871,-0.01603,0.10956,0.05024,0.12159
1403715578861980160,-0.00186,0.02073,0.07591,0.07871,-0.01340,0.10960,0.04951,0.12100
1403715578911979264,-0.00184,0.02072,0.07594,0.07873,-0.01119,0.11066,0.05241,0.12296
1403715578961974784,-0.00184,0.02070,0.07595,0.07875,-0.00872,0.11096,0.05330,0.12341
1403715579011970048,-0.00183,0.02070,0.07598,0.07877,-0.00615,0.11221,0.05478,0.12502
1403715579061966336,-0.00183,0.02069,0.07601,0.07879,-0.00318,0.11230,0.05725,0.12609
1403715579111966976,-0.00184,0.02069,0.07602,0.07881,-0.00207,0.11284,0.05708,0.12647
1403715579161966592,-0.00186,0.02070,0.07603,0.07882,-0.00043,0.11444,0.05659,0.12766
1403715579211965440,-0.00187,0.02071,0.07604,0.07883,-0.00008,0.11499,0.05671,0.12821
1403715579261962240,-0.00186,0.02073,0.07606,0.07885,-0.00134,0.11505,0.05884,0.12923
1403715579311958784,-0.00187,0.02074,0.07608,0.07888,-0.00266,0.11456,0.06095,0.12979
1403715579361953280,-0.00187,0.02076,0.07612,0.07892,-0.00451,0.11395,0.06328,0.13042
1403715579411949056,-0.00188,0.02078,0.07613,0.07894,-0.00650,0.11307,0.06416,0.13017
1403715579461939712,-0.00189,0.02079,0.07615,0.07896,-0.00974,0.11108,0.06510,0.12912
1403715579511937280,-0.00189,0.02080,0.07616,0.07898,-0.01249,0.10962,0.06547,0.12829
1403715579561936384,-0.00190,0.02081,0.07618,0.07899,-0.01466,0.10834,0.06626,0.12784
1403715579611935744,-0.00191,0.02083,0.07618,0.07900,-0.01854,0.10689,0.06494,0.12644
1403715579661936640,-0.00193,0.02088,0.07618,0.07901,-0.02569,0.10483,0.06125,0.12410
1403715579711937792,-0.00193,0.02091,0.07618,0.07902,-0.02791,0.10399,0.06137,0.12393
1403715579761940224,-0.00194,0.02092,0.07619,0.07903,-0.02824,0.10439,0.06152,0.12442
1403715579811939584,-0.00194,0.02092,0.07619,0.07904,-0.02781,0.10476,0.06200,0.12487
1403715579861937408,-0.00195,0.02094,0.07619,0.07904,-0.02699,0.10557,0.06200,0.12537
1403715579911935488,-0.00196,0.02094,0.07619,0.07904,-0.02525,0.10628,0.06263,0.12592
1403715579961935104,-0.00196,0.02094,0.07620,0.07905,-0.02493,0.10682,0.06256,0.12628
1403715580011933696,-0.00196,0.02093,0.07620,0.07905,-0.02394,0.10709,0.06319,0.12663
1403715580061934336,-0.00196,0.02092,0.07621,0.07906,-0.02292,0.10678,0.06435,0.12676
1403715580111934464,-0.00195,0.02091,0.07622,0.07906,-0.02199,0.10625,0.06579,0.12689
1403715580161934336,-0.00194,0.02090,0.07623,0.07907,-0.02166,0.10584,0.06654,0.12688
1403715580211934208,-0.00193,0.02090,0.07624,0.07907,-0.02188,0.10563,0.06658,0.12676
1403715580261934080,-0.00193,0.02090,0.07624,0.07907,-0.02179,0.10547,0.06649,0.12657
1403715580311935232,-0.00192,0.02089,0.07624,0.07907,-0.02035,0.10491,0.06705,0.12616
1403715580361935360,-0.00191,0.02089,0.07624,0.07907,-0.01999,0.10467,0.06658,0.12565
1403715580411936256,-0.00191,0.02088,0.07623,0.07906,-0.01879,0.10405,0.06635,0.12483
1403715580461936896,-0.00191,0.02088,0.07622,0.07906,-0.01815,0.10345,0.06593,0.12401
1403715580511937280,-0.00191,0.02088,0.07623,0.07906,-0.01778,0.10336,0.06618,0.12401
1403715580561938688,-0.00191,0.02087,0.07623,0.07906,-0.01619,0.10313,0.06655,0.12380
1403715580611939072,-0.00191,0.02087,0.07623,0.07906,-0.01524,0.10239,0.06699,0.12330
1403715580661938944,-0.00191,0.02086,0.07623,0.07906,-0.01384,0.10126,0.06736,0.12240
1403715580711939840,-0.00191,0.02085,0.07624,0.07906,-0.01172,0.10027,0.06759,0.12149
1403715580761940736,-0.00191,0.02084,0.07626,0.07908,-0.00795,0.09911,0.06964,0.12139
1403715580811940608,-0.00190,0.02084,0.07626,0.07908,-0.00570,0.09810,0.07020,0.12076
1403715580861940736,-0.00190,0.02084,0.07626,0.07908,-0.00536,0.09805,0.06988,0.12052
1403715580911941120,-0.00190,0.02084,0.07626,0.07908,-0.00361,0.09693,0.06976,0.11948
1403715580961941248,-0.00191,0.02085,0.07624,0.07906,-0.00534,0.09735,0.06670,0.11813
1403715581011941632,-0.00192,0.02084,0.07623,0.07905,-0.00570,0.09659,0.06609,0.11718
1403715581061942528,-0.00192,0.02083,0.07622,0.07904,-0.00662,0.09600,0.06553,0.11642
1403715581111944448,-0.00193,0.02083,0.07621,0.07902,-0.00837,0.09573,0.06472,0.11586
1403715581161946624,-0.00194,0.02082,0.07619,0.07901,-0.01014,0.09538,0.06357,0.11507
1403715581211950336,-0.00195,0.02082,0.07616,0.07898,-0.01349,0.09668,0.06172,0.11549
1403715581261951488,-0.00196,0.02081,0.07615,0.07897,-0.01502,0.09744,0.06133,0.11611
1403715581311954432,-0.00197,0.02082,0.07613,0.07895,-0.01743,0.09916,0.06040,0.11740
1403715581361957120,-0.00198,0.02082,0.07612,0.07894,-0.01942,0.10075,0.06002,0.11887
1403715581411957248,-0.00199,0.02082,0.07610,0.07892,-0.02061,0.10207,0.05943,0.11989
1403715581461956096,-0.00200,0.02082,0.07609,0.07891,-0.02129,0.10298,0.05918,0.12067
1403715581511955200,-0.00200,0.02083,0.07608,0.07890,-0.02235,0.10520,0.05869,0.12252
1403715581561952768,-0.00201,0.02083,0.07606,0.07888,-0.02337,0.10694,0.05845,0.12410
1403715581611950080,-0.00201,0.02083,0.07604,0.07887,-0.02420,0.10895,0.05803,0.12579
1403715581661947904,-0.00202,0.02084,0.07603,0.07886,-0.02487,0.11030,0.05772,0.12695
1403715581711946752,-0.00202,0.02084,0.07601,0.07884,-0.02537,0.11149,0.05735,0.12792
1403715581761946112,-0.00203,0.02084,0.07600,0.07884,-0.02540,0.11227,0.05672,0.12832
1403715581811945984,-0.00203,0.02085,0.07599,0.07883,-0.02460,0.11309,0.05613,0.12863
1403715581861947136,-0.00204,0.02085,0.07599,0.07882,-0.02360,0.11355,0.05585,0.12873
1403715581911948288,-0.00205,0.02084,0.07598,0.07881,-0.02258,0.11441,0.05567,0.12922
1403715581961948928,-0.00206,0.02084,0.07598,0.07881,-0.02149,0.11524,0.05536,0.12964
1403715582011948544,-0.00207,0.02083,0.07598,0.07881,-0.02031,0.11644,0.05528,0.13049
1403715582061948416,-0.00207,0.02082,0.07598,0.07880,-0.01931,0.11760,0.05556,0.13149
1403715582111946752,-0.00209,0.02081,0.07598,0.07880,-0.01896,0.11819,0.05650,0.13237
1403715582161949440,-0.00210,0.02080,0.07598,0.07880,-0.02049,0.11876,0.05853,0.13398
1403715582211948544,-0.00210,0.02079,0.07599,0.07881,-0.02139,0.11947,0.05946,0.13515
1403715582261946624,-0.00212,0.02078,0.07599,0.07881,-0.02238,0.11990,0.06055,0.13617
1403715582311943680,-0.00212,0.02077,0.07600,0.07881,-0.02398,0.11993,0.06177,0.13701
1403715582361941760,-0.00213,0.02076,0.07600,0.07882,-0.02507,0.12023,0.06198,0.13758
1403715582411937792,-0.00213,0.02075,0.07601,0.07882,-0.02686,0.12075,0.06224,0.13848
1403715582461937408,-0.00213,0.02075,0.07602,0.07883,-0.02784,0.12090,0.06254,0.13893
1403715582511937024,-0.00213,0.02074,0.07603,0.07883,-0.02892,0.12142,0.06255,0.13962
1403715582561938176,-0.00213,0.02073,0.07603,0.07884,-0.02972,0.12217,0.06248,0.14040
1403715582611938560,-0.00213,0.02071,0.07604,0.07884,-0.03125,0.12328,0.06277,0.14182
1403715582661938688,-0.00213,0.02070,0.07604,0.07883,-0.03201,0.12426,0.06335,0.14311
1403715582711938304,-0.00214,0.02068,0.07604,0.07883,-0.03196,0.12555,0.06356,0.14430
1403715582761937920,-0.00214,0.02067,0.07604,0.07883,-0.03175,0.12697,0.06349,0.14547
1403715582811938048,-0.00214,0.02065,0.07604,0.07882,-0.03154,0.12839,0.06313,0.14651
1403715582861938176,-0.00214,0.02063,0.07604,0.07882,-0.03139,0.13034,0.06147,0.14749
1403715582911937792,-0.00214,0.02062,0.07604,0.07881,-0.03184,0.13172,0.06030,0.14833
1403715582961937664,-0.00215,0.02061,0.07604,0.07882,-0.03323,0.13247,0.05967,0.14904
1403715583011938048,-0.00215,0.02061,0.07605,0.07882,-0.03562,0.13280,0.05924,0.14972
1403715583061940992,-0.00215,0.02061,0.07606,0.07883,-0.03794,0.13288,0.05814,0.14992
1403715583111946496,-0.00216,0.02062,0.07607,0.07884,-0.04049,0.13266,0.05711,0.15000
1403715583161954816,-0.00216,0.02063,0.07608,0.07885,-0.04403,0.13180,0.05660,0.15004
1403715583211961856,-0.00217,0.02064,0.07608,0.07886,-0.04706,0.13112,0.05628,0.15024
1403715583261965568,-0.00218,0.02065,0.07608,0.07886,-0.04962,0.13068,0.05648,0.15076
1403715583311969280,-0.00218,0.02066,0.07608,0.07886,-0.05277,0.13039,0.05685,0.15172
1403715583361969920,-0.00219,0.02067,0.07607,0.07886,-0.05438,0.12970,0.05698,0.15175
1403715583411969536,-0.00219,0.02068,0.07607,0.07886,-0.05477,0.12937,0.05677,0.15153
1403715583461970176,-0.00218,0.02069,0.07606,0.07886,-0.05602,0.12960,0.05676,0.15217
1403715583511970560,-0.00218,0.02070,0.07606,0.07886,-0.05617,0.12881,0.05631,0.15139
1403715583561970176,-0.00218,0.02071,0.07606,0.07886,-0.05582,0.12777,0.05578,0.15017
1403715583611969792,-0.00218,0.02072,0.07606,0.07886,-0.05527,0.12648,0.05480,0.14851
1403715583661967360,-0.00218,0.02074,0.07606,0.07887,-0.05615,0.12563,0.05355,0.14766
1403715583711967488,-0.00217,0.02075,0.07607,0.07888,-0.05439,0.12541,0.05255,0.14645
1403715583761965568,-0.00217,0.02077,0.07608,0.07889,-0.05483,0.12488,0.05130,0.14572
1403715583811966208,-0.00216,0.02077,0.07608,0.07890,-0.05441,0.12471,0.05114,0.14536
1403715583861966336,-0.00216,0.02077,0.07609,0.07890,-0.05417,0.12431,0.05107,0.14490
1403715583911966464,-0.00216,0.02077,0.07609,0.07891,-0.05374,0.12364,0.05133,0.14425
1403715583961965312,-0.00216,0.02078,0.07609,0.07891,-0.05420,0.12178,0.05108,0.14275
1403715584011967232,-0.00216,0.02077,0.07609,0.07890,-0.05375,0.12082,0.05346,0.14264
1403715584061967616,-0.00216,0.02076,0.07609,0.07890,-0.05350,0.11898,0.05499,0.14157
1403715584111969280,-0.00216,0.02076,0.07608,0.07889,-0.05291,0.11687,0.05692,0.14035
1403715584161971456,-0.00216,0.02076,0.07608,0.07889,-0.05202,0.11493,0.05876,0.13917
1403715584211972352,-0.00216,0.02076,0.07607,0.07888,-0.05159,0.11245,0.06072,0.13782
1403715584261973248,-0.00216,0.02075,0.07606,0.07887,-0.05158,0.11039,0.06173,0.13659
1403715584311974144,-0.00215,0.02075,0.07606,0.07887,-0.05152,0.10950,0.06252,0.13622
1403715584361974272,-0.00215,0.02075,0.07606,0.07887,-0.05135,0.10805,0.06357,0.13548
1403715584411974400,-0.00215,0.02076,0.07606,0.07887,-0.05035,0.10621,0.06514,0.13438
1403715584461971712,-0.00214,0.02076,0.07607,0.07888,-0.04848,0.10457,0.06692,0.13328
1403715584511969024,-0.00214,0.02077,0.07607,0.07889,-0.04690,0.10319,0.06801,0.13219
1403715584561965824,-0.00214,0.02077,0.07608,0.07889,-0.04511,0.10199,0.06910,0.13119
1403715584611961600,-0.00213,0.02078,0.07608,0.07890,-0.04261,0.10063,0.07008,0.12982
1403715584661957632,-0.00213,0.02078,0.07609,0.07890,-0.04047,0.09967,0.07067,0.12871
1403715584711954944,-0.00213,0.02079,0.07609,0.07891,-0.03791,0.09865,0.07079,0.12720
1403715584761953024,-0.00213,0.02079,0.07610,0.07892,-0.03668,0.09829,0.07062,0.12647
1403715584811949568,-0.00213,0.02080,0.07611,0.07893,-0.03462,0.09817,0.07031,0.12561
1403715584861944320,-0.00214,0.02080,0.07612,0.07894,-0.03213,0.09911,0.07005,0.12555
1403715584911941888,-0.00214,0.02080,0.07613,0.07895,-0.02948,0.09945,0.06914,0.12466
1403715584961942528,-0.00215,0.02080,0.07613,0.07895,-0.02810,0.09962,0.06860,0.12418
1403715585011943680,-0.00215,0.02079,0.07613,0.07895,-0.02681,0.10002,0.06823,0.12401
1403715585061945088,-0.00216,0.02078,0.07614,0.07896,-0.02569,0.10051,0.06786,0.12396
1403715585111945984,-0.00216,0.02077,0.07615,0.07896,-0.02479,0.10067,0.06755,0.12374
1403715585161947904,-0.00216,0.02075,0.07614,0.07895,-0.02391,0.10122,0.06748,0.12398
1403715585211948288,-0.00217,0.02075,0.07614,0.07895,-0.02388,0.10121,0.06722,0.12382
1403715585261947648,-0.00217,0.02074,0.07615,0.07895,-0.02365,0.10138,0.06740,0.12401
1403715585311947520,-0.00217,0.02074,0.07615,0.07895,-0.02307,0.10153,0.06652,0.12356
1403715585361946624,-0.00217,0.02073,0.07615,0.07895,-0.02244,0.10132,0.06620,0.12309
1403715585411945984,-0.00217,0.02072,0.07614,0.07894,-0.02160,0.10110,0.06566,0.12246
1403715585461946112,-0.00219,0.02069,0.07614,0.07893,-0.01966,0.09982,0.06585,0.12119
1403715585511945728,-0.00219,0.02069,0.07613,0.07893,-0.01914,0.09992,0.06543,0.12097
1403715585561947136,-0.00219,0.02068,0.07613,0.07892,-0.01786,0.10006,0.06452,0.12040
1403715585611947776,-0.00218,0.02068,0.07613,0.07892,-0.01719,0.10017,0.06372,0.11996
1403715585661955328,-0.00221,0.02064,0.07612,0.07890,-0.01439,0.09901,0.06300,0.11823
1403715585711954944,-0.00220,0.02064,0.07612,0.07890,-0.01443,0.09951,0.06249,0.11839
1403715585761956608,-0.00220,0.02065,0.07612,0.07890,-0.01368,0.10014,0.06151,0.11832
1403715585811957504,-0.00219,0.02065,0.07613,0.07891,-0.01327,0.10063,0.06088,0.11836
1403715585861958400,-0.00218,0.02065,0.07613,0.07891,-0.01290,0.10155,0.06037,0.11884
1403715585911958784,-0.00217,0.02065,0.07613,0.07891,-0.01286,0.10244,0.06004,0.11943
1403715585961959680,-0.00216,0.02065,0.07613,0.07891,-0.01290,0.10379,0.05980,0.12048
1403715586011959552,-0.00215,0.02066,0.07614,0.07892,-0.01330,0.10455,0.05971,0.12114
1403715586061960448,-0.00214,0.02067,0.07614,0.07892,-0.01417,0.10527,0.05973,0.12186
1403715586111962880,-0.00212,0.02070,0.07615,0.07894,-0.01722,0.10619,0.05791,0.12218
1403715586161962240,-0.00210,0.02070,0.07615,0.07894,-0.01726,0.10675,0.05811,0.12276
1403715586211961856,-0.00209,0.02071,0.07615,0.07894,-0.01787,0.10722,0.05822,0.12331
1403715586261963264,-0.00208,0.02071,0.07616,0.07895,-0.01895,0.10823,0.05884,0.12464
1403715586311962624,-0.00207,0.02072,0.07617,0.07896,-0.02071,0.10889,0.05883,0.12548
1403715586361961984,-0.00207,0.02072,0.07617,0.07897,-0.02335,0.10954,0.05876,0.12648
1403715586411960320,-0.00207,0.02073,0.07618,0.07897,-0.02695,0.11085,0.05901,0.12844
1403715586461958656,-0.00206,0.02073,0.07618,0.07898,-0.03090,0.11201,0.05893,0.13029
1403715586511955712,-0.00206,0.02074,0.07618,0.07898,-0.03594,0.11305,0.05921,0.13259
1403715586561953024,-0.00206,0.02074,0.07618,0.07898,-0.04040,0.11385,0.05876,0.13434
1403715586611949312,-0.00204,0.02075,0.07618,0.07898,-0.04560,0.11508,0.05782,0.13662
1403715586661945856,-0.00202,0.02076,0.07617,0.07897,-0.05191,0.11627,0.05695,0.13949
1403715586711943424,-0.00202,0.02076,0.07617,0.07897,-0.05453,0.11575,0.05640,0.13983
1403715586761939456,-0.00203,0.02076,0.07617,0.07897,-0.05769,0.11507,0.05567,0.14024
1403715586811936768,-0.00203,0.02076,0.07617,0.07897,-0.06106,0.11421,0.05475,0.14060
1403715586861935872,-0.00204,0.02076,0.07617,0.07897,-0.06369,0.11323,0.05395,0.14067
1403715586911935744,-0.00204,0.02076,0.07617,0.07897,-0.06616,0.11219,0.05323,0.14070
1403715586961936640,-0.00205,0.02076,0.07617,0.07897,-0.06824,0.11127,0.05264,0.14074
1403715587011938304,-0.00205,0.02076,0.07617,0.07897,-0.07018,0.11033,0.05216,0.14078
1403715587061940992,-0.00205,0.02076,0.07617,0.07897,-0.07217,0.10945,0.05180,0.14097
1403715587111943168,-0.00205,0.02076,0.07617,0.07897,-0.07382,0.10869,0.05163,0.14117
1403715587161945344,-0.00205,0.02076,0.07617,0.07897,-0.07554,0.10804,0.05146,0.14152
1403715587211947008,-0.00205,0.02076,0.07617,0.07897,-0.07695,0.10760,0.05145,0.14194
1403715587261948160,-0.00205,0.02077,0.07617,0.07898,-0.07865,0.10761,0.05152,0.14290
1403715587311948288,-0.00205,0.02077,0.07617,0.07898,-0.07913,0.10716,0.05183,0.14294
1403715587361948160,-0.00205,0.02077,0.07617,0.07898,-0.07933,0.10661,0.05215,0.14275
1403715587411948288,-0.00204,0.02077,0.07617,0.07898,-0.07926,0.10600,0.05253,0.14240
1403715587461948160,-0.00204,0.02077,0.07617,0.07898,-0.07953,0.10533,0.05285,0.14217
1403715587511949056,-0.00203,0.02076,0.07617,0.07898,-0.07893,0.10447,0.05358,0.14147
1403715587561950464,-0.00203,0.02076,0.07617,0.07898,-0.07798,0.10325,0.05431,0.14033
1403715587611951872,-0.00202,0.02076,0.07617,0.07897,-0.07725,0.10222,0.05468,0.13930
1403715587661952512,-0.00202,0.02076,0.07617,0.07897,-0.07698,0.10156,0.05484,0.13874
1403715587711953664,-0.00202,0.02076,0.07617,0.07897,-0.07658,0.10061,0.05488,0.13783
1403715587761955328,-0.00202,0.02076,0.07616,0.07897,-0.07581,0.09952,0.05482,0.13659
1403715587811956480,-0.00202,0.02076,0.07616,0.07896,-0.07534,0.09842,0.05458,0.13544
1403715587861957632,-0.00202,0.02077,0.07615,0.07896,-0.07450,0.09702,0.05379,0.13363
1403715587911957504,-0.00202,0.02076,0.07615,0.07895,-0.07286,0.09606,0.05271,0.13159
1403715587961956352,-0.00203,0.02076,0.07615,0.07895,-0.06984,0.09447,0.05162,0.12832
1403715588011954944,-0.00202,0.02076,0.07615,0.07895,-0.06683,0.09369,0.05117,0.12595
1403715588061955072,-0.00200,0.02076,0.07614,0.07895,-0.06370,0.09267,0.05018,0.12314
1403715588111954944,-0.00198,0.02077,0.07614,0.07894,-0.06179,0.09212,0.04992,0.12164
1403715588161954304,-0.00197,0.02077,0.07613,0.07894,-0.05909,0.09084,0.04952,0.11915
1403715588211954944,-0.00196,0.02078,0.07614,0.07895,-0.05630,0.09003,0.04899,0.11694
1403715588261956096,-0.00194,0.02079,0.07614,0.07896,-0.05291,0.08895,0.04836,0.11424
1403715588311958528,-0.00193,0.02080,0.07615,0.07896,-0.04908,0.08752,0.04740,0.11098
1403715588361960192,-0.00192,0.02081,0.07615,0.07897,-0.04585,0.08645,0.04640,0.10830
1403715588411962624,-0.00191,0.02082,0.07616,0.07898,-0.04271,0.08539,0.04537,0.10571
1403715588461964544,-0.00191,0.02083,0.07617,0.07899,-0.04016,0.08472,0.04453,0.10379
1403715588511966208,-0.00192,0.02084,0.07617,0.07899,-0.03804,0.08477,0.04218,0.10204
1403715588561971968,-0.00192,0.02086,0.07618,0.07900,-0.03303,0.08583,0.04092,0.10065
1403715588611973632,-0.00192,0.02087,0.07618,0.07901,-0.03126,0.08581,0.04028,0.09982
1403715588661975296,-0.00192,0.02088,0.07619,0.07902,-0.02888,0.08641,0.04035,0.09964
1403715588711977216,-0.00193,0.02090,0.07619,0.07903,-0.02621,0.08842,0.03959,0.10036
1403715588761977856,-0.00193,0.02093,0.07618,0.07903,-0.02358,0.09091,0.03909,0.10173
1403715588811977984,-0.00193,0.02094,0.07618,0.07903,-0.02255,0.09216,0.03936,0.10272
1403715588861978368,-0.00194,0.02094,0.07618,0.07903,-0.02227,0.09241,0.03924,0.10284
1403715588911977216,-0.00194,0.02095,0.07617,0.07903,-0.02017,0.09391,0.03855,0.10349
1403715588961976320,-0.00194,0.02095,0.07617,0.07903,-0.01791,0.09346,0.03629,0.10185
1403715589011973632,-0.00194,0.02096,0.07618,0.07903,-0.01561,0.09420,0.03622,0.10212
1403715589061968384,-0.00194,0.02096,0.07618,0.07903,-0.01134,0.09440,0.03540,0.10146
1403715589111965184,-0.00194,0.02096,0.07618,0.07904,-0.00864,0.09437,0.03547,0.10119
1403715589161964544,-0.00195,0.02097,0.07618,0.07904,-0.00796,0.09486,0.03482,0.10136
1403715589211964416,-0.00196,0.02099,0.07617,0.07904,-0.00633,0.09785,0.03627,0.10455
1403715589261963776,-0.00196,0.02100,0.07617,0.07904,-0.00585,0.09892,0.03611,0.10547
1403715589311963136,-0.00196,0.02101,0.07618,0.07905,-0.00467,0.09886,0.03792,0.10598
1403715589361963520,-0.00197,0.02101,0.07618,0.07904,-0.00521,0.10005,0.03663,0.10667
1403715589411963392,-0.00198,0.02101,0.07618,0.07905,-0.00509,0.10051,0.03646,0.10704
1403715589461964288,-0.00199,0.02101,0.07615,0.07902,-0.00569,0.10661,0.03113,0.11120
1403715589511964416,-0.00200,0.02101,0.07614,0.07901,-0.00569,0.10778,0.02869,0.11168
1403715589561964544,-0.00200,0.02100,0.07613,0.07900,-0.00653,0.10938,0.02649,0.11273
1403715589611964416,-0.00201,0.02099,0.07612,0.07899,-0.00630,0.11210,0.02315,0.11464
1403715589661965312,-0.00201,0.02098,0.07611,0.07898,-0.00643,0.11314,0.02048,0.11516
1403715589711966720,-0.00202,0.02097,0.07610,0.07897,-0.00657,0.11435,0.01835,0.11600
1403715589761969920,-0.00202,0.02096,0.07610,0.07896,-0.00754,0.11471,0.01750,0.11628
1403715589811973632,-0.00202,0.02095,0.07610,0.07895,-0.00867,0.11530,0.01672,0.11683
1403715589861970176,-0.00201,0.02096,0.07609,0.07895,-0.00703,0.11553,0.01687,0.11697
1403715589911970560,-0.00202,0.02095,0.07609,0.07895,-0.00816,0.11565,0.01623,0.11707
1403715589961968128,-0.00202,0.02094,0.07609,0.07895,-0.00935,0.11534,0.01499,0.11668
1403715590011965184,-0.00203,0.02094,0.07609,0.07895,-0.01039,0.11567,0.01388,0.11696
1403715590061964544,-0.00204,0.02093,0.07610,0.07895,-0.01097,0.11599,0.01348,0.11729
1403715590111961344,-0.00205,0.02093,0.07610,0.07895,-0.01199,0.11591,0.01310,0.11726
1403715590161962240,-0.00205,0.02093,0.07610,0.07896,-0.01222,0.11451,0.01456,0.11608
1403715590211958016,-0.00206,0.02094,0.07611,0.07896,-0.01409,0.11433,0.01552,0.11624
1403715590261954048,-0.00206,0.02094,0.07611,0.07896,-0.01620,0.11439,0.01732,0.11682
1403715590311951872,-0.00207,0.02095,0.07611,0.07897,-0.01844,0.11468,0.01880,0.11766
1403715590361949696,-0.00208,0.02095,0.07612,0.07898,-0.02048,0.11433,0.02064,0.11797
1403715590411948800,-0.00209,0.02095,0.07612,0.07898,-0.02220,0.11546,0.02212,0.11964
1403715590461949952,-0.00210,0.02096,0.07612,0.07898,-0.02615,0.11431,0.02445,0.11978
1403715590511950336,-0.00210,0.02096,0.07612,0.07899,-0.02922,0.11388,0.02701,0.12063
1403715590561951488,-0.00210,0.02097,0.07613,0.07899,-0.03183,0.11344,0.02887,0.12131
1403715590611951872,-0.00211,0.02097,0.07614,0.07900,-0.03427,0.11206,0.03142,0.12133
1403715590661952512,-0.00211,0.02097,0.07614,0.07901,-0.03564,0.11182,0.03342,0.12203
1403715590711953152,-0.00211,0.02098,0.07615,0.07901,-0.03620,0.11194,0.03457,0.12262
1403715590761954560,-0.00210,0.02098,0.07616,0.07902,-0.03717,0.11225,0.03606,0.12362
1403715590811955200,-0.00210,0.02098,0.07616,0.07903,-0.03833,0.11158,0.03781,0.12390
1403715590861955328,-0.00210,0.02097,0.07617,0.07903,-0.03954,0.11093,0.03948,0.12421
1403715590911955456,-0.00210,0.02097,0.07615,0.07902,-0.03934,0.10936,0.04095,0.12322
1403715590961956096,-0.00210,0.02096,0.07616,0.07902,-0.04062,0.10875,0.04300,0.12380
1403715591011956224,-0.00210,0.02096,0.07616,0.07902,-0.04092,0.10816,0.04474,0.12399
1403715591061956608,-0.00210,0.02095,0.07616,0.07901,-0.04047,0.10757,0.04642,0.12395
1403715591111956480,-0.00209,0.02094,0.07616,0.07901,-0.04065,0.10670,0.04910,0.12429
1403715591161956864,-0.00210,0.02093,0.07616,0.07901,-0.03911,0.10645,0.05040,0.12410
1403715591211957504,-0.00210,0.02092,0.07615,0.07900,-0.03669,0.10633,0.05102,0.12351
1403715591261956864,-0.00210,0.02092,0.07615,0.07900,-0.03551,0.10641,0.05187,0.12359
1403715591311957248,-0.00210,0.02091,0.07615,0.07900,-0.03451,0.10700,0.05084,0.12338
1403715591361957120,-0.00210,0.02091,0.07615,0.07900,-0.03445,0.10714,0.05057,0.12338
1403715591411956736,-0.00210,0.02091,0.07615,0.07899,-0.03505,0.10717,0.05114,0.12381
1403715591461956864,-0.00211,0.02091,0.07615,0.07899,-0.03546,0.10712,0.05129,0.12395
1403715591511956480,-0.00211,0.02091,0.07614,0.07899,-0.03671,0.10727,0.05239,0.12490
1403715591561956352,-0.00211,0.02091,0.07615,0.07899,-0.03848,0.10745,0.05276,0.12573
1403715591611956736,-0.00210,0.02090,0.07615,0.07900,-0.04136,0.10823,0.05293,0.12738
1403715591661957888,-0.00210,0.02089,0.07615,0.07899,-0.04464,0.10857,0.05394,0.12919
1403715591711958784,-0.00209,0.02089,0.07615,0.07899,-0.04817,0.10876,0.05496,0.13103
1403715591761959680,-0.00209,0.02088,0.07615,0.07899,-0.05184,0.11007,0.05531,0.13365
1403715591811959296,-0.00207,0.02086,0.07615,0.07899,-0.05617,0.11163,0.05561,0.13678
1403715591861958656,-0.00207,0.02086,0.07614,0.07898,-0.05876,0.11220,0.05705,0.13891
1403715591911958016,-0.00207,0.02086,0.07613,0.07897,-0.06126,0.11326,0.05875,0.14153
1403715591961957632,-0.00206,0.02085,0.07613,0.07896,-0.06286,0.11368,0.05942,0.14285
1403715592011957248,-0.00206,0.02084,0.07612,0.07895,-0.06537,0.11564,0.06104,0.14619
1403715592061956864,-0.00206,0.02084,0.07611,0.07894,-0.06586,0.11611,0.06262,0.14745
1403715592111955968,-0.00207,0.02084,0.07609,0.07892,-0.06671,0.11710,0.06482,0.14955
1403715592161954304,-0.00208,0.02084,0.07608,0.07891,-0.06564,0.11726,0.06691,0.15012
1403715592211952896,-0.00210,0.02085,0.07606,0.07890,-0.06330,0.11659,0.06939,0.14972
1403715592261950720,-0.00211,0.02086,0.07606,0.07889,-0.05985,0.11537,0.07153,0.14835
1403715592311950592,-0.00213,0.02086,0.07605,0.07889,-0.05774,0.11566,0.07256,0.14825
1403715592361950464,-0.00214,0.02086,0.07603,0.07887,-0.05446,0.11630,0.07456,0.14849
1403715592411949824,-0.00215,0.02086,0.07602,0.07886,-0.05105,0.11725,0.07553,0.14852
1403715592461949952,-0.00216,0.02085,0.07601,0.07885,-0.04877,0.11933,0.07620,0.14975
1403715592511949568,-0.00217,0.02085,0.07600,0.07884,-0.04700,0.12083,0.07659,0.15058
1403715592561949440,-0.00217,0.02084,0.07600,0.07884,-0.04545,0.12267,0.07633,0.15146
1403715592611949568,-0.00217,0.02083,0.07600,0.07884,-0.04406,0.12362,0.07597,0.15164
1403715592661949952,-0.00217,0.02083,0.07601,0.07884,-0.04251,0.12405,0.07550,0.15131
1403715592711949568,-0.00217,0.02082,0.07601,0.07884,-0.04100,0.12597,0.07392,0.15170
1403715592761949952,-0.00217,0.02082,0.07601,0.07884,-0.03942,0.12772,0.07276,0.15219
1403715592811950336,-0.00217,0.02081,0.07601,0.07884,-0.03799,0.12936,0.07251,0.15309
1403715592861950976,-0.00218,0.02081,0.07601,0.07883,-0.03627,0.13191,0.07167,0.15444
1403715592911949824,-0.00218,0.02080,0.07600,0.07883,-0.03491,0.13339,0.07197,0.15554
1403715592961949952,-0.00218,0.02080,0.07600,0.07882,-0.03280,0.13555,0.07185,0.15688
1403715593011949824,-0.00219,0.02080,0.07599,0.07881,-0.03180,0.13796,0.07294,0.15927
1403715593061949184,-0.00220,0.02079,0.07598,0.07880,-0.03054,0.13957,0.07473,0.16124
1403715593111948800,-0.00221,0.02079,0.07598,0.07880,-0.03020,0.14003,0.07585,0.16209
1403715593161947136,-0.00221,0.02079,0.07597,0.07879,-0.02936,0.14182,0.07680,0.16393
1403715593211945216,-0.00222,0.02079,0.07596,0.07879,-0.02844,0.14344,0.07749,0.16550
1403715593261945600,-0.00221,0.02079,0.07596,0.07879,-0.02874,0.14419,0.07677,0.16586
1403715593311945472,-0.00221,0.02079,0.07597,0.07879,-0.02883,0.14448,0.07653,0.16602
1403715593361944832,-0.00221,0.02079,0.07597,0.07879,-0.02844,0.14558,0.07583,0.16659
1403715593411944704,-0.00221,0.02078,0.07596,0.07879,-0.02816,0.14671,0.07559,0.16742
1403715593461944576,-0.00221,0.02078,0.07596,0.07879,-0.02869,0.14649,0.07570,0.16737
1403715593511945728,-0.00221,0.02079,0.07597,0.07879,-0.02848,0.14531,0.07526,0.16610
1403715593561945856,-0.00221,0.02079,0.07597,0.07879,-0.02922,0.14553,0.07516,0.16638
1403715593611945984,-0.00221,0.02078,0.07597,0.07879,-0.02993,0.14661,0.07504,0.16740
1403715593661946368,-0.00221,0.02078,0.07597,0.07879,-0.03084,0.14748,0.07498,0.16830
1403715593711946240,-0.00221,0.02077,0.07597,0.07879,-0.03135,0.14789,0.07464,0.16859
1403715593761946112,-0.00222,0.02078,0.07597,0.07879,-0.03141,0.14729,0.07464,0.16808
1403715593811945984,-0.00222,0.02078,0.07598,0.07880,-0.03115,0.14722,0.07387,0.16763
1403715593861946368,-0.00222,0.02077,0.07598,0.07880,-0.03051,0.14781,0.07306,0.16768
1403715593911945728,-0.00222,0.02078,0.07599,0.07881,-0.02925,0.14626,0.07178,0.16553
1403715593961944320,-0.00222,0.02077,0.07599,0.07881,-0.03017,0.14373,0.07104,0.16314
1403715594011943936,-0.00221,0.02077,0.07600,0.07881,-0.03102,0.14282,0.07011,0.16210
1403715594061943808,-0.00221,0.02077,0.07599,0.07881,-0.03195,0.14199,0.06952,0.16129
1403715594111942656,-0.00221,0.02077,0.07599,0.07881,-0.03438,0.14126,0.06974,0.16125
1403715594161942016,-0.00221,0.02077,0.07600,0.07881,-0.03648,0.14034,0.06992,0.16098
1403715594211942144,-0.00220,0.02077,0.07600,0.07882,-0.03883,0.13966,0.07049,0.16119
1403715594261942784,-0.00220,0.02077,0.07600,0.07882,-0.04107,0.13889,0.07049,0.16108
1403715594311943680,-0.00220,0.02077,0.07600,0.07882,-0.04250,0.13867,0.06994,0.16102
1403715594361945088,-0.00219,0.02076,0.07600,0.07882,-0.04417,0.13799,0.06910,0.16052
1403715594411945472,-0.00219,0.02076,0.07600,0.07882,-0.04510,0.13753,0.06792,0.15988
1403715594461945344,-0.00218,0.02075,0.07600,0.07881,-0.04613,0.13626,0.06624,0.15837
1403715594511944960,-0.00218,0.02075,0.07600,0.07881,-0.04583,0.13574,0.06656,0.15798
1403715594561945088,-0.00218,0.02075,0.07599,0.07881,-0.04545,0.13506,0.06626,0.15716
1403715594611944960,-0.00217,0.02075,0.07599,0.07880,-0.04484,0.13463,0.06539,0.15625
1403715594661944832,-0.00217,0.02074,0.07599,0.07880,-0.04445,0.13443,0.06539,0.15596
1403715594711944704,-0.00215,0.02074,0.07598,0.07879,-0.04387,0.13364,0.06436,0.15468
1403715594761945344,-0.00215,0.02074,0.07598,0.07879,-0.04305,0.13358,0.06511,0.15471
1403715594811945984,-0.00215,0.02074,0.07598,0.07879,-0.04159,0.13386,0.06662,0.15520
1403715594861945088,-0.00214,0.02074,0.07597,0.07878,-0.04031,0.13367,0.06690,0.15482
1403715594911944704,-0.00214,0.02074,0.07597,0.07878,-0.03948,0.13364,0.06770,0.15493
1403715594961943808,-0.00214,0.02074,0.07596,0.07877,-0.03982,0.13379,0.06838,0.15544
1403715595011944192,-0.00214,0.02074,0.07596,0.07877,-0.04008,0.13359,0.06956,0.15585
1403715595061945088,-0.00213,0.02074,0.07595,0.07876,-0.04015,0.13376,0.07121,0.15676
1403715595111945472,-0.00213,0.02074,0.07595,0.07876,-0.04022,0.13447,0.07363,0.15850
1403715595161945088,-0.00213,0.02074,0.07595,0.07876,-0.04022,0.13496,0.07450,0.15932
1403715595211944960,-0.00212,0.02074,0.07594,0.07875,-0.03968,0.13612,0.07512,0.16046
1403715595261944832,-0.00212,0.02074,0.07594,0.07875,-0.03915,0.13796,0.07541,0.16202
1403715595311944192,-0.00212,0.02074,0.07593,0.07874,-0.03822,0.14026,0.07554,0.16383
1403715595361944576,-0.00211,0.02074,0.07593,0.07873,-0.03758,0.14252,0.07555,0.16563
1403715595411944448,-0.00211,0.02074,0.07592,0.07873,-0.03797,0.14417,0.07606,0.16737
1403715595461944320,-0.00210,0.02074,0.07592,0.07873,-0.03810,0.14516,0.07642,0.16841
1403715595511944192,-0.00210,0.02074,0.07592,0.07873,-0.03798,0.14606,0.07569,0.16883
1403715595561945088,-0.00210,0.02074,0.07591,0.07872,-0.03747,0.14638,0.07530,0.16883
1403715595611944192,-0.00209,0.02074,0.07591,0.07872,-0.03716,0.14808,0.07454,0.16990
1403715595661943808,-0.00209,0.02074,0.07591,0.07872,-0.03688,0.14955,0.07371,0.17076
1403715595711942400,-0.00208,0.02074,0.07590,0.07871,-0.03617,0.15095,0.07359,0.17179
1403715595761942272,-0.00208,0.02074,0.07589,0.07871,-0.03702,0.15300,0.07298,0.17351
1403715595811940864,-0.00208,0.02074,0.07588,0.07870,-0.03783,0.15504,0.07240,0.17525
1403715595861940736,-0.00208,0.02074,0.07588,0.07869,-0.03685,0.15623,0.07168,0.17580
1403715595911940864,-0.00207,0.02074,0.07588,0.07869,-0.03761,0.15825,0.07107,0.17750
1403715595961942016,-0.00207,0.02074,0.07588,0.07869,-0.03871,0.16032,0.07114,0.17961
1403715596011942912,-0.00208,0.02073,0.07588,0.07869,-0.03926,0.16261,0.07123,0.18181
1403715596061946112,-0.00207,0.02073,0.07587,0.07868,-0.04058,0.16326,0.07200,0.18299
1403715596111946240,-0.00207,0.02073,0.07587,0.07868,-0.04152,0.16422,0.07221,0.18414
1403715596161945600,-0.00207,0.02074,0.07587,0.07868,-0.04275,0.16473,0.07241,0.18495
1403715596211945728,-0.00207,0.02073,0.07586,0.07867,-0.04508,0.16529,0.07215,0.18589
1403715596261942784,-0.00207,0.02073,0.07586,0.07867,-0.04591,0.16578,0.07213,0.18653
1403715596311941376,-0.00207,0.02074,0.07587,0.07868,-0.04720,0.16582,0.07273,0.18712
1403715596361943040,-0.00207,0.02074,0.07587,0.07868,-0.04698,0.16545,0.07531,0.18776
1403715596411941888,-0.00206,0.02074,0.07587,0.07868,-0.04785,0.16437,0.07631,0.18743
1403715596461941248,-0.00206,0.02075,0.07587,0.07868,-0.04863,0.16285,0.07788,0.18695
1403715596511942656,-0.00206,0.02075,0.07587,0.07868,-0.04938,0.16174,0.07869,0.18652
1403715596561943808,-0.00206,0.02075,0.07586,0.07868,-0.04976,0.16076,0.07959,0.18616
1403715596611942400,-0.00206,0.02075,0.07586,0.07868,-0.04940,0.16100,0.07940,0.18618
1403715596661942272,-0.00206,0.02075,0.07586,0.07868,-0.04973,0.16013,0.08020,0.18587
1403715596711941888,-0.00205,0.02075,0.07586,0.07867,-0.04942,0.16042,0.08011,0.18600
1403715596761941248,-0.00205,0.02075,0.07586,0.07867,-0.04873,0.16063,0.08049,0.18616
1403715596811940352,-0.00205,0.02076,0.07586,0.07867,-0.04835,0.16019,0.08225,0.18645
1403715596861939712,-0.00204,0.02076,0.07585,0.07867,-0.04700,0.16031,0.08264,0.18638
1403715596911935744,-0.00203,0.02076,0.07585,0.07866,-0.04417,0.16147,0.08388,0.18724
1403715596961932544,-0.00202,0.02076,0.07585,0.07866,-0.04146,0.16290,0.08575,0.18870
1403715597011931392,-0.00201,0.02076,0.07584,0.07866,-0.03986,0.16365,0.08680,0.18949
1403715597061930240,-0.00201,0.02075,0.07584,0.07865,-0.03846,0.16550,0.08712,0.19094
1403715597111928832,-0.00200,0.02075,0.07584,0.07865,-0.03748,0.16671,0.08694,0.19172
1403715597161927936,-0.00202,0.02076,0.07584,0.07865,-0.03646,0.16597,0.08360,0.18938
1403715597211926272,-0.00202,0.02076,0.07584,0.07865,-0.03604,0.16736,0.08336,0.19041
1403715597261924608,-0.00203,0.02076,0.07584,0.07865,-0.03471,0.16781,0.08083,0.18947
1403715597311923968,-0.00204,0.02077,0.07584,0.07865,-0.03274,0.16646,0.07735,0.18645
1403715597361925376,-0.00205,0.02077,0.07583,0.07865,-0.02896,0.16584,0.07526,0.18441
1403715597411925248,-0.00205,0.02077,0.07583,0.07865,-0.02748,0.16514,0.07268,0.18251
1403715597461924608,-0.00206,0.02077,0.07583,0.07865,-0.02587,0.16240,0.06999,0.17873
1403715597511924736,-0.00207,0.02077,0.07583,0.07865,-0.02505,0.16236,0.06845,0.17797
1403715597561923840,-0.00207,0.02078,0.07583,0.07865,-0.02448,0.16146,0.06641,0.17629
1403715597611921408,-0.00207,0.02078,0.07584,0.07866,-0.02404,0.16022,0.06425,0.17429
1403715597661920000,-0.00207,0.02078,0.07584,0.07866,-0.02373,0.15892,0.06253,0.17242
1403715597711917568,-0.00207,0.02079,0.07584,0.07866,-0.02401,0.15736,0.06101,0.17047
1403715597761917440,-0.00207,0.02079,0.07584,0.07867,-0.02327,0.15446,0.05873,0.16688
1403715597811917056,-0.00208,0.02080,0.07585,0.07868,-0.02338,0.15237,0.05678,0.16427
1403715597861917440,-0.00208,0.02081,0.07585,0.07868,-0.02427,0.15164,0.05554,0.16331
1403715597911917568,-0.00207,0.02081,0.07585,0.07868,-0.02610,0.15186,0.05492,0.16359
1403715597961918720,-0.00207,0.02081,0.07585,0.07868,-0.02722,0.15199,0.05472,0.16381
1403715598011919616,-0.00207,0.02081,0.07586,0.07869,-0.02772,0.15172,0.05477,0.16367
1403715598061920512,-0.00208,0.02081,0.07586,0.07869,-0.02792,0.15070,0.05457,0.16269
1403715598111920384,-0.00208,0.02081,0.07586,0.07869,-0.02920,0.15155,0.05486,0.16379
1403715598161920768,-0.00207,0.02081,0.07586,0.07869,-0.02998,0.15283,0.05457,0.16503
1403715598211920384,-0.00207,0.02080,0.07586,0.07869,-0.02923,0.15263,0.05409,0.16455
1403715598261920000,-0.00207,0.02080,0.07586,0.07869,-0.02842,0.15258,0.05380,0.16426
1403715598311920128,-0.00207,0.02080,0.07586,0.07869,-0.02801,0.15258,0.05367,0.16415
1403715598361920000,-0.00207,0.02080,0.07586,0.07868,-0.02753,0.15241,0.05385,0.16397
1403715598411918592,-0.00206,0.02079,0.07586,0.07868,-0.02384,0.15203,0.05502,0.16343
1403715598461918720,-0.00206,0.02079,0.07586,0.07868,-0.02404,0.15165,0.05556,0.16328
1403715598511918592,-0.00206,0.02079,0.07585,0.07868,-0.02350,0.15157,0.05652,0.16346
1403715598561917696,-0.00206,0.02078,0.07586,0.07868,-0.02209,0.15144,0.05734,0.16343
1403715598611917568,-0.00207,0.02078,0.07586,0.07868,-0.02278,0.15174,0.05754,0.16388
1403715598661917952,-0.00207,0.02078,0.07586,0.07868,-0.02199,0.15262,0.05763,0.16461
1403715598711918080,-0.00207,0.02078,0.07587,0.07869,-0.02242,0.15454,0.05644,0.16605
1403715598761917952,-0.00207,0.02078,0.07587,0.07869,-0.02245,0.15598,0.05532,0.16702
1403715598811916032,-0.00207,0.02078,0.07587,0.07869,-0.02308,0.15701,0.05444,0.16777
1403715598861916416,-0.00207,0.02079,0.07587,0.07870,-0.02405,0.15865,0.05328,0.16907
1403715598911915776,-0.00207,0.02079,0.07587,0.07870,-0.02458,0.15969,0.05239,0.16985
1403715598961916416,-0.00208,0.02079,0.07588,0.07870,-0.02470,0.16074,0.05162,0.17062
1403715599011916800,-0.00208,0.02079,0.07588,0.07871,-0.02482,0.16112,0.05060,0.17070
1403715599061917184,-0.00208,0.02079,0.07589,0.07871,-0.02515,0.16185,0.05099,0.17154
1403715599111917824,-0.00208,0.02079,0.07589,0.07872,-0.02544,0.16224,0.05108,0.17198
1403715599161917696,-0.00209,0.02079,0.07589,0.07872,-0.02544,0.16222,0.05120,0.17200
1403715599211917312,-0.00208,0.02079,0.07589,0.07872,-0.02509,0.16212,0.05168,0.17200
1403715599261916672,-0.00208,0.02079,0.07590,0.07872,-0.02454,0.16196,0.05233,0.17196
1403715599311916032,-0.00208,0.02079,0.07589,0.07872,-0.02351,0.16114,0.05264,0.17114
1403715599361915648,-0.00208,0.02079,0.07590,0.07872,-0.02259,0.15979,0.05254,0.16972
1403715599411915520,-0.00207,0.02079,0.07589,0.07871,-0.02233,0.15780,0.05275,0.16787
1403715599461915392,-0.00207,0.02079,0.07588,0.07870,-0.02182,0.15515,0.05234,0.16519
1403715599511916288,-0.00206,0.02078,0.07588,0.07870,-0.02197,0.15366,0.05221,0.16376
1403715599561916928,-0.00205,0.02078,0.07587,0.07869,-0.02247,0.15234,0.05249,0.16269
1403715599611917824,-0.00205,0.02079,0.07586,0.07869,-0.02338,0.14966,0.05106,0.15985
1403715599661918208,-0.00205,0.02080,0.07586,0.07868,-0.02429,0.14850,0.05030,0.15866
1403715599711918848,-0.00204,0.02080,0.07586,0.07869,-0.02548,0.14855,0.05034,0.15890
1403715599761919488,-0.00204,0.02080,0.07586,0.07869,-0.02700,0.14840,0.05013,0.15894
1403715599811920128,-0.00204,0.02081,0.07586,0.07868,-0.02880,0.14772,0.04895,0.15826
1403715599861918976,-0.00203,0.02082,0.07585,0.07868,-0.03084,0.14724,0.04835,0.15802
1403715599911917568,-0.00202,0.02082,0.07585,0.07868,-0.03272,0.14709,0.04759,0.15802
1403715599961916672,-0.00202,0.02083,0.07585,0.07868,-0.03457,0.14682,0.04670,0.15790
1403715600011916032,-0.00201,0.02084,0.07584,0.07868,-0.03590,0.14692,0.04562,0.15797
1403715600061915648,-0.00201,0.02086,0.07584,0.07868,-0.03634,0.14703,0.04449,0.15785
1403715600111915264,-0.00201,0.02086,0.07584,0.07868,-0.03657,0.14763,0.04346,0.15818
1403715600161915648,-0.00201,0.02087,0.07584,0.07869,-0.03713,0.14850,0.04247,0.15885
1403715600211915776,-0.00200,0.02088,0.07584,0.07869,-0.03690,0.14941,0.04170,0.15944
1403715600261916160,-0.00200,0.02088,0.07584,0.07869,-0.03741,0.15014,0.04085,0.16003
1403715600311916544,-0.00200,0.02089,0.07583,0.07868,-0.03861,0.15060,0.04002,0.16054
1403715600361916928,-0.00199,0.02090,0.07583,0.07868,-0.03992,0.15100,0.03887,0.16095
1403715600411917312,-0.00198,0.02090,0.07583,0.07868,-0.04158,0.15165,0.03778,0.16172
1403715600461916928,-0.00197,0.02091,0.07583,0.07868,-0.04336,0.15284,0.03707,0.16314
1403715600511917824,-0.00197,0.02091,0.07583,0.07868,-0.04438,0.15444,0.03582,0.16464
1403715600561918720,-0.00196,0.02091,0.07583,0.07868,-0.04520,0.15594,0.03530,0.16615
1403715600611918336,-0.00196,0.02091,0.07583,0.07868,-0.04495,0.15752,0.03458,0.16741
1403715600661919232,-0.00195,0.02091,0.07583,0.07868,-0.04518,0.16074,0.03449,0.17049
1403715600711917824,-0.00195,0.02092,0.07583,0.07869,-0.04477,0.16186,0.03360,0.17126
1403715600761916672,-0.00196,0.02091,0.07583,0.07868,-0.04420,0.16246,0.03356,0.17168
1403715600811916032,-0.00196,0.02091,0.07582,0.07868,-0.04270,0.16279,0.03343,0.17158
1403715600861916160,-0.00196,0.02091,0.07582,0.07867,-0.04141,0.16262,0.03354,0.17113
1403715600911914752,-0.00196,0.02091,0.07581,0.07867,-0.04066,0.16304,0.03328,0.17129
1403715600961914880,-0.00197,0.02091,0.07581,0.07867,-0.03930,0.16267,0.03297,0.17056
1403715601011915520,-0.00197,0.02091,0.07581,0.07867,-0.03759,0.16200,0.03266,0.16948
1403715601061915392,-0.00198,0.02091,0.07582,0.07867,-0.03776,0.16150,0.03341,0.16919
1403715601111914752,-0.00199,0.02092,0.07582,0.07868,-0.03593,0.16076,0.03270,0.16794
1403715601161914880,-0.00198,0.02093,0.07583,0.07869,-0.03558,0.15861,0.03195,0.16566
1403715601211914752,-0.00199,0.02094,0.07583,0.07869,-0.03497,0.15834,0.03183,0.16525
1403715601261914624,-0.00199,0.02094,0.07583,0.07870,-0.03447,0.15783,0.03127,0.16455
1403715601311914752,-0.00199,0.02094,0.07583,0.07869,-0.03360,0.15756,0.03094,0.16404
1403715601361914368,-0.00199,0.02094,0.07583,0.07870,-0.03313,0.15703,0.03088,0.16343
1403715601411913984,-0.00199,0.02095,0.07583,0.07870,-0.03248,0.15644,0.03132,0.16281
1403715601461913856,-0.00199,0.02096,0.07583,0.07870,-0.03226,0.15525,0.03116,0.16160
1403715601511912960,-0.00199,0.02096,0.07583,0.07870,-0.03188,0.15419,0.03126,0.16052
1403715601561913344,-0.00199,0.02096,0.07583,0.07870,-0.03124,0.15373,0.03101,0.15991
1403715601611912704,-0.00200,0.02097,0.07583,0.07870,-0.03006,0.15332,0.03088,0.15926
1403715601661912832,-0.00200,0.02097,0.07583,0.07870,-0.02916,0.15333,0.03084,0.15909
1403715601711912704,-0.00200,0.02098,0.07582,0.07870,-0.02799,0.15321,0.03031,0.15867
1403715601761912320,-0.00200,0.02098,0.07582,0.07870,-0.02766,0.15295,0.02992,0.15828
1403715601811912192,-0.00201,0.02098,0.07583,0.07870,-0.02773,0.15280,0.02994,0.15815
1403715601861912320,-0.00201,0.02098,0.07582,0.07870,-0.02762,0.15257,0.02967,0.15786
1403715601911911936,-0.00201,0.02098,0.07583,0.07870,-0.02773,0.15264,0.02994,0.15800
1403715601961911552,-0.00201,0.02099,0.07582,0.07870,-0.02797,0.15295,0.03112,0.15857
1403715602011910912,-0.00202,0.02099,0.07583,0.07870,-0.02635,0.15317,0.03187,0.15866
1403715602061910784,-0.00202,0.02099,0.07583,0.07871,-0.02616,0.15308,0.03241,0.15865
1403715602111910912,-0.00203,0.02100,0.07583,0.07871,-0.02617,0.15242,0.03404,0.15836
1403715602161911552,-0.00203,0.02100,0.07584,0.07872,-0.02517,0.15227,0.03479,0.15821
1403715602211912448,-0.00203,0.02101,0.07584,0.07872,-0.02382,0.15274,0.03592,0.15871
1403715602261913088,-0.00203,0.02101,0.07586,0.07874,-0.02246,0.15216,0.03599,0.15796
1403715602311915520,-0.00203,0.02101,0.07586,0.07875,-0.02098,0.15273,0.03725,0.15860
1403715602361917952,-0.00203,0.02102,0.07587,0.07876,-0.01961,0.15290,0.03848,0.15888
1403715602411919360,-0.00202,0.02102,0.07587,0.07876,-0.01778,0.15325,0.03986,0.15934
1403715602461921536,-0.00202,0.02102,0.07588,0.07876,-0.01475,0.15395,0.04267,0.16043
1403715602511920896,-0.00201,0.02102,0.07588,0.07877,-0.01226,0.15417,0.04409,0.16082
1403715602561919488,-0.00200,0.02102,0.07590,0.07878,-0.00866,0.15458,0.04583,0.16146
1403715602611917056,-0.00199,0.02101,0.07591,0.07879,-0.00561,0.15526,0.04744,0.16244
1403715602661915392,-0.00198,0.02101,0.07592,0.07879,-0.00327,0.15556,0.04822,0.16290
1403715602711911424,-0.00197,0.02100,0.07593,0.07881,0.00046,0.15628,0.05046,0.16422
1403715602761911040,-0.00196,0.02100,0.07594,0.07882,0.00177,0.15699,0.05117,0.16513
1403715602811911680,-0.00195,0.02100,0.07595,0.07883,0.00227,0.15791,0.05191,0.16624
1403715602861911808,-0.00195,0.02100,0.07597,0.07884,0.00199,0.15932,0.05262,0.16779
1403715602911911680,-0.00194,0.02099,0.07598,0.07885,0.00204,0.16048,0.05354,0.16919
1403715602961911552,-0.00192,0.02099,0.07599,0.07886,0.00221,0.16216,0.05459,0.17112
1403715603011912192,-0.00192,0.02099,0.07600,0.07887,0.00130,0.16419,0.05594,0.17346
1403715603061912576,-0.00191,0.02100,0.07601,0.07888,0.00013,0.16622,0.05701,0.17573
1403715603111912704,-0.00190,0.02100,0.07602,0.07889,-0.00132,0.16853,0.05816,0.17828
1403715603161911808,-0.00190,0.02100,0.07602,0.07889,-0.00294,0.17013,0.05928,0.18019
1403715603211911936,-0.00190,0.02101,0.07602,0.07889,-0.00461,0.17165,0.05894,0.18154
1403715603261911552,-0.00190,0.02102,0.07602,0.07889,-0.00644,0.17309,0.05973,0.18322
1403715603311911168,-0.00190,0.02103,0.07602,0.07890,-0.00951,0.17491,0.06088,0.18544
1403715603361910784,-0.00191,0.02103,0.07602,0.07889,-0.01136,0.17537,0.06175,0.18627
1403715603411912192,-0.00192,0.02104,0.07601,0.07889,-0.01456,0.17685,0.06197,0.18796
1403715603461913600,-0.00192,0.02104,0.07600,0.07889,-0.01698,0.17688,0.06277,0.18845
1403715603511914240,-0.00193,0.02104,0.07600,0.07888,-0.01957,0.17696,0.06318,0.18892
1403715603561915136,-0.00195,0.02104,0.07599,0.07887,-0.02202,0.17681,0.06320,0.18905
1403715603611915264,-0.00195,0.02104,0.07598,0.07886,-0.02415,0.17607,0.06280,0.18849
1403715603661915392,-0.00196,0.02103,0.07597,0.07885,-0.02623,0.17399,0.06203,0.18657
1403715603711916544,-0.00197,0.02102,0.07595,0.07884,-0.02817,0.17278,0.05978,0.18498
1403715603761917440,-0.00198,0.02102,0.07594,0.07882,-0.02946,0.17132,0.05790,0.18322
1403715603811918336,-0.00200,0.02102,0.07592,0.07880,-0.03098,0.17039,0.05555,0.18187
1403715603861918720,-0.00201,0.02101,0.07590,0.07878,-0.03201,0.16911,0.05359,0.18026
1403715603911918080,-0.00202,0.02102,0.07588,0.07877,-0.03387,0.16899,0.05176,0.17995
1403715603961917952,-0.00202,0.02103,0.07586,0.07875,-0.03641,0.16947,0.04988,0.18038
1403715604011918592,-0.00203,0.02103,0.07585,0.07874,-0.03808,0.16843,0.04954,0.17965
1403715604061920000,-0.00203,0.02103,0.07584,0.07873,-0.04003,0.16819,0.04936,0.17980
1403715604111921152,-0.00203,0.02103,0.07583,0.07872,-0.04199,0.16770,0.04945,0.17981
1403715604161922560,-0.00204,0.02104,0.07582,0.07872,-0.04448,0.16760,0.04979,0.18041
1403715604211923968,-0.00203,0.02105,0.07582,0.07871,-0.04832,0.16809,0.05101,0.18218
1403715604261925376,-0.00204,0.02105,0.07581,0.07871,-0.05048,0.16810,0.05198,0.18305
1403715604311924992,-0.00204,0.02107,0.07580,0.07870,-0.05394,0.16864,0.05310,0.18484
1403715604361924096,-0.00204,0.02107,0.07580,0.07871,-0.05554,0.16838,0.05509,0.18566
1403715604411923712,-0.00204,0.02107,0.07581,0.07871,-0.05631,0.16853,0.05594,0.18629
1403715604461923328,-0.00204,0.02106,0.07581,0.07871,-0.05721,0.16767,0.05827,0.18650
1403715604511923200,-0.00203,0.02107,0.07582,0.07872,-0.05926,0.16732,0.06158,0.18788
1403715604561923584,-0.00204,0.02107,0.07582,0.07872,-0.05940,0.16750,0.06196,0.18821
1403715604611922944,-0.00204,0.02108,0.07582,0.07872,-0.06070,0.16792,0.06193,0.18899
1403715604661922816,-0.00204,0.02108,0.07582,0.07872,-0.06044,0.16806,0.06192,0.18902
1403715604711923200,-0.00204,0.02109,0.07582,0.07872,-0.06014,0.16789,0.06151,0.18865
1403715604761923584,-0.00204,0.02109,0.07582,0.07872,-0.05912,0.16771,0.06129,0.18809
1403715604811924480,-0.00204,0.02109,0.07581,0.07872,-0.05804,0.16776,0.06101,0.18771
1403715604861924608,-0.00204,0.02109,0.07581,0.07871,-0.05744,0.16753,0.06099,0.18731
1403715604911924736,-0.00203,0.02109,0.07580,0.07871,-0.05684,0.16709,0.06116,0.18679
1403715604961924864,-0.00203,0.02109,0.07580,0.07871,-0.05613,0.16711,0.06119,0.18660
1403715605011924992,-0.00203,0.02109,0.07580,0.07870,-0.05548,0.16736,0.06124,0.18665
1403715605061925376,-0.00203,0.02109,0.07580,0.07870,-0.05512,0.16786,0.06114,0.18696
1403715605111926016,-0.00203,0.02109,0.07580,0.07870,-0.05630,0.16894,0.06034,0.18802
1403715605161926144,-0.00203,0.02109,0.07579,0.07870,-0.05594,0.16962,0.06050,0.18858
1403715605211926784,-0.00204,0.02108,0.07580,0.07870,-0.05682,0.17085,0.05950,0.18963
1403715605261926912,-0.00204,0.02108,0.07580,0.07870,-0.05681,0.17164,0.05977,0.19042
1403715605311927040,-0.00204,0.02108,0.07580,0.07870,-0.05712,0.17219,0.05984,0.19103
1403715605361926912,-0.00204,0.02108,0.07580,0.07870,-0.05718,0.17239,0.06007,0.19131
1403715605411927296,-0.00203,0.02108,0.07580,0.07870,-0.05629,0.17280,0.06082,0.19164
1403715605461927424,-0.00203,0.02108,0.07580,0.07871,-0.05564,0.17315,0.06095,0.19181
1403715605511928320,-0.00203,0.02108,0.07581,0.07871,-0.05382,0.17318,0.06275,0.19190
1403715605561928704,-0.00203,0.02106,0.07581,0.07871,-0.05271,0.17307,0.06355,0.19175
1403715605611928832,-0.00202,0.02106,0.07582,0.07871,-0.05235,0.17335,0.06570,0.19264
1403715605661929216,-0.00202,0.02105,0.07582,0.07871,-0.05297,0.17295,0.06602,0.19255
1403715605711930624,-0.00201,0.02105,0.07581,0.07871,-0.05458,0.17181,0.06671,0.19222
1403715605761931264,-0.00201,0.02105,0.07581,0.07871,-0.05549,0.17130,0.06713,0.19217
1403715605811932672,-0.00201,0.02105,0.07582,0.07871,-0.05728,0.17076,0.06783,0.19246
1403715605861933568,-0.00200,0.02105,0.07582,0.07871,-0.05923,0.17079,0.06755,0.19298
1403715605911934208,-0.00199,0.02105,0.07582,0.07872,-0.06009,0.17137,0.06758,0.19377
1403715605961934336,-0.00199,0.02105,0.07582,0.07872,-0.05997,0.17184,0.06808,0.19432
1403715606011934464,-0.00198,0.02105,0.07583,0.07872,-0.05967,0.17280,0.06853,0.19523
1403715606061935104,-0.00198,0.02104,0.07584,0.07873,-0.05986,0.17389,0.06800,0.19607
1403715606111936000,-0.00197,0.02105,0.07586,0.07875,-0.06003,0.17659,0.06820,0.19859
1403715606161936640,-0.00197,0.02104,0.07587,0.07875,-0.05987,0.17787,0.06780,0.19954
1403715606211937280,-0.00194,0.02103,0.07588,0.07877,-0.06047,0.18269,0.07121,0.20519
1403715606261937408,-0.00195,0.02103,0.07589,0.07877,-0.06036,0.18385,0.07106,0.20614
1403715606311937536,-0.00195,0.02102,0.07590,0.07878,-0.05936,0.18471,0.07107,0.20662
1403715606361937152,-0.00195,0.02102,0.07590,0.07878,-0.05885,0.18472,0.07070,0.20635
1403715606411936512,-0.00193,0.02102,0.07590,0.07878,-0.05714,0.18466,0.07164,0.20615
1403715606461935872,-0.00191,0.02102,0.07589,0.07877,-0.05547,0.18431,0.07188,0.20546
1403715606511935488,-0.00188,0.02102,0.07588,0.07876,-0.05331,0.18341,0.07142,0.20392
1403715606561935616,-0.00186,0.02103,0.07587,0.07876,-0.05171,0.18293,0.07103,0.20294
1403715606611935488,-0.00184,0.02103,0.07587,0.07876,-0.04980,0.18256,0.07052,0.20195
1403715606661936384,-0.00182,0.02103,0.07587,0.07875,-0.04736,0.18202,0.06960,0.20054
1403715606711936768,-0.00181,0.02103,0.07587,0.07875,-0.04544,0.18137,0.06892,0.19927
1403715606761937152,-0.00180,0.02104,0.07586,0.07875,-0.04388,0.18072,0.06810,0.19805
1403715606811937280,-0.00179,0.02104,0.07586,0.07874,-0.04444,0.17988,0.06807,0.19739
1403715606861937152,-0.00178,0.02104,0.07586,0.07874,-0.04601,0.17967,0.06864,0.19777
1403715606911938048,-0.00178,0.02105,0.07584,0.07873,-0.04840,0.17821,0.07005,0.19751
1403715606961938176,-0.00177,0.02105,0.07584,0.07873,-0.04821,0.17768,0.07076,0.19724
1403715607011939584,-0.00177,0.02104,0.07584,0.07872,-0.04587,0.17702,0.07295,0.19688
1403715607061940992,-0.00177,0.02105,0.07583,0.07872,-0.04300,0.17679,0.07401,0.19642
1403715607111940864,-0.00178,0.02105,0.07583,0.07872,-0.03860,0.17695,0.07618,0.19648
1403715607161940224,-0.00178,0.02105,0.07583,0.07872,-0.03369,0.17776,0.07962,0.19767
1403715607211939840,-0.00179,0.02106,0.07583,0.07872,-0.03124,0.17747,0.08089,0.19752
1403715607261936640,-0.00179,0.02106,0.07582,0.07871,-0.02736,0.17691,0.08228,0.19701
1403715607311937536,-0.00179,0.02107,0.07580,0.07870,-0.02676,0.17651,0.08459,0.19755
1403715607361937664,-0.00180,0.02108,0.07580,0.07870,-0.02747,0.17672,0.08503,0.19802
1403715607411937792,-0.00180,0.02109,0.07580,0.07870,-0.02783,0.17718,0.08509,0.19851
1403715607461937664,-0.00180,0.02111,0.07581,0.07871,-0.02774,0.17852,0.08456,0.19947
1403715607511938304,-0.00179,0.02112,0.07581,0.07871,-0.02594,0.17909,0.08435,0.19966
1403715607561938432,-0.00179,0.02113,0.07581,0.07872,-0.02421,0.17922,0.08398,0.19939
1403715607611938048,-0.00179,0.02113,0.07580,0.07871,-0.02188,0.17879,0.08372,0.19863
1403715607661937920,-0.00180,0.02114,0.07580,0.07871,-0.02066,0.17699,0.08310,0.19661
1403715607711937792,-0.00180,0.02114,0.07578,0.07869,-0.01934,0.17384,0.08293,0.19357
1403715607761938944,-0.00180,0.02115,0.07576,0.07868,-0.01696,0.17087,0.08104,0.18987
1403715607811939328,-0.00181,0.02115,0.07576,0.07868,-0.01667,0.17011,0.08016,0.18878
1403715607861938944,-0.00182,0.02116,0.07576,0.07868,-0.01820,0.17003,0.07811,0.18799
1403715607911940352,-0.00182,0.02117,0.07576,0.07868,-0.01971,0.16993,0.07635,0.18733
1403715607961941760,-0.00182,0.02117,0.07576,0.07868,-0.02085,0.16975,0.07645,0.18734
1403715608011946496,-0.00184,0.02119,0.07577,0.07870,-0.02419,0.17013,0.07455,0.18731
1403715608061951744,-0.00182,0.02119,0.07579,0.07872,-0.02466,0.17452,0.07268,0.19065
1403715608111952896,-0.00181,0.02120,0.07581,0.07874,-0.02619,0.17794,0.07234,0.19386
1403715608161954304,-0.00181,0.02120,0.07582,0.07875,-0.02588,0.18048,0.07268,0.19628
1403715608211955712,-0.00180,0.02120,0.07583,0.07876,-0.02539,0.18211,0.07202,0.19747
1403715608261957632,-0.00180,0.02120,0.07583,0.07876,-0.02576,0.18373,0.07133,0.19877
1403715608311958016,-0.00180,0.02121,0.07584,0.07877,-0.02585,0.18409,0.07202,0.19936
1403715608361964288,-0.00178,0.02120,0.07584,0.07877,-0.02535,0.18430,0.07328,0.19995
1403715608411964672,-0.00178,0.02119,0.07584,0.07877,-0.02438,0.18453,0.07400,0.20030
1403715608461964544,-0.00179,0.02119,0.07584,0.07876,-0.02353,0.18333,0.07397,0.19908
1403715608511964672,-0.00179,0.02120,0.07583,0.07876,-0.02285,0.18212,0.07415,0.19796
1403715608561965056,-0.00180,0.02120,0.07584,0.07876,-0.02159,0.18221,0.07436,0.19798
1403715608611964928,-0.00180,0.02120,0.07584,0.07877,-0.01979,0.18271,0.07461,0.19835
1403715608661964800,-0.00181,0.02120,0.07585,0.07878,-0.01940,0.18265,0.07485,0.19834
1403715608711964928,-0.00182,0.02120,0.07586,0.07878,-0.01958,0.18239,0.07443,0.19796
1403715608761964800,-0.00182,0.02120,0.07586,0.07879,-0.01930,0.18246,0.07375,0.19774
1403715608811964672,-0.00183,0.02120,0.07587,0.07880,-0.01951,0.18285,0.07335,0.19797
1403715608861965056,-0.00183,0.02121,0.07588,0.07881,-0.01955,0.18362,0.07309,0.19860
1403715608911964928,-0.00184,0.02121,0.07590,0.07883,-0.01938,0.18412,0.07248,0.19882
1403715608961964800,-0.00184,0.02121,0.07590,0.07883,-0.01938,0.18401,0.07167,0.19843
1403715609011964672,-0.00185,0.02121,0.07591,0.07884,-0.01904,0.18373,0.07098,0.19788
1403715609061964800,-0.00185,0.02121,0.07592,0.07885,-0.01796,0.18380,0.07035,0.19762
1403715609111964672,-0.00186,0.02121,0.07593,0.07886,-0.01654,0.18404,0.06977,0.19751
1403715609161964544,-0.00187,0.02121,0.07594,0.07887,-0.01515,0.18384,0.06909,0.19698
1403715609211964672,-0.00187,0.02121,0.07595,0.07888,-0.01385,0.18370,0.06821,0.19644
1403715609261964544,-0.00188,0.02121,0.07596,0.07889,-0.01294,0.18373,0.06744,0.19615
1403715609311964672,-0.00189,0.02120,0.07597,0.07890,-0.01240,0.18400,0.06705,0.19623
